{"id":"AD","name":"Andorra","month":"2015-02","access_date":"2015-03-01","data":{"firefox":{"2":null,"3":0.007593,"3.5":null,"3.6":0.07593,"4":0.015186,"5":0.060744,"6":null,"7":0.007593,"8":null,"9":0.015186,"10":null,"11":0.022779,"12":0.015186,"13":0.007593,"14":null,"15":0.007593,"16":0.045558,"17":null,"18":null,"19":0.007593,"20":0.022779,"21":0.060744,"22":null,"23":null,"24":0.015186,"25":null,"26":0.098709,"27":0.007593,"28":0.015186,"29":0.045558,"30":0.053151,"31":0.144267,"32":0.136674,"33":0.189825,"34":0.197418,"35":12.050091,"36":0.516324,"37":0.022779,"38":null,"39":null},"chrome":{"4":null,"5":null,"6":null,"7":null,"8":null,"9":null,"10":null,"11":0.106302,"12":0.030372,"13":null,"14":null,"15":null,"16":null,"17":null,"18":null,"19":null,"20":null,"21":null,"22":0.045558,"23":null,"24":0.007593,"25":0.015186,"26":null,"27":0.022779,"28":0.030372,"29":0.053151,"30":null,"31":0.136674,"32":0.098709,"33":0.167046,"34":0.098709,"35":0.296127,"36":0.569475,"37":0.220197,"38":0.387243,"39":1.131357,"40":31.693182,"41":0.129081,"42":0.068337,"43":null},"opera":{"9":null,"9.5-9.6":null,"10.0-10.1":0,"10.5":null,"10.6":null,"11":null,"11.1":null,"11.5":null,"11.6":null,"12":null,"12.1":0.07593,"15":null,"16":null,"17":null,"18":null,"19":null,"20":null,"21":null,"22":null,"23":null,"24":null,"25":null,"26":0.015186,"27":0.630219,"28":0.015186,"29":null},"safari":{"3.1":null,"3.2":null,"4":0.030372,"5":0.410022,"5.1":0.888381,"6":0.113895,"6.1":0.508731,"7":0.645405,"7.1":1.685646,"8":2.824596},"android":{"2.1":0,"2.2":0,"2.3":0.110968730637,"3":0,"4":0.224273645077,"4.1":0.722464841044,"4.2-4.3":1.22299222081,"4.4":2.28478775923,"4.4.3-4.4.4":1.0524508032,"37":0},"ios_saf":{"3.2":0,"4.0-4.1":0,"4.2-4.3":0,"5.0-5.1":0.0461784363892,"6.0-6.1":0.141775901195,"7.0-7.1":1.79447783512,"8":0.38563045125,"8.1":5.70020137604},"op_mob":{"10":0,"11":0,"11.1":0,"11.5":0,"12":7.86936744847e-5,"12.1":0.000472162046908,"0":null},"ie":{"5.5":null,"6":null,"7":0.0837409808612,"8":1.71288369943,"9":1.37030695955,"10":1.27895316224,"11":13.0483673815,"0":null},"ie_mob":{"10":0.149508482456,"11":0.317449517544},"bb":{"7":0.00661925,"10":null},"and_uc":{"0":0.012035},"op_mini":{"5.0-8.0":0.0548101442786},"and_chr":{"0":10.183777},"and_ff":{"0":0.129978}},"total":99.0510194336}