{"id":"AE","name":"United Arab Emirates","month":"2015-02","access_date":"2015-03-01","data":{"firefox":{"2":null,"3":0.014607,"3.5":null,"3.6":0.029214,"4":0.009738,"5":null,"6":0.014607,"7":null,"8":null,"9":null,"10":0.009738,"11":0.019476,"12":0.024345,"13":0.004869,"14":0.009738,"15":0.004869,"16":0.019476,"17":0.004869,"18":0.009738,"19":0.009738,"20":0.004869,"21":0.009738,"22":0.009738,"23":0.009738,"24":0.009738,"25":0.014607,"26":0.019476,"27":0.014607,"28":0.009738,"29":0.024345,"30":0.038952,"31":0.073035,"32":0.063297,"33":0.058428,"34":0.107118,"35":3.55437,"36":0.525852,"37":0.019476,"38":null,"39":null},"chrome":{"4":0.014607,"5":0.004869,"6":0.009738,"7":0.014607,"8":0.009738,"9":0.004869,"10":0.024345,"11":0.058428,"12":0.034083,"13":0.019476,"14":0.029214,"15":0.014607,"16":0.024345,"17":null,"18":0.009738,"19":0.004869,"20":0.004869,"21":0.014607,"22":0.077904,"23":0.009738,"24":0.009738,"25":0.024345,"26":0.043821,"27":0.019476,"28":0.038952,"29":0.063297,"30":0.107118,"31":0.131463,"32":0.068166,"33":0.379782,"34":0.09738,"35":0.331092,"36":0.671922,"37":0.326223,"38":0.676791,"39":1.923255,"40":24.656616,"41":0.287271,"42":0.477162,"43":null},"opera":{"9":null,"9.5-9.6":null,"10.0-10.1":0,"10.5":null,"10.6":null,"11":null,"11.1":null,"11.5":null,"11.6":null,"12":null,"12.1":0.04869,"15":null,"16":null,"17":null,"18":null,"19":null,"20":null,"21":null,"22":null,"23":null,"24":null,"25":null,"26":0.014607,"27":0.696267,"28":null,"29":null},"safari":{"3.1":null,"3.2":null,"4":0.019476,"5":0.073035,"5.1":0.24345,"6":0.107118,"6.1":0.165546,"7":0.326223,"7.1":0.467424,"8":1.226988},"android":{"2.1":0,"2.2":0,"2.3":0.135505554631,"3":0,"4":0.273863857781,"4.1":0.882212479364,"4.2-4.3":1.49341384946,"4.4":2.78998805115,"4.4.3-4.4.4":1.28516320761,"37":0},"ios_saf":{"3.2":0,"4.0-4.1":0,"4.2-4.3":0,"5.0-5.1":0.0368263498343,"6.0-6.1":0.113063354754,"7.0-7.1":1.43105903304,"8":0.307532324932,"8.1":4.54579293744},"op_mob":{"10":0,"11":0,"11.1":0,"11.5":0,"12":0.00358112437811,"12.1":0.0214867462687,"0":null},"ie":{"5.5":null,"6":0.0247878803749,"7":0.0446181846748,"8":1.63104252867,"9":1.17990310584,"10":1.10058188864,"11":5.0121094118,"0":null},"ie_mob":{"10":0.179067399123,"11":0.380211600877},"bb":{"7":0.19112975,"10":null},"and_uc":{"0":23.074107},"op_mini":{"5.0-8.0":2.49425312935},"and_chr":{"0":10.447699},"and_ff":{"0":0.076965}},"total":98.01545375}