{"id":"AF","name":"Afghanistan","month":"2015-02","access_date":"2015-03-01","data":{"firefox":{"2":0.015087,"3":0.065377,"3.5":0.10058,"3.6":0.060348,"4":0.211218,"5":0.035203,"6":0.085493,"7":0.030174,"8":0.10058,"9":0.145841,"10":0.196131,"11":0.090522,"12":0.191102,"13":0.080464,"14":0.115667,"15":0.120696,"16":0.055319,"17":0.120696,"18":0.170986,"19":0.085493,"20":0.090522,"21":0.110638,"22":0.176015,"23":0.05029,"24":0.558219,"25":0.135783,"26":0.110638,"27":0.090522,"28":0.05029,"29":0.447581,"30":0.372146,"31":0.30174,"32":0.266537,"33":0.623596,"34":0.764408,"35":8.664967,"36":1.367888,"37":0.020116,"38":null,"39":null},"chrome":{"4":0.030174,"5":0.025145,"6":0.015087,"7":null,"8":0.020116,"9":0.010058,"10":0.025145,"11":0.125725,"12":0.070406,"13":0.010058,"14":0.040232,"15":0.060348,"16":0.035203,"17":0.010058,"18":0.025145,"19":0.035203,"20":0.025145,"21":0.040232,"22":0.035203,"23":0.020116,"24":0.030174,"25":0.085493,"26":0.030174,"27":0.045261,"28":0.055319,"29":0.055319,"30":0.186073,"31":0.206189,"32":0.040232,"33":0.256479,"34":0.125725,"35":0.176015,"36":0.759379,"37":0.130754,"38":0.286653,"39":0.990713,"40":15.092029,"41":0.15087,"42":0.306769,"43":null},"opera":{"9":null,"9.5-9.6":null,"10.0-10.1":0,"10.5":null,"10.6":0.005029,"11":0.015087,"11.1":0.020116,"11.5":0.010058,"11.6":0.045261,"12":0.025145,"12.1":0.170986,"15":0.020116,"16":0.015087,"17":0.015087,"18":0.015087,"19":0.005029,"20":0.030174,"21":0.035203,"22":0.025145,"23":0.005029,"24":0.035203,"25":0.020116,"26":0.120696,"27":1.061119,"28":null,"29":0.005029},"safari":{"3.1":null,"3.2":null,"4":0.05029,"5":0.025145,"5.1":0.075435,"6":0.135783,"6.1":0.055319,"7":0.110638,"7.1":0.266537,"8":0.507929},"android":{"2.1":0,"2.2":0,"2.3":0.236834377794,"3":0,"4":0.478654742489,"4.1":1.54191644911,"4.2-4.3":2.61016414263,"4.4":4.8762951891,"4.4.3-4.4.4":2.24618709887,"37":0},"ios_saf":{"3.2":0,"4.0-4.1":0,"4.2-4.3":0,"5.0-5.1":0.0298454667135,"6.0-6.1":0.0916308188573,"7.0-7.1":1.15978436439,"8":0.249235827292,"8.1":3.68408252274},"op_mob":{"10":0,"11":0,"11.1":0,"11.5":0,"12":0.0118286481876,"12.1":0.0709718891258,"0":null},"ie":{"5.5":null,"6":0.101408822104,"7":0.106479263209,"8":2.07888085313,"9":1.24225807077,"10":1.45521659719,"11":5.46593551139,"0":null},"ie_mob":{"10":0.0970871184211,"11":0.206143881579},"bb":{"7":0.01615575,"10":null},"and_uc":{"0":6.059649},"op_mini":{"5.0-8.0":8.23865346269},"and_chr":{"0":10.96939},"and_ff":{"0":0.372825}},"total":92.5716848678}