{"id":"AG","name":"Antigua and Barbuda","month":"2015-02","access_date":"2015-03-01","data":{"firefox":{"2":null,"3":0.097175,"3.5":0.007475,"3.6":0.04485,"4":0.01495,"5":0.007475,"6":null,"7":null,"8":0.007475,"9":null,"10":0.007475,"11":0.04485,"12":0.01495,"13":0.007475,"14":0.127075,"15":0.022425,"16":0.07475,"17":0.022425,"18":0.022425,"19":0.01495,"20":0.0299,"21":0.366275,"22":0.022425,"23":0.04485,"24":0.0299,"25":0.01495,"26":0.007475,"27":null,"28":null,"29":0.022425,"30":0.1196,"31":0.0598,"32":0.082225,"33":0.067275,"34":0.112125,"35":7.631975,"36":0.710125,"37":0.01495,"38":0.01495,"39":null},"chrome":{"4":0.007475,"5":null,"6":null,"7":null,"8":null,"9":null,"10":null,"11":0.052325,"12":null,"13":null,"14":null,"15":null,"16":null,"17":null,"18":0.04485,"19":0.007475,"20":null,"21":0.022425,"22":0.082225,"23":null,"24":0.082225,"25":0.007475,"26":0.052325,"27":0.142025,"28":0.0598,"29":0.306475,"30":0.052325,"31":0.3887,"32":0.07475,"33":0.261625,"34":0.1495,"35":0.216775,"36":1.42025,"37":0.1794,"38":0.49335,"39":1.45015,"40":32.194825,"41":0.411125,"42":0.22425,"43":null},"opera":{"9":null,"9.5-9.6":0.01495,"10.0-10.1":0,"10.5":null,"10.6":null,"11":0.01495,"11.1":0.0299,"11.5":0.0897,"11.6":0.022425,"12":0.052325,"12.1":0.231725,"15":null,"16":null,"17":null,"18":null,"19":null,"20":null,"21":null,"22":null,"23":null,"24":null,"25":null,"26":0.007475,"27":0.64285,"28":0.01495,"29":null},"safari":{"3.1":null,"3.2":0.007475,"4":0.1196,"5":0.156975,"5.1":0.411125,"6":0.0897,"6.1":0.396175,"7":0.500825,"7.1":1.248325,"8":2.46675},"android":{"2.1":0,"2.2":0,"2.3":0.183241657137,"3":0,"4":0.370341033371,"4.1":1.19299963094,"4.2-4.3":2.0195159476,"4.4":3.77284927747,"4.4.3-4.4.4":1.73790245348,"37":0},"ios_saf":{"3.2":0,"4.0-4.1":0,"4.2-4.3":0,"5.0-5.1":0.0257963776484,"6.0-6.1":0.0791994050607,"7.0-7.1":1.00243818405,"8":0.215422381765,"8.1":3.18426865147},"op_mob":{"10":0,"11":0,"11.1":0,"11.5":0,"12":0.000778855721393,"12.1":0.00467313432836,"0":null},"ie":{"5.5":null,"6":0.0495305426716,"7":0.0577856331169,"8":3.07089364564,"9":1.60974263683,"10":1.9151809833,"11":11.0948415584,"0":null},"ie_mob":{"10":0.240916008772,"11":0.511533991228},"bb":{"7":0.19000625,"10":null},"and_uc":{"0":0.3434},"op_mini":{"5.0-8.0":0.54247300995},"and_chr":{"0":9.48815},"and_ff":{"0":0.10605}},"total":97.80168125}