{"id":"AI","name":"Anguilla","month":"2015-02","access_date":"2015-03-01","data":{"firefox":{"2":null,"3":null,"3.5":null,"3.6":null,"4":0.024165,"5":null,"6":null,"7":null,"8":null,"9":null,"10":null,"11":null,"12":null,"13":null,"14":null,"15":0.008055,"16":0.104715,"17":null,"18":null,"19":null,"20":null,"21":0.008055,"22":null,"23":0.008055,"24":0.008055,"25":null,"26":null,"27":0.040275,"28":null,"29":0.01611,"30":0.024165,"31":0.120825,"32":0.153045,"33":0.14499,"34":0.08055,"35":10.27818,"36":0.72495,"37":0.008055,"38":null,"39":null},"chrome":{"4":null,"5":0.01611,"6":null,"7":null,"8":null,"9":null,"10":null,"11":0.04833,"12":0.024165,"13":null,"14":null,"15":null,"16":null,"17":null,"18":0.024165,"19":null,"20":0.01611,"21":null,"22":0.01611,"23":0.01611,"24":null,"25":0.01611,"26":0.04833,"27":0.040275,"28":null,"29":null,"30":0.01611,"31":0.233595,"32":0.03222,"33":0.04833,"34":0.330255,"35":0.08055,"36":1.715715,"37":0.06444,"38":2.28762,"39":1.22436,"40":30.278745,"41":0.90216,"42":1.03104,"43":null},"opera":{"9":null,"9.5-9.6":null,"10.0-10.1":0,"10.5":null,"10.6":null,"11":null,"11.1":null,"11.5":null,"11.6":null,"12":null,"12.1":0.01611,"15":null,"16":null,"17":null,"18":null,"19":null,"20":null,"21":null,"22":null,"23":null,"24":null,"25":null,"26":null,"27":0.298035,"28":null,"29":null},"safari":{"3.1":null,"3.2":null,"4":0,"5":0.20943,"5.1":0.4833,"6":0.12888,"6.1":2.77092,"7":0.894105,"7.1":1.40157,"8":2.94813},"android":{"2.1":0,"2.2":0,"2.3":0.0987746179437,"3":0,"4":0.199628701528,"4.1":0.643074749454,"4.2-4.3":1.08860026302,"4.4":2.03371739682,"4.4.3-4.4.4":0.936799271234,"37":0},"ios_saf":{"3.2":0,"4.0-4.1":0,"4.2-4.3":0,"5.0-5.1":0.0326394397028,"6.0-6.1":0.100208806105,"7.0-7.1":1.26835717442,"8":0.272567952606,"8.1":4.02896662717},"op_mob":{"10":0,"11":0,"11.1":0,"11.5":0,"12":0.000212885572139,"12.1":0.00127731343284,"0":null},"ie":{"5.5":null,"6":null,"7":0.056385,"8":0.475245,"9":0.56385,"10":1.46601,"11":17.41491,"0":null},"ie_mob":{"10":0.0871837719298,"11":0.18511622807},"bb":{"7":0.21735375,"10":null},"and_uc":{"0":0.091415},"op_mini":{"5.0-8.0":0.148274800995},"and_chr":{"0":7.47813},"and_ff":{"0":0.15171}},"total":98.45408875}