{"id":"AL","name":"Albania","month":"2015-02","access_date":"2015-03-01","data":{"firefox":{"2":0.007146,"3":0.03573,"3.5":0.021438,"3.6":0.085752,"4":0.03573,"5":0.007146,"6":0.028584,"7":0.021438,"8":0.014292,"9":0.028584,"10":0.057168,"11":0.03573,"12":0.10719,"13":0.028584,"14":0.050022,"15":0.03573,"16":0.03573,"17":0.021438,"18":0.03573,"19":0.028584,"20":0.07146,"21":0.050022,"22":0.042876,"23":0.028584,"24":0.064314,"25":0.057168,"26":0.078606,"27":0.07146,"28":0.042876,"29":0.100044,"30":0.135774,"31":0.328716,"32":0.350154,"33":0.221526,"34":0.32157,"35":10.304532,"36":0.814644,"37":0.028584,"38":null,"39":null},"chrome":{"4":0.014292,"5":0.050022,"6":0.028584,"7":0.014292,"8":0.03573,"9":0.03573,"10":0.085752,"11":0.085752,"12":0.057168,"13":0.028584,"14":0.042876,"15":0.014292,"16":0.050022,"17":0.014292,"18":0.014292,"19":null,"20":null,"21":0.021438,"22":0.085752,"23":0.021438,"24":0.03573,"25":0.014292,"26":0.057168,"27":0.064314,"28":0.092898,"29":0.07146,"30":0.150066,"31":0.150066,"32":0.085752,"33":0.292986,"34":0.207234,"35":0.292986,"36":0.650286,"37":0.521658,"38":0.364446,"39":1.700748,"40":44.791128,"41":0.235818,"42":0.25011,"43":null},"opera":{"9":null,"9.5-9.6":null,"10.0-10.1":0,"10.5":null,"10.6":null,"11":null,"11.1":null,"11.5":null,"11.6":null,"12":null,"12.1":0.078606,"15":null,"16":null,"17":null,"18":null,"19":null,"20":0.007146,"21":0.007146,"22":null,"23":null,"24":null,"25":0.007146,"26":0.03573,"27":0.743184,"28":0.014292,"29":null},"safari":{"3.1":null,"3.2":null,"4":0.021438,"5":0.03573,"5.1":0.10719,"6":0.028584,"6.1":0.064314,"7":0.100044,"7.1":0.10719,"8":0.364446},"android":{"2.1":0,"2.2":0,"2.3":0.127066643102,"3":0,"4":0.256808373428,"4.1":0.827270723776,"4.2-4.3":1.40040816135,"4.4":2.61623530429,"4.4.3-4.4.4":1.20512679405,"37":0},"ios_saf":{"3.2":0,"4.0-4.1":0,"4.2-4.3":0,"5.0-5.1":0.0430257909429,"6.0-6.1":0.132096726579,"7.0-7.1":1.67196713927,"8":0.359303096295,"8.1":5.31104324691},"op_mob":{"10":0,"11":0,"11.1":0,"11.5":0,"12":0.00293716560057,"12.1":0.0176229936034,"0":null},"ie":{"5.5":null,"6":0.0290099205298,"7":0.0580198410596,"8":0.913812496689,"9":0.623713291391,"10":0.369876486755,"11":2.38606596358,"0":null},"ie_mob":{"10":0.34906422807,"11":0.74116377193},"bb":{"7":0.092755,"10":null},"and_uc":{"0":0.325356},"op_mini":{"5.0-8.0":2.0457358408},"and_chr":{"0":9.805566},"and_ff":{"0":0.125576}},"total":98.122923}