{"id":"sa","name":"South America","month":"2015-02","access_date":"2015-03-01","data":{"firefox":{"2":0.007786,"3":0.031144,"3.5":0.015572,"3.6":0.093432,"4":0.015572,"5":0.007786,"6":0.007786,"7":0.007786,"8":0.085646,"9":0.007786,"10":0.015572,"11":0.015572,"12":0.046716,"13":0.015572,"14":0.023358,"15":0.031144,"16":0.031144,"17":0.023358,"18":0.015572,"19":0.015572,"20":0.031144,"21":0.023358,"22":0.023358,"23":0.031144,"24":0.031144,"25":0.031144,"26":0.031144,"27":0.03893,"28":0.031144,"29":0.054502,"30":0.085646,"31":0.19465,"32":0.132362,"33":0.147934,"34":0.218008,"35":7.544634,"36":0.474946,"37":0.015572,"38":null,"39":null},"chrome":{"4":null,"5":0.007786,"6":0.015572,"7":null,"8":null,"9":null,"10":0.007786,"11":0.046716,"12":0.023358,"13":0.015572,"14":0.007786,"15":null,"16":null,"17":null,"18":0.046716,"19":null,"20":0.015572,"21":0.015572,"22":0.101218,"23":0.015572,"24":0.015572,"25":0.03893,"26":0.062288,"27":0.054502,"28":0.03893,"29":0.062288,"30":0.046716,"31":0.218008,"32":0.101218,"33":0.498304,"34":0.27251,"35":0.513876,"36":0.910962,"37":0.692954,"38":0.965464,"39":2.64724,"40":45.291162,"41":0.319226,"42":0.179078,"43":null},"opera":{"9":null,"9.5-9.6":null,"10.0-10.1":0,"10.5":null,"10.6":null,"11":null,"11.1":null,"11.5":null,"11.6":null,"12":null,"12.1":0.054502,"15":null,"16":null,"17":null,"18":null,"19":null,"20":0.007786,"21":null,"22":null,"23":null,"24":0.007786,"25":0.015572,"26":0.023358,"27":0.576164,"28":0.007786,"29":null},"safari":{"3.1":null,"3.2":null,"4":0.023358,"5":0.03893,"5.1":0.109004,"6":0.031144,"6.1":0.07786,"7":0.11679,"7.1":0.186864,"8":0.46716},"android":{"2.1":0,"2.2":0,"2.3":0.113659979208,"3":0,"4":0.229712800083,"4.1":0.739986285685,"4.2-4.3":1.25265261295,"4.4":2.34019915085,"4.4.3-4.4.4":1.07797517122,"37":0},"ios_saf":{"3.2":0,"4.0-4.1":0,"4.2-4.3":0,"5.0-5.1":0.0116199985942,"6.0-6.1":0.0356754342806,"7.0-7.1":0.45154906818,"8":0.0970371812431,"8.1":1.4343563177},"op_mob":{"10":0,"11":0,"11.1":0,"11.5":0,"12":0.00151376545842,"12.1":0.00908259275053,"0":null},"ie":{"5.5":null,"6":0.0557852387181,"7":0.0796931981687,"8":2.53424370177,"9":1.31493776978,"10":1.23524457162,"11":6.95721620013,"0":null},"ie_mob":{"10":0.343092315789,"11":0.728483684211},"bb":{"7":0.05535,"10":null},"and_uc":{"0":0.394092},"op_mini":{"5.0-8.0":1.05433764179},"and_chr":{"0":11.211702},"and_ff":{"0":0.117342}},"total":98.5236986802}