{"id":"as","name":"Asia","month":"2015-02","access_date":"2015-03-01","data":{"firefox":{"2":null,"3":0.038766,"3.5":0.011076,"3.6":0.060918,"4":0.02769,"5":0.016614,"6":0.016614,"7":0.011076,"8":0.099684,"9":0.022152,"10":0.02769,"11":0.044304,"12":0.066456,"13":0.02769,"14":0.033228,"15":0.033228,"16":0.044304,"17":0.033228,"18":0.033228,"19":0.02769,"20":0.033228,"21":0.033228,"22":0.02769,"23":0.033228,"24":0.038766,"25":0.044304,"26":0.044304,"27":0.044304,"28":0.044304,"29":0.088608,"30":0.11076,"31":0.188292,"32":0.160602,"33":0.177216,"34":0.243672,"35":4.950972,"36":0.742092,"37":0.02769,"38":null,"39":null},"chrome":{"4":0.022152,"5":0.022152,"6":0.022152,"7":0.016614,"8":0.016614,"9":0.011076,"10":0.033228,"11":0.094146,"12":0.05538,"13":0.033228,"14":0.033228,"15":0.038766,"16":0.02769,"17":0.022152,"18":0.033228,"19":0.011076,"20":0.016614,"21":0.060918,"22":0.099684,"23":0.02769,"24":0.02769,"25":0.038766,"26":0.066456,"27":0.060918,"28":0.05538,"29":0.060918,"30":0.238134,"31":1.594944,"32":0.08307,"33":0.38766,"34":0.177216,"35":0.315666,"36":0.44304,"37":0.437502,"38":0.875004,"39":2.07675,"40":24.998532,"41":0.177216,"42":0.260286,"43":null},"opera":{"9":null,"9.5-9.6":null,"10.0-10.1":0.005538,"10.5":null,"10.6":null,"11":null,"11.1":null,"11.5":null,"11.6":0.011076,"12":0.011076,"12.1":0.094146,"15":null,"16":null,"17":null,"18":0.005538,"19":null,"20":0.011076,"21":null,"22":null,"23":null,"24":0.005538,"25":0.011076,"26":0.033228,"27":0.515034,"28":0.005538,"29":null},"safari":{"3.1":null,"3.2":null,"4":0.02769,"5":0.038766,"5.1":0.105222,"6":0.033228,"6.1":0.060918,"7":0.105222,"7.1":0.13845,"8":0.35997},"android":{"2.1":0,"2.2":0,"2.3":0.181824528537,"3":0,"4":0.367476941886,"4.1":1.1837733779,"4.2-4.3":2.00389769872,"4.4":3.74367134546,"4.4.3-4.4.4":1.7244621075,"37":0},"ios_saf":{"3.2":0,"4.0-4.1":0,"4.2-4.3":0,"5.0-5.1":0.0264830161663,"6.0-6.1":0.0813075057737,"7.0-7.1":1.02912071594,"8":0.221156415704,"8.1":3.26902634642},"op_mob":{"10":0,"11":0,"11.1":0,"11.5":0,"12":0.00793455863539,"12.1":0.0476073518124,"0":null},"ie":{"5.5":null,"6":0.152408350877,"7":0.105513473684,"8":2.83127821053,"9":1.57684024561,"10":1.19581936842,"11":5.14085091228,"0":null},"ie_mob":{"10":0.220007912281,"11":0.467140087719},"bb":{"7":0.091471,"10":null},"and_uc":{"0":9.539756},"op_mini":{"5.0-8.0":5.52642008955},"and_chr":{"0":11.777438},"and_ff":{"0":0.129398}},"total":95.0022455614}