{"id":"eu","name":"Europe","month":"2015-02","access_date":"2015-03-01","data":{"firefox":{"2":0.007784,"3":0.023352,"3.5":0.015568,"3.6":0.093408,"4":0.015568,"5":0.007784,"6":0.007784,"7":0.007784,"8":0.007784,"9":0.015568,"10":0.031136,"11":0.023352,"12":0.054488,"13":0.015568,"14":0.015568,"15":0.023352,"16":0.054488,"17":0.03892,"18":0.023352,"19":0.023352,"20":0.03892,"21":0.03892,"22":0.023352,"23":0.031136,"24":0.07784,"25":0.054488,"26":0.054488,"27":0.124544,"28":0.054488,"29":0.062272,"30":0.101192,"31":0.521528,"32":0.295792,"33":0.202384,"34":0.435904,"35":15.949416,"36":0.93408,"37":0.023352,"38":0.007784,"39":null},"chrome":{"4":0.015568,"5":null,"6":null,"7":null,"8":null,"9":null,"10":null,"11":0.085624,"12":0.015568,"13":null,"14":null,"15":null,"16":0.007784,"17":0.007784,"18":0.031136,"19":null,"20":0.007784,"21":0.031136,"22":0.085624,"23":0.031136,"24":0.031136,"25":0.023352,"26":0.054488,"27":0.03892,"28":0.046704,"29":0.046704,"30":0.046704,"31":0.27244,"32":0.085624,"33":0.179032,"34":0.1946,"35":0.35028,"36":0.576016,"37":0.70056,"38":0.54488,"39":1.759184,"40":31.104864,"41":0.171248,"42":0.132328,"43":null},"opera":{"9":null,"9.5-9.6":null,"10.0-10.1":0,"10.5":null,"10.6":null,"11":null,"11.1":null,"11.5":0.007784,"11.6":0.023352,"12":0.03892,"12.1":0.614936,"15":null,"16":0.007784,"17":null,"18":0.023352,"19":0.007784,"20":0.023352,"21":0.007784,"22":0.007784,"23":null,"24":0.015568,"25":0.023352,"26":0.046704,"27":1.47896,"28":0.023352,"29":null},"safari":{"3.1":null,"3.2":null,"4":0.054488,"5":0.147896,"5.1":0.50596,"6":0.093408,"6.1":0.31136,"7":0.404768,"7.1":0.755048,"8":1.977136},"android":{"2.1":0,"2.2":0,"2.3":0.0935838985342,"3":0,"4":0.189137984406,"4.1":0.609280434141,"4.2-4.3":1.03139307121,"4.4":1.92684321613,"4.4.3-4.4.4":0.887569395571,"37":0},"ios_saf":{"3.2":0,"4.0-4.1":0,"4.2-4.3":0,"5.0-5.1":0.0379735041671,"6.0-6.1":0.116585319811,"7.0-7.1":1.4756370479,"8":0.317112069887,"8.1":4.68739605824},"op_mob":{"10":0,"11":0,"11.1":0,"11.5":0,"12":0.00081584079602,"12.1":0.00489504477612,"0":null},"ie":{"5.5":null,"6":0.0473598782914,"7":0.11050638268,"8":1.6733823663,"9":1.47604954008,"10":1.07349057461,"11":9.100989945,"0":null},"ie_mob":{"10":0.251166105263,"11":0.533297894737},"bb":{"7":0.054846,"10":null},"and_uc":{"0":0.170632},"op_mini":{"5.0-8.0":0.568233114428},"and_chr":{"0":8.919496},"and_ff":{"0":0.139608}},"total":98.314160687}