{"id":"na","name":"North America","month":"2015-02","access_date":"2015-03-01","data":{"firefox":{"2":null,"3":0.056664,"3.5":0.007083,"3.6":0.134577,"4":0.007083,"5":null,"6":0.049581,"7":null,"8":null,"9":0.007083,"10":0.014166,"11":0.021249,"12":0.028332,"13":0.007083,"14":0.014166,"15":0.014166,"16":0.042498,"17":0.021249,"18":0.014166,"19":0.014166,"20":0.021249,"21":0.063747,"22":0.021249,"23":0.021249,"24":0.077913,"25":0.021249,"26":0.042498,"27":0.297486,"28":0.042498,"29":0.056664,"30":0.063747,"31":0.814545,"32":0.481644,"33":0.127494,"34":0.339984,"35":8.032122,"36":0.474561,"37":0.014166,"38":null,"39":null},"chrome":{"4":0.014166,"5":0.014166,"6":null,"7":null,"8":null,"9":0.007083,"10":0.042498,"11":0.077913,"12":0.021249,"13":0.021249,"14":0.028332,"15":0.014166,"16":null,"17":0.007083,"18":0.028332,"19":null,"20":0.007083,"21":0.162909,"22":0.042498,"23":0.007083,"24":0.028332,"25":0.014166,"26":0.021249,"27":0.056664,"28":0.042498,"29":0.14166,"30":0.035415,"31":0.205407,"32":0.077913,"33":0.127494,"34":0.233739,"35":0.446229,"36":1.041201,"37":1.600758,"38":0.460395,"39":1.820331,"40":22.998501,"41":0.169992,"42":0.092079,"43":null},"opera":{"9":null,"9.5-9.6":0.007083,"10.0-10.1":0.035415,"10.5":null,"10.6":null,"11":null,"11.1":0.014166,"11.5":0.014166,"11.6":null,"12":0.007083,"12.1":0.092079,"15":null,"16":null,"17":null,"18":null,"19":null,"20":null,"21":null,"22":null,"23":null,"24":null,"25":0.007083,"26":0.014166,"27":0.219573,"28":null,"29":null},"safari":{"3.1":null,"3.2":null,"4":0.120411,"5":0.198324,"5.1":0.701217,"6":0.134577,"6.1":0.56664,"7":0.757881,"7.1":1.20411,"8":2.372805},"android":{"2.1":0,"2.2":0,"2.3":0.075364678241,"3":0,"4":0.152315981287,"4.1":0.490663720969,"4.2-4.3":0.830598085456,"4.4":1.55171905936,"4.4.3-4.4.4":0.714774474686,"37":0},"ios_saf":{"3.2":0,"4.0-4.1":0,"4.2-4.3":0,"5.0-5.1":0.0768487003715,"6.0-6.1":0.235938992369,"7.0-7.1":2.98631353198,"8":0.641754059243,"8.1":9.48609571604},"op_mob":{"10":0,"11":0,"11.1":0,"11.5":0,"12":0.000431226723525,"12.1":0.00258736034115,"0":null},"ie":{"5.5":null,"6":0.0958906862812,"7":0.184405165925,"8":4.52899087513,"9":2.7291964557,"10":2.20548578447,"11":11.7945544126,"0":null},"ie_mob":{"10":0.171847122807,"11":0.364880877193},"bb":{"7":0.0597985,"10":null},"and_uc":{"0":0.227526},"op_mini":{"5.0-8.0":0.300349412935},"and_chr":{"0":10.64116},"and_ff":{"0":0.119597}},"total":98.7130768801}