{"id":"af","name":"Africa","month":"2015-02","access_date":"2015-03-01","data":{"firefox":{"2":0.311064,"3":0.083748,"3.5":0.041874,"3.6":0.161514,"4":0.05982,"5":0.02991,"6":0.02991,"7":0.02991,"8":0.041874,"9":0.035892,"10":0.071784,"11":0.083748,"12":0.167496,"13":0.095712,"14":0.071784,"15":0.376866,"16":0.095712,"17":0.053838,"18":0.352938,"19":0.071784,"20":0.065802,"21":0.370884,"22":0.053838,"23":0.370884,"24":0.071784,"25":0.65802,"26":0.095712,"27":0.08973,"28":0.071784,"29":0.20937,"30":0.293118,"31":0.323028,"32":0.323028,"33":0.412758,"34":0.514452,"35":10.330914,"36":1.292112,"37":0.047856,"38":0.005982,"39":null},"chrome":{"4":0.02991,"5":0.041874,"6":0.035892,"7":0.023928,"8":0.023928,"9":0.023928,"10":0.053838,"11":0.083748,"12":0.05982,"13":0.035892,"14":0.035892,"15":0.047856,"16":0.035892,"17":0.017946,"18":0.035892,"19":0.305082,"20":0.011964,"21":0.023928,"22":0.053838,"23":0.02991,"24":0.92721,"25":0.041874,"26":0.077766,"27":0.053838,"28":0.053838,"29":0.071784,"30":0.41874,"31":0.185442,"32":0.071784,"33":0.729804,"34":0.113658,"35":0.795606,"36":0.65802,"37":0.376866,"38":0.532398,"39":2.177448,"40":20.69772,"41":0.203388,"42":0.14955,"43":null},"opera":{"9":null,"9.5-9.6":null,"10.0-10.1":0.2991,"10.5":null,"10.6":null,"11":null,"11.1":null,"11.5":0.011964,"11.6":0.023928,"12":0.017946,"12.1":0.11964,"15":0.011964,"16":0.005982,"17":0.005982,"18":0.011964,"19":0.011964,"20":0.017946,"21":0.011964,"22":0.011964,"23":null,"24":0.005982,"25":0.011964,"26":0.05982,"27":0.873372,"28":0.011964,"29":null},"safari":{"3.1":null,"3.2":null,"4":0.023928,"5":0.340974,"5.1":0.107676,"6":0.035892,"6.1":0.05982,"7":0.113658,"7.1":0.131604,"8":0.317046},"android":{"2.1":0,"2.2":0,"2.3":0.131588560141,"3":0,"4":0.265947405759,"4.1":0.856710783657,"4.2-4.3":1.45024444703,"4.4":2.70933919617,"4.4.3-4.4.4":1.24801360724,"37":0},"ios_saf":{"3.2":0,"4.0-4.1":0,"4.2-4.3":0,"5.0-5.1":0.0116824187167,"6.0-6.1":0.0358670750075,"7.0-7.1":0.453974692238,"8":0.0975584440205,"8.1":1.44206137002},"op_mob":{"10":0,"11":0,"11.1":0,"11.5":0,"12":0.021971920398,"12.1":0.131831522388,"0":null},"ie":{"5.5":null,"6":0.0737142383721,"7":0.0859999447674,"8":2.20528429797,"9":1.41285623547,"10":1.48042762064,"11":3.18814080959,"0":null},"ie_mob":{"10":0.289454605263,"11":0.614595394737},"bb":{"7":0.4831645,"10":null},"and_uc":{"0":2.173738},"op_mini":{"5.0-8.0":15.3034425572},"and_chr":{"0":7.5915},"and_ff":{"0":0.164738}},"total":93.7957816468}