{"id":"oc","name":"Oceania","month":"2015-02","access_date":"2015-03-01","data":{"firefox":{"2":null,"3":0.007348,"3.5":null,"3.6":0.044088,"4":0.007348,"5":null,"6":0.07348,"7":null,"8":null,"9":null,"10":0.014696,"11":0.022044,"12":0.029392,"13":0.007348,"14":0.007348,"15":0.014696,"16":0.03674,"17":0.022044,"18":0.014696,"19":0.014696,"20":0.022044,"21":0.022044,"22":0.014696,"23":0.014696,"24":0.066132,"25":0.022044,"26":0.03674,"27":0.051436,"28":0.03674,"29":0.066132,"30":0.095524,"31":0.213092,"32":0.139612,"33":0.161656,"34":0.264528,"35":9.25848,"36":0.521708,"37":0.014696,"38":0.014696,"39":null},"chrome":{"4":null,"5":null,"6":null,"7":null,"8":null,"9":null,"10":null,"11":0.058784,"12":0.007348,"13":null,"14":null,"15":null,"16":null,"17":null,"18":0.03674,"19":null,"20":0.007348,"21":0.029392,"22":0.03674,"23":0.022044,"24":0.014696,"25":0.022044,"26":0.058784,"27":0.205744,"28":0.03674,"29":0.044088,"30":0.080828,"31":0.529056,"32":0.161656,"33":0.323312,"34":0.25718,"35":0.484968,"36":0.448228,"37":0.639276,"38":0.756844,"39":2.197052,"40":27.51826,"41":0.1837,"42":0.088176,"43":null},"opera":{"9":null,"9.5-9.6":null,"10.0-10.1":0,"10.5":null,"10.6":null,"11":null,"11.1":null,"11.5":null,"11.6":null,"12":null,"12.1":0.095524,"15":null,"16":null,"17":null,"18":null,"19":null,"20":null,"21":null,"22":null,"23":null,"24":0.007348,"25":0.051436,"26":0.007348,"27":0.249832,"28":null,"29":null},"safari":{"3.1":null,"3.2":null,"4":0.044088,"5":0.213092,"5.1":0.889108,"6":0.25718,"6.1":0.653972,"7":0.9185,"7.1":1.535732,"8":3.350688},"android":{"2.1":0,"2.2":0,"2.3":0.0688847281422,"3":0,"4":0.139219661087,"4.1":0.448475835326,"4.2-4.3":0.759182214367,"4.4":1.41830029733,"4.4.3-4.4.4":0.653317263749,"37":0},"ios_saf":{"3.2":0,"4.0-4.1":0,"4.2-4.3":0,"5.0-5.1":0.0804922875791,"6.0-6.1":0.247125444322,"7.0-7.1":3.12790205241,"8":0.672181208555,"8.1":9.93585500713},"op_mob":{"10":0,"11":0,"11.1":0,"11.5":0,"12":0.000218643923241,"12.1":0.00131186353945,"0":null},"ie":{"5.5":null,"6":0.0296177267583,"7":0.0962576119644,"8":1.75485031043,"9":2.0584320097,"10":1.64378383508,"11":12.7356225061,"0":null},"ie_mob":{"10":0.153688052632,"11":0.326323947368},"bb":{"7":0.009282,"10":null},"and_uc":{"0":0.34476},"op_mini":{"5.0-8.0":0.152285492537},"and_chr":{"0":7.837204},"and_ff":{"0":0.116688}},"total":98.686798}