{"id":"ww","name":"Worldwide","month":"2015-02","access_date":"2015-03-01","data":{"firefox":{"2":0.013404,"3":0.040212,"3.5":0.013404,"3.6":0.093828,"4":0.020106,"5":0.013404,"6":0.020106,"7":0.013404,"8":0.046914,"9":0.013404,"10":0.026808,"11":0.03351,"12":0.053616,"13":0.020106,"14":0.026808,"15":0.03351,"16":0.046914,"17":0.03351,"18":0.03351,"19":0.026808,"20":0.03351,"21":0.053616,"22":0.026808,"23":0.040212,"24":0.060318,"25":0.060318,"26":0.046914,"27":0.127338,"28":0.046914,"29":0.073722,"30":0.10053,"31":0.455736,"32":0.281484,"33":0.174252,"34":0.321696,"35":8.933766,"36":0.717114,"37":0.020106,"38":null,"39":null},"chrome":{"4":0.013404,"5":0.013404,"6":0.013404,"7":0.006702,"8":0.013404,"9":0.006702,"10":0.026808,"11":0.080424,"12":0.03351,"13":0.020106,"14":0.020106,"15":0.020106,"16":0.013404,"17":0.013404,"18":0.03351,"19":0.013404,"20":0.013404,"21":0.073722,"22":0.080424,"23":0.020106,"24":0.053616,"25":0.026808,"26":0.053616,"27":0.053616,"28":0.046914,"29":0.080424,"30":0.127338,"31":0.750624,"32":0.080424,"33":0.288186,"34":0.227868,"35":0.388716,"36":0.6702,"37":0.817644,"38":0.683604,"39":1.970388,"40":27.37767,"41":0.187656,"42":0.174252,"43":null},"opera":{"9":null,"9.5-9.6":null,"10.0-10.1":0.020106,"10.5":null,"10.6":null,"11":null,"11.1":null,"11.5":0.006702,"11.6":0.013404,"12":0.013404,"12.1":0.227868,"15":null,"16":null,"17":null,"18":0.006702,"19":null,"20":0.013404,"21":null,"22":null,"23":null,"24":0.006702,"25":0.013404,"26":0.03351,"27":0.697008,"28":0.013404,"29":null},"safari":{"3.1":null,"3.2":null,"4":0.060318,"5":0.120636,"5.1":0.36861,"6":0.073722,"6.1":0.261378,"7":0.361908,"7.1":0.589776,"8":1.326996},"android":{"2.1":0,"2.2":0,"2.3":0.124294725023,"3":0,"4":0.2512061811,"4.1":0.809224078179,"4.2-4.3":1.36985870631,"4.4":2.55916296996,"4.4.3-4.4.4":1.17883733943,"37":0},"ios_saf":{"3.2":0,"4.0-4.1":0,"4.2-4.3":0,"5.0-5.1":0.0412817935536,"6.0-6.1":0.126742348629,"7.0-7.1":1.60419601265,"8":0.344739188272,"8.1":5.09576665689},"op_mob":{"10":0,"11":0,"11.1":0,"11.5":0,"12":0.0040597981521,"12.1":0.0243587889126,"0":null},"ie":{"5.5":null,"6":0.104359252652,"7":0.125231103182,"8":2.90118722372,"9":1.82280827965,"10":1.4401576866,"11":8.02174788717,"0":null},"ie_mob":{"10":0.224914921053,"11":0.477559078947},"bb":{"7":0.0816255,"10":null},"and_uc":{"0":3.84217},"op_mini":{"5.0-8.0":2.82764941294},"and_chr":{"0":10.513682},"and_ff":{"0":0.13192}},"total":97.064364933}