{"id":"AM","name":"Armenia","month":"2015-02","access_date":"2015-03-01","data":{"firefox":{"2":null,"3":0.027429,"3.5":0.009143,"3.6":0.109716,"4":0.009143,"5":null,"6":null,"7":null,"8":null,"9":0.018286,"10":0.009143,"11":0.018286,"12":0.054858,"13":0.009143,"14":0.018286,"15":0.018286,"16":0.027429,"17":0.009143,"18":0.009143,"19":0.018286,"20":0.018286,"21":0.009143,"22":null,"23":null,"24":0.018286,"25":0.018286,"26":0.036572,"27":0.009143,"28":0.036572,"29":0.027429,"30":0.073144,"31":0.201146,"32":0.146288,"33":0.082287,"34":0.128002,"35":15.168237,"36":0.758869,"37":0.009143,"38":null,"39":null},"chrome":{"4":0.073144,"5":0.100573,"6":0.027429,"7":0.018286,"8":0.045715,"9":0.027429,"10":0.073144,"11":0.064001,"12":0.265147,"13":0.036572,"14":0.045715,"15":0.064001,"16":0.100573,"17":0.146288,"18":0.164574,"19":0.027429,"20":0.036572,"21":0.045715,"22":0.082287,"23":0.027429,"24":0.128002,"25":0.045715,"26":0.118859,"27":0.219432,"28":0.466293,"29":0.064001,"30":0.109716,"31":0.073144,"32":0.064001,"33":0.164574,"34":0.137145,"35":0.310862,"36":0.530294,"37":0.475436,"38":0.502865,"39":2.37718,"40":53.349405,"41":0.27429,"42":1.444594,"43":null},"opera":{"9":null,"9.5-9.6":null,"10.0-10.1":0,"10.5":null,"10.6":null,"11":null,"11.1":0.009143,"11.5":0.018286,"11.6":0.009143,"12":0.045715,"12.1":0.557723,"15":0.018286,"16":0.036572,"17":null,"18":0.064001,"19":0.018286,"20":0.027429,"21":0.018286,"22":0.036572,"23":null,"24":0.018286,"25":0.018286,"26":0.045715,"27":2.10289,"28":0.027429,"29":null},"safari":{"3.1":null,"3.2":null,"4":0.009143,"5":0.036572,"5.1":0.064001,"6":0.027429,"6.1":0.027429,"7":0.073144,"7.1":0.054858,"8":0.356577},"android":{"2.1":0,"2.2":0,"2.3":0.0382063946356,"3":0,"4":0.0772171344215,"4.1":0.248743737707,"4.2-4.3":0.421074686142,"4.4":0.786649556919,"4.4.3-4.4.4":0.362357490176,"37":0},"ios_saf":{"3.2":0,"4.0-4.1":0,"4.2-4.3":0,"5.0-5.1":0.0115512998293,"6.0-6.1":0.0354645170198,"7.0-7.1":0.448879458279,"8":0.0964634862938,"8.1":1.42587623858},"op_mob":{"10":0,"11":0,"11.1":0,"11.5":0,"12":0.00129615920398,"12.1":0.00777695522388,"0":null},"ie":{"5.5":null,"6":0.0856823373786,"7":0.123763376214,"8":1.39947817718,"9":0.333209089806,"10":0.342729349515,"11":1.6374846699,"0":null},"ie_mob":{"10":0.0771036885965,"11":0.163713311404},"bb":{"7":0.00878425,"10":null},"and_uc":{"0":0.286238},"op_mini":{"5.0-8.0":0.902774885572},"and_chr":{"0":3.165255},"and_ff":{"0":0.040279}},"total":95.68363725}