{"id":"AO","name":"Angola","month":"2015-02","access_date":"2015-03-01","data":{"firefox":{"2":null,"3":0.026045,"3.5":0.010418,"3.6":0.062508,"4":0.036463,"5":0.020836,"6":0.020836,"7":0.020836,"8":0.020836,"9":0.041672,"10":0.036463,"11":0.10418,"12":0.072926,"13":0.046881,"14":0.046881,"15":0.041672,"16":0.05209,"17":0.026045,"18":0.036463,"19":0.020836,"20":0.020836,"21":0.057299,"22":0.036463,"23":0.031254,"24":0.026045,"25":0.020836,"26":0.072926,"27":0.026045,"28":0.015627,"29":0.062508,"30":0.15627,"31":0.130225,"32":0.140643,"33":0.250032,"34":0.281286,"35":4.995431,"36":0.36463,"37":0.015627,"38":0.015627,"39":null},"chrome":{"4":null,"5":null,"6":null,"7":null,"8":null,"9":null,"10":0.036463,"11":0.098971,"12":0.015627,"13":0.020836,"14":0.010418,"15":0.010418,"16":0.005209,"17":null,"18":0.015627,"19":0.010418,"20":0.010418,"21":0.062508,"22":0.020836,"23":0.020836,"24":null,"25":0.031254,"26":0.026045,"27":0.057299,"28":0.010418,"29":0.057299,"30":0.072926,"31":0.276077,"32":0.083344,"33":0.338585,"34":0.255241,"35":0.213569,"36":1.265787,"37":0.187524,"38":0.265659,"39":0.979292,"40":17.872079,"41":0.114598,"42":0.140643,"43":null},"opera":{"9":null,"9.5-9.6":null,"10.0-10.1":0,"10.5":null,"10.6":0.010418,"11":0.005209,"11.1":null,"11.5":0.015627,"11.6":0.020836,"12":0.026045,"12.1":0.171897,"15":0.015627,"16":0.015627,"17":null,"18":0.015627,"19":0.41672,"20":0.015627,"21":0.010418,"22":0.015627,"23":0.005209,"24":0.005209,"25":0.010418,"26":0.067717,"27":1.052218,"28":0.026045,"29":null},"safari":{"3.1":null,"3.2":null,"4":0.031254,"5":0.072926,"5.1":0.239614,"6":0.10418,"6.1":0.177106,"7":0.223987,"7.1":0.531318,"8":1.067845},"android":{"2.1":0,"2.2":0,"2.3":0.157661205947,"3":0,"4":0.318641595176,"4.1":1.02645743029,"4.2-4.3":1.7375924487,"4.4":3.24616125086,"4.4.3-4.4.4":1.49529206903,"37":0},"ios_saf":{"3.2":0,"4.0-4.1":0,"4.2-4.3":0,"5.0-5.1":0.0295599744954,"6.0-6.1":0.0907543076614,"7.0-7.1":1.14869023697,"8":0.246851716839,"8.1":3.64884176403},"op_mob":{"10":0,"11":0,"11.1":0,"11.5":0,"12":0.0306120042644,"12.1":0.183672025586,"0":null},"ie":{"5.5":null,"6":0.0322995585438,"7":0.118431714661,"8":2.31480169564,"9":1.59344488816,"10":2.57319816399,"11":9.66295126435,"0":null},"ie_mob":{"10":0.409567460526,"11":0.869629539474},"bb":{"7":0.057492,"10":null},"and_uc":{"0":1.4373},"op_mini":{"5.0-8.0":21.3212609701},"and_chr":{"0":9.414282},"and_ff":{"0":0.162894}},"total":97.7494132853}