{"id":"AR","name":"Argentina","month":"2015-02","access_date":"2015-03-01","data":{"firefox":{"2":0.007586,"3":0.022758,"3.5":0.030344,"3.6":0.068274,"4":0.022758,"5":0.015172,"6":0.015172,"7":0.015172,"8":null,"9":0.007586,"10":0.022758,"11":0.022758,"12":0.098618,"13":0.015172,"14":0.015172,"15":0.053102,"16":0.030344,"17":0.015172,"18":0.022758,"19":0.022758,"20":0.030344,"21":0.022758,"22":0.022758,"23":0.022758,"24":0.030344,"25":0.022758,"26":0.03793,"27":0.030344,"28":0.030344,"29":0.060688,"30":0.068274,"31":0.11379,"32":0.091032,"33":0.121376,"34":0.235166,"35":8.299084,"36":0.477918,"37":0.007586,"38":null,"39":null},"chrome":{"4":0.007586,"5":null,"6":null,"7":0.007586,"8":0.007586,"9":0.007586,"10":0.007586,"11":0.060688,"12":0.045516,"13":0.030344,"14":0.007586,"15":null,"16":null,"17":null,"18":0.068274,"19":null,"20":null,"21":0.022758,"22":0.068274,"23":0.030344,"24":0.022758,"25":0.030344,"26":0.07586,"27":0.128962,"28":0.045516,"29":0.045516,"30":0.060688,"31":0.219994,"32":0.106204,"33":0.219994,"34":0.402058,"35":0.553778,"36":0.546192,"37":0.599294,"38":1.008938,"39":2.799234,"40":46.873894,"41":0.34137,"42":0.091032,"43":null},"opera":{"9":null,"9.5-9.6":null,"10.0-10.1":0,"10.5":null,"10.6":null,"11":null,"11.1":null,"11.5":null,"11.6":null,"12":null,"12.1":0.07586,"15":null,"16":null,"17":null,"18":null,"19":null,"20":0.015172,"21":null,"22":null,"23":null,"24":null,"25":0.007586,"26":0.022758,"27":0.553778,"28":0.015172,"29":null},"safari":{"3.1":null,"3.2":null,"4":0.022758,"5":0.03793,"5.1":0.091032,"6":0.015172,"6.1":0.045516,"7":0.053102,"7.1":0.098618,"8":0.295854},"android":{"2.1":0,"2.2":0,"2.3":0.133654639775,"3":0,"4":0.270123061441,"4.1":0.870162049485,"4.2-4.3":1.47301481942,"4.4":2.75187868843,"4.4.3-4.4.4":1.26760874145,"37":0},"ios_saf":{"3.2":0,"4.0-4.1":0,"4.2-4.3":0,"5.0-5.1":0.00606542042374,"6.0-6.1":0.0186219048097,"7.0-7.1":0.235700109449,"8":0.0506515810824,"8.1":0.748706984235},"op_mob":{"10":0,"11":0,"11.1":0,"11.5":0,"12":0.00184610092395,"12.1":0.0110766055437,"0":null},"ie":{"5.5":null,"6":0.107829571429,"7":0.169446469388,"8":2.08727241837,"9":1.37097597959,"10":0.939657693878,"11":4.3747997551,"0":null},"ie_mob":{"10":0.537940842105,"11":1.14220315789},"bb":{"7":0.080869,"10":null},"and_uc":{"0":0.161738},"op_mini":{"5.0-8.0":1.28580929353},"and_chr":{"0":11.580966},"and_ff":{"0":0.106216}},"total":97.9271688878}