{"id":"AS","name":"American Samoa","month":"2015-02","access_date":"2015-03-01","data":{"firefox":{"2":0.01754,"3":0.01754,"3.5":null,"3.6":0.12278,"4":0.02631,"5":null,"6":0.05262,"7":0.19294,"8":0.22802,"9":null,"10":0.01754,"11":0.00877,"12":3.29752,"13":null,"14":null,"15":0.05262,"16":0.06139,"17":0.01754,"18":0.02631,"19":0.02631,"20":0.00877,"21":0.0877,"22":0.07893,"23":0.00877,"24":0.01754,"25":0.02631,"26":0.01754,"27":0.15786,"28":0.32449,"29":1.85047,"30":0.42973,"31":5.86713,"32":0.1754,"33":0.13155,"34":0.15786,"35":6.58627,"36":0.35957,"37":null,"38":null,"39":null},"chrome":{"4":null,"5":null,"6":null,"7":null,"8":null,"9":null,"10":null,"11":null,"12":null,"13":null,"14":null,"15":null,"16":null,"17":null,"18":null,"19":null,"20":null,"21":0.00877,"22":null,"23":null,"24":0.02631,"25":0.01754,"26":null,"27":0.02631,"28":0.02631,"29":0.09647,"30":0.01754,"31":2.06972,"32":0.05262,"33":0.02631,"34":0.04385,"35":0.15786,"36":0.4385,"37":0.35957,"38":0.34203,"39":0.67529,"40":33.29092,"41":0.21925,"42":0.09647,"43":null},"opera":{"9":null,"9.5-9.6":null,"10.0-10.1":0,"10.5":null,"10.6":null,"11":null,"11.1":null,"11.5":0.04385,"11.6":null,"12":0.03508,"12.1":null,"15":null,"16":null,"17":null,"18":null,"19":null,"20":null,"21":null,"22":null,"23":null,"24":null,"25":null,"26":0.01754,"27":0.04385,"28":null,"29":null},"safari":{"3.1":null,"3.2":null,"4":0.22802,"5":1.62245,"5.1":4.61302,"6":4.51655,"6.1":0.64021,"7":0.5262,"7.1":0.42973,"8":0.51743},"android":{"2.1":0,"2.2":0,"2.3":0.084621800603,"3":0,"4":0.171025112798,"4.1":0.550932459715,"4.2-4.3":0.932621318224,"4.4":1.74231833663,"4.4.3-4.4.4":0.802570972035,"37":0},"ios_saf":{"3.2":0,"4.0-4.1":0,"4.2-4.3":0,"5.0-5.1":0.0244564855909,"6.0-6.1":0.0750857013756,"7.0-7.1":0.95037044884,"8":0.204233107742,"8.1":3.01887425645},"op_mob":{"10":0,"11":0,"11.1":0,"11.5":0,"12":0.000167846481876,"12.1":0.00100707889126,"0":null},"ie":{"5.5":null,"6":null,"7":0.01754,"8":5.68296,"9":1.27165,"10":1.73646,"11":6.62135,"0":null},"ie_mob":{"10":0.133109736842,"11":0.282630263158},"bb":{"7":0.0003075,"10":null},"and_uc":{"0":0.18081},"op_mini":{"5.0-8.0":0.116905074627},"and_chr":{"0":2.94467},"and_ff":{"0":0.04059}},"total":99.2644775}