{"id":"AT","name":"Austria","month":"2015-02","access_date":"2015-03-01","data":{"firefox":{"2":null,"3":0.01619,"3.5":0.008095,"3.6":0.072855,"4":0.01619,"5":0.008095,"6":0.008095,"7":null,"8":0.01619,"9":0.01619,"10":0.072855,"11":0.03238,"12":0.06476,"13":0.01619,"14":0.024285,"15":0.024285,"16":0.08095,"17":0.04857,"18":0.024285,"19":0.024285,"20":0.040475,"21":0.06476,"22":0.024285,"23":0.03238,"24":0.09714,"25":0.040475,"26":0.06476,"27":0.040475,"28":0.089045,"29":0.089045,"30":0.14571,"31":0.50189,"32":0.22666,"33":0.315705,"34":0.607125,"35":22.5041,"36":1.189965,"37":0.024285,"38":0.01619,"39":null},"chrome":{"4":0.01619,"5":null,"6":null,"7":null,"8":null,"9":null,"10":null,"11":0.072855,"12":0.008095,"13":null,"14":null,"15":null,"16":null,"17":null,"18":0.024285,"19":null,"20":0.01619,"21":0.01619,"22":0.089045,"23":0.008095,"24":0.024285,"25":0.01619,"26":0.03238,"27":0.08095,"28":0.03238,"29":0.024285,"30":0.024285,"31":0.22666,"32":0.056665,"33":0.12952,"34":0.11333,"35":0.218565,"36":0.27523,"37":0.29142,"38":0.380465,"39":1.34377,"40":23.953105,"41":0.19428,"42":0.089045,"43":null},"opera":{"9":null,"9.5-9.6":null,"10.0-10.1":0,"10.5":null,"10.6":null,"11":null,"11.1":0.008095,"11.5":0.008095,"11.6":0.01619,"12":0.01619,"12.1":0.46951,"15":null,"16":null,"17":null,"18":null,"19":null,"20":0.008095,"21":null,"22":0.008095,"23":null,"24":0.01619,"25":0.024285,"26":0.03238,"27":1.238535,"28":0.01619,"29":null},"safari":{"3.1":null,"3.2":null,"4":0.056665,"5":0.218565,"5.1":0.769025,"6":0.137615,"6.1":0.45332,"7":0.445225,"7.1":1.05235,"8":2.695635},"android":{"2.1":0,"2.2":0,"2.3":0.0841000363863,"3":0,"4":0.169970599854,"4.1":0.547535500052,"4.2-4.3":0.926870927331,"4.4":1.73157548602,"4.4.3-4.4.4":0.797622450359,"37":0},"ios_saf":{"3.2":0,"4.0-4.1":0,"4.2-4.3":0,"5.0-5.1":0.0331457375238,"6.0-6.1":0.10176322924,"7.0-7.1":1.28803173009,"8":0.276795983532,"8.1":4.09146331961},"op_mob":{"10":0,"11":0,"11.1":0,"11.5":0,"12":0.000165181236674,"12.1":0.000991087420043,"0":null},"ie":{"5.5":null,"6":0.0324399907365,"7":0.0973199722094,"8":1.23271964799,"9":1.99505943029,"10":1.55711955535,"11":12.5786064081,"0":null},"ie_mob":{"10":0.128086184211,"11":0.271963815789},"bb":{"7":0.01666875,"10":null},"and_uc":{"0":0.032385},"op_mini":{"5.0-8.0":0.115048731343},"and_chr":{"0":8.223865},"and_ff":{"0":0.19431}},"total":98.6628437546}