{"id":"AU","name":"Australia","month":"2015-02","access_date":"2015-03-01","data":{"firefox":{"2":null,"3":0.007308,"3.5":null,"3.6":0.03654,"4":0.007308,"5":null,"6":0.087696,"7":null,"8":null,"9":null,"10":0.014616,"11":0.021924,"12":0.029232,"13":0.007308,"14":0.007308,"15":0.007308,"16":0.029232,"17":0.021924,"18":0.014616,"19":0.007308,"20":0.014616,"21":0.021924,"22":0.014616,"23":0.014616,"24":0.07308,"25":0.014616,"26":0.043848,"27":0.03654,"28":0.03654,"29":0.07308,"30":0.095004,"31":0.21924,"32":0.131544,"33":0.168084,"34":0.25578,"35":9.018072,"36":0.489636,"37":0.014616,"38":0.014616,"39":null},"chrome":{"4":null,"5":null,"6":null,"7":null,"8":null,"9":null,"10":null,"11":0.065772,"12":0.007308,"13":null,"14":null,"15":null,"16":null,"17":null,"18":0.043848,"19":null,"20":null,"21":0.029232,"22":0.03654,"23":0.021924,"24":0.014616,"25":0.021924,"26":0.058464,"27":0.241164,"28":0.043848,"29":0.043848,"30":0.080388,"31":0.51156,"32":0.175392,"33":0.343476,"34":0.270396,"35":0.526176,"36":0.445788,"37":0.701568,"38":0.774648,"39":2.199708,"40":26.45496,"41":0.175392,"42":0.080388,"43":null},"opera":{"9":null,"9.5-9.6":null,"10.0-10.1":0,"10.5":null,"10.6":null,"11":null,"11.1":null,"11.5":null,"11.6":null,"12":null,"12.1":0.095004,"15":null,"16":null,"17":null,"18":null,"19":null,"20":null,"21":null,"22":null,"23":null,"24":0.014616,"25":0.058464,"26":0.007308,"27":0.241164,"28":null,"29":null},"safari":{"3.1":null,"3.2":null,"4":0.043848,"5":0.204624,"5.1":0.9135,"6":0.270396,"6.1":0.679644,"7":0.971964,"7.1":1.578528,"8":3.463992},"android":{"2.1":0,"2.2":0,"2.3":0.0600865370621,"3":0,"4":0.121438053852,"4.1":0.391194980767,"4.2-4.3":0.66221688741,"4.4":1.23715017361,"4.4.3-4.4.4":0.569873367294,"37":0},"ios_saf":{"3.2":0,"4.0-4.1":0,"4.2-4.3":0,"5.0-5.1":0.0872530748067,"6.0-6.1":0.267882247214,"7.0-7.1":3.39062387187,"8":0.728639712421,"8.1":10.7703970937},"op_mob":{"10":0,"11":0,"11.1":0,"11.5":0,"12":0.000133930348259,"12.1":0.000803582089552,"0":null},"ie":{"5.5":null,"6":0.029471139852,"7":0.0957812045189,"8":1.84931402571,"9":2.16612877912,"10":1.70195832645,"11":13.0704505243,"0":null},"ie_mob":{"10":0.150834649123,"11":0.320265350877},"bb":{"7":0.008749,"10":null},"and_uc":{"0":0.158828},"op_mini":{"5.0-8.0":0.0932824875622},"and_chr":{"0":7.789524},"and_ff":{"0":0.113064}},"total":98.796421}