{"id":"AW","name":"Aruba","month":"2015-02","access_date":"2015-03-01","data":{"firefox":{"2":null,"3":null,"3.5":null,"3.6":0.025496,"4":null,"5":null,"6":null,"7":null,"8":null,"9":null,"10":null,"11":0.012748,"12":0.025496,"13":0.006374,"14":0.012748,"15":0.006374,"16":0.019122,"17":null,"18":null,"19":null,"20":0.03187,"21":0.006374,"22":0.012748,"23":0.006374,"24":null,"25":null,"26":0.006374,"27":0.006374,"28":0.006374,"29":0.012748,"30":0.070114,"31":0.025496,"32":0.038244,"33":0.12748,"34":0.146602,"35":6.934912,"36":0.356944,"37":null,"38":0.012748,"39":null},"chrome":{"4":null,"5":null,"6":null,"7":null,"8":null,"9":null,"10":null,"11":0.06374,"12":0.019122,"13":null,"14":null,"15":null,"16":0.006374,"17":null,"18":0.025496,"19":null,"20":null,"21":0.019122,"22":0.038244,"23":null,"24":0.057366,"25":0.012748,"26":0.076488,"27":0.025496,"28":0.025496,"29":0.044618,"30":0.025496,"31":0.19122,"32":0.06374,"33":0.210342,"34":0.108358,"35":0.216716,"36":0.50992,"37":0.146602,"38":0.274082,"39":1.096328,"40":28.281438,"41":0.235838,"42":0.082862,"43":null},"opera":{"9":null,"9.5-9.6":null,"10.0-10.1":0,"10.5":null,"10.6":null,"11":null,"11.1":null,"11.5":null,"11.6":null,"12":null,"12.1":0.03187,"15":null,"16":0.006374,"17":null,"18":0.006374,"19":null,"20":null,"21":null,"22":null,"23":null,"24":null,"25":null,"26":0.012748,"27":0.376066,"28":null,"29":null},"safari":{"3.1":null,"3.2":null,"4":0.012748,"5":0.121106,"5.1":0.624652,"6":0.146602,"6.1":0.369692,"7":0.41431,"7.1":0.898734,"8":2.307388},"android":{"2.1":0,"2.2":0,"2.3":0.15198364487,"3":0,"4":0.307166945421,"4.1":0.989493519493,"4.2-4.3":1.67501974925,"4.4":3.12926325647,"4.4.3-4.4.4":1.4414448845,"37":0},"ios_saf":{"3.2":0,"4.0-4.1":0,"4.2-4.3":0,"5.0-5.1":0.0744835523647,"6.0-6.1":0.22867757305,"7.0-7.1":2.89440471031,"8":0.622002998695,"8.1":9.19414516558},"op_mob":{"10":0,"11":0,"11.1":0,"11.5":0,"12":0.000159781094527,"12.1":0.000958686567164,"0":null},"ie":{"5.5":null,"6":0.019122,"7":0.133854,"8":2.307388,"9":1.389532,"10":2.179908,"11":11.447704,"0":null},"ie_mob":{"10":0.0684964122807,"11":0.145437587719},"bb":{"7":0.2873605,"10":null},"and_uc":{"0":0.094276},"op_mini":{"5.0-8.0":0.111287532338},"and_chr":{"0":14.213566},"and_ff":{"0":0.105154}},"total":98.3083405}