{"id":"AX","name":"Aland Islands","month":"2015-02","access_date":"2015-03-01","data":{"firefox":{"2":null,"3":null,"3.5":null,"3.6":0.023979,"4":null,"5":null,"6":0.055951,"7":null,"8":null,"9":null,"10":null,"11":null,"12":0.071937,"13":null,"14":null,"15":null,"16":null,"17":null,"18":null,"19":null,"20":null,"21":0.039965,"22":null,"23":null,"24":null,"25":0.071937,"26":0.015986,"27":null,"28":0.119895,"29":0.007993,"30":0.383664,"31":0.055951,"32":0.111902,"33":0.111902,"34":0.415636,"35":12.740842,"36":0.927188,"37":0.407643,"38":null,"39":null},"chrome":{"4":null,"5":null,"6":null,"7":null,"8":null,"9":null,"10":null,"11":null,"12":null,"13":null,"14":null,"15":null,"16":null,"17":null,"18":null,"19":null,"20":null,"21":null,"22":null,"23":null,"24":null,"25":null,"26":null,"27":0.007993,"28":null,"29":null,"30":null,"31":0.183839,"32":0.103909,"33":0.023979,"34":0.047958,"35":0.07993,"36":0.255776,"37":0.023979,"38":0.095916,"39":1.238915,"40":39.789154,"41":0.255776,"42":0.175846,"43":0.063944},"opera":{"9":null,"9.5-9.6":null,"10.0-10.1":0,"10.5":null,"10.6":null,"11":null,"11.1":null,"11.5":null,"11.6":null,"12":null,"12.1":0.071937,"15":null,"16":null,"17":null,"18":null,"19":null,"20":0.007993,"21":null,"22":null,"23":null,"24":null,"25":null,"26":null,"27":0.647433,"28":null,"29":null},"safari":{"3.1":null,"3.2":null,"4":0.023979,"5":0.279755,"5.1":0.495566,"6":0.055951,"6.1":0.287748,"7":0.255776,"7.1":0.87923,"8":2.805543},"android":{"2.1":0,"2.2":0,"2.3":0.0251735679385,"3":0,"4":0.0508771057282,"4.1":0.163893176526,"4.2-4.3":0.277439217174,"4.4":0.518310514607,"4.4.3-4.4.4":0.238751418027,"37":0},"ios_saf":{"3.2":0,"4.0-4.1":0,"4.2-4.3":0,"5.0-5.1":0.0652346541821,"6.0-6.1":0.200281833015,"7.0-7.1":2.53499577217,"8":0.544766585802,"8.1":8.05247415483},"op_mob":{"10":0,"11":0,"11.1":0,"11.5":0,"12":0.000105556503198,"12.1":0.00063333901919,"0":null},"ie":{"5.5":null,"6":null,"7":0.255776,"8":0.655426,"9":1.606593,"10":1.894341,"11":11.078298,"0":null},"ie_mob":{"10":0.294949776316,"11":0.626263223684},"bb":{"7":0.00050175,"10":null},"and_uc":{"0":0.002007},"op_mini":{"5.0-8.0":0.0735201044776},"and_chr":{"0":6.205504},"and_ff":{"0":0.190665}},"total":99.27697775}