{"id":"AZ","name":"Azerbaijan","month":"2015-02","access_date":"2015-03-01","data":{"firefox":{"2":null,"3":0.012572,"3.5":0.012572,"3.6":0.050288,"4":0.018858,"5":null,"6":0.006286,"7":null,"8":null,"9":0.018858,"10":null,"11":0.006286,"12":0.018858,"13":0.006286,"14":0.006286,"15":0.006286,"16":0.006286,"17":0.006286,"18":0.006286,"19":0.006286,"20":null,"21":0.006286,"22":null,"23":null,"24":0.006286,"25":0.006286,"26":null,"27":null,"28":0.012572,"29":0.018858,"30":0.025144,"31":0.081718,"32":0.081718,"33":0.069146,"34":0.06286,"35":1.929802,"36":0.12572,"37":0.012572,"38":null,"39":null},"chrome":{"4":0.044002,"5":0.113148,"6":0.056574,"7":0.03143,"8":0.213724,"9":0.144578,"10":0.106862,"11":0.09429,"12":0.12572,"13":0.119434,"14":0.138292,"15":0.069146,"16":0.069146,"17":0.119434,"18":0.018858,"19":null,"20":0.006286,"21":0.012572,"22":0.270298,"23":0.012572,"24":0.044002,"25":0.018858,"26":0.113148,"27":0.088004,"28":0.201152,"29":0.03143,"30":0.226296,"31":0.100576,"32":0.06286,"33":0.150864,"34":0.09429,"35":0.226296,"36":0.521738,"37":0.458878,"38":0.528024,"39":1.848084,"40":34.547856,"41":0.081718,"42":0.34573,"43":null},"opera":{"9":null,"9.5-9.6":0.012572,"10.0-10.1":0,"10.5":0.006286,"10.6":0.018858,"11":0.06286,"11.1":0.018858,"11.5":0.044002,"11.6":0.113148,"12":0.207438,"12.1":2.740696,"15":0.106862,"16":0.100576,"17":0.06286,"18":0.163436,"19":0.075432,"20":0.163436,"21":0.09429,"22":0.03143,"23":0.03143,"24":0.037716,"25":0.069146,"26":0.144578,"27":5.506536,"28":0.119434,"29":0.012572},"safari":{"3.1":null,"3.2":null,"4":0.012572,"5":0.012572,"5.1":0.081718,"6":0.018858,"6.1":0.03143,"7":0.069146,"7.1":0.088004,"8":0.182294},"android":{"2.1":0,"2.2":0,"2.3":0.171151344215,"3":0,"4":0.345905874623,"4.1":1.11428533049,"4.2-4.3":1.88626797255,"4.4":3.52391609772,"4.4.3-4.4.4":1.62323538039,"37":0},"ios_saf":{"3.2":0,"4.0-4.1":0,"4.2-4.3":0,"5.0-5.1":0.025997254142,"6.0-6.1":0.0798161311377,"7.0-7.1":1.01024417411,"8":0.217099876694,"8.1":3.20906456391},"op_mob":{"10":0,"11":0,"11.1":0,"11.5":0,"12":0.00710596162047,"12.1":0.0426357697228,"0":null},"ie":{"5.5":null,"6":0.0323356101695,"7":0.0388027322034,"8":1.04120664746,"9":0.459165664407,"10":0.53030400678,"11":1.71378733898,"0":null},"ie_mob":{"10":0.210476289474,"11":0.446901710526},"bb":{"7":0.0714945,"10":null},"and_uc":{"0":0.3714},"op_mini":{"5.0-8.0":4.94930226866},"and_chr":{"0":16.360528},"and_ff":{"0":0.059424}},"total":94.0666185}