{"id":"BA","name":"Bosnia and Herzegovina","month":"2015-02","access_date":"2015-03-01","data":{"firefox":{"2":null,"3":0.0355,"3.5":0.01775,"3.6":0.062125,"4":0.008875,"5":0.01775,"6":null,"7":null,"8":0.026625,"9":0.01775,"10":0.026625,"11":0.026625,"12":0.062125,"13":0.044375,"14":0.026625,"15":0.044375,"16":0.1065,"17":0.062125,"18":0.0355,"19":0.044375,"20":0.044375,"21":0.0355,"22":0.01775,"23":0.026625,"24":0.044375,"25":0.01775,"26":0.05325,"27":0.0355,"28":0.05325,"29":0.044375,"30":0.097625,"31":0.1775,"32":0.150875,"33":0.1775,"34":0.292875,"35":20.652125,"36":1.819375,"37":0.062125,"38":0.008875,"39":null},"chrome":{"4":0.008875,"5":0.008875,"6":0.026625,"7":null,"8":0.05325,"9":null,"10":0.008875,"11":0.079875,"12":0.026625,"13":null,"14":0.01775,"15":0.008875,"16":0.026625,"17":0.01775,"18":0.026625,"19":null,"20":null,"21":null,"22":0.08875,"23":0.026625,"24":0.026625,"25":0.01775,"26":0.071,"27":0.213,"28":0.044375,"29":0.026625,"30":0.142,"31":0.213,"32":0.1065,"33":0.19525,"34":0.310625,"35":0.257375,"36":0.7455,"37":0.559125,"38":0.79875,"39":2.7335,"40":46.496125,"41":0.213,"42":0.213,"43":null},"opera":{"9":null,"9.5-9.6":null,"10.0-10.1":0,"10.5":null,"10.6":null,"11":0.008875,"11.1":null,"11.5":null,"11.6":0.01775,"12":0.008875,"12.1":0.44375,"15":0.008875,"16":0.01775,"17":0.01775,"18":0.026625,"19":0.026625,"20":0.071,"21":0.01775,"22":0.008875,"23":0.008875,"24":0.008875,"25":0.01775,"26":0.12425,"27":2.831125,"28":0.044375,"29":null},"safari":{"3.1":null,"3.2":null,"4":0,"5":0.0355,"5.1":0.097625,"6":0.01775,"6.1":0.05325,"7":0.05325,"7.1":0.115375,"8":0.3195},"android":{"2.1":0,"2.2":0,"2.3":0.0773979883564,"3":0,"4":0.156425408047,"4.1":0.503901639983,"4.2-4.3":0.853007303254,"4.4":1.59358384447,"4.4.3-4.4.4":0.734058815885,"37":0},"ios_saf":{"3.2":0,"4.0-4.1":0,"4.2-4.3":0,"5.0-5.1":0.00490000251029,"6.0-6.1":0.0150438673562,"7.0-7.1":0.190412378251,"8":0.0409193192088,"8.1":0.604849432674},"op_mob":{"10":0,"11":0,"11.1":0,"11.5":0,"12":0.000609275053305,"12.1":0.00365565031983,"0":null},"ie":{"5.5":null,"6":0.0355607876712,"7":0.0622313784247,"8":0.960141267123,"9":0.631203981164,"10":0.542302011986,"11":2.96043557363,"0":null},"ie_mob":{"10":0.158486842105,"11":0.336513157895},"bb":{"7":0.010125,"10":null},"and_uc":{"0":0.06525},"op_mini":{"5.0-8.0":0.424360074627},"and_chr":{"0":5.44825},"and_ff":{"0":0.063}},"total":99.165}