{"id":"BB","name":"Barbados","month":"2015-02","access_date":"2015-03-01","data":{"firefox":{"2":null,"3":0.016252,"3.5":null,"3.6":0.048756,"4":0.008126,"5":null,"6":0.008126,"7":0.008126,"8":null,"9":0.024378,"10":null,"11":0.032504,"12":0.016252,"13":0.008126,"14":null,"15":null,"16":0.024378,"17":null,"18":0.032504,"19":0.008126,"20":0.008126,"21":0.016252,"22":null,"23":0.008126,"24":0.04063,"25":null,"26":0.065008,"27":0.016252,"28":0.056882,"29":0.016252,"30":0.024378,"31":0.130016,"32":0.113764,"33":0.113764,"34":0.178772,"35":11.075738,"36":1.17827,"37":0.04063,"38":null,"39":null},"chrome":{"4":null,"5":null,"6":null,"7":null,"8":null,"9":null,"10":null,"11":0.105638,"12":0.048756,"13":null,"14":null,"15":null,"16":null,"17":null,"18":0.016252,"19":null,"20":0.016252,"21":0.016252,"22":0.32504,"23":null,"24":null,"25":0.032504,"26":0.065008,"27":0.065008,"28":0.032504,"29":0.04063,"30":0.032504,"31":1.064506,"32":0.113764,"33":0.24378,"34":0.195024,"35":0.36567,"36":1.162018,"37":0.390048,"38":0.780096,"39":2.210272,"40":39.037304,"41":0.292536,"42":0.357544,"43":null},"opera":{"9":null,"9.5-9.6":null,"10.0-10.1":0,"10.5":null,"10.6":null,"11":null,"11.1":null,"11.5":null,"11.6":null,"12":null,"12.1":0.146268,"15":null,"16":null,"17":null,"18":null,"19":0.008126,"20":null,"21":null,"22":null,"23":null,"24":null,"25":null,"26":0.024378,"27":1.007624,"28":0.008126,"29":null},"safari":{"3.1":null,"3.2":null,"4":0.073134,"5":0.12189,"5.1":0.268158,"6":0.065008,"6.1":0.276284,"7":0.260032,"7.1":0.641954,"8":1.46268},"android":{"2.1":0,"2.2":0,"2.3":0.124411857781,"3":0,"4":0.251442912569,"4.1":0.809986674083,"4.2-4.3":1.3711496326,"4.4":2.5615746718,"4.4.3-4.4.4":1.17994825117,"37":0},"ios_saf":{"3.2":0,"4.0-4.1":0,"4.2-4.3":0,"5.0-5.1":0.0179764000402,"6.0-6.1":0.0551907018777,"7.0-7.1":0.698556598052,"8":0.150118709107,"8.1":2.21898159092},"op_mob":{"10":0,"11":0,"11.1":0,"11.5":0,"12":0.000218433546553,"12.1":0.00131060127932,"0":null},"ie":{"5.5":null,"6":0.00824932140921,"7":0.123739821138,"8":1.08066110461,"9":0.915674676423,"10":1.17140364011,"11":11.9202694363,"0":null},"ie_mob":{"10":0.27060395614,"11":0.57457004386},"bb":{"7":0.203329,"10":null},"and_uc":{"0":0.226754},"op_mini":{"5.0-8.0":0.152138965174},"and_chr":{"0":7.45396},"and_ff":{"0":0.157416}},"total":98.390723}