{"id":"BD","name":"Bangladesh","month":"2015-02","access_date":"2015-03-01","data":{"firefox":{"2":0.005836,"3":0.049606,"3.5":0.026262,"3.6":0.107966,"4":0.081704,"5":0.023344,"6":0.020426,"7":0.020426,"8":0.037934,"9":0.055442,"10":0.055442,"11":0.48147,"12":0.13131,"13":0.07295,"14":0.090458,"15":0.061278,"16":0.075868,"17":0.052524,"18":0.05836,"19":0.07295,"20":0.064196,"21":0.055442,"22":0.035016,"23":0.037934,"24":0.049606,"25":0.055442,"26":0.090458,"27":0.070032,"28":0.067114,"29":0.230522,"30":0.177998,"31":0.213014,"32":0.227604,"33":0.361832,"34":0.344324,"35":7.98073,"36":4.219428,"37":0.125474,"38":0.011672,"39":null},"chrome":{"4":0.032098,"5":0.008754,"6":0.020426,"7":0.002918,"8":0.01459,"9":0.005836,"10":0.026262,"11":0.026262,"12":0.046688,"13":0.008754,"14":0.017508,"15":0.008754,"16":0.017508,"17":0.011672,"18":0.01459,"19":0.005836,"20":0.005836,"21":0.008754,"22":0.011672,"23":0.008754,"24":0.01459,"25":0.011672,"26":0.040852,"27":0.023344,"28":0.017508,"29":0.020426,"30":0.035016,"31":0.10213,"32":0.017508,"33":0.142982,"34":0.02918,"35":0.049606,"36":0.30639,"37":0.17508,"38":0.13131,"39":0.522322,"40":7.169526,"41":0.201342,"42":0.361832,"43":null},"opera":{"9":null,"9.5-9.6":0.005836,"10.0-10.1":0.128392,"10.5":null,"10.6":0.04377,"11":0.008754,"11.1":0.008754,"11.5":0.011672,"11.6":0.032098,"12":0.01459,"12.1":0.113802,"15":0.005836,"16":0.005836,"17":0.011672,"18":0.01459,"19":0.005836,"20":0.01459,"21":0.005836,"22":0.01459,"23":null,"24":0.011672,"25":0.011672,"26":0.055442,"27":0.738254,"28":0.008754,"29":null},"safari":{"3.1":null,"3.2":null,"4":0.011672,"5":0.011672,"5.1":0.023344,"6":0.01459,"6.1":0.011672,"7":0.037934,"7.1":0.017508,"8":0.07295},"android":{"2.1":0,"2.2":0,"2.3":0.112469728662,"3":0,"4":0.227307241085,"4.1":0.732237128184,"4.2-4.3":1.23953479904,"4.4":2.31569251856,"4.4.3-4.4.4":1.06668658447,"37":0},"ios_saf":{"3.2":0,"4.0-4.1":0,"4.2-4.3":0,"5.0-5.1":0.00433709388493,"6.0-6.1":0.0133156391204,"7.0-7.1":0.168537946581,"8":0.0362185384075,"8.1":0.535364782006},"op_mob":{"10":0,"11":0,"11.1":0,"11.5":0,"12":0.0609041933191,"12.1":0.365425159915,"0":null},"ie":{"5.5":null,"6":0.0355887639257,"7":0.0097060265252,"8":0.449712562334,"9":0.116472318302,"10":0.152061082228,"11":0.449712562334,"0":null},"ie_mob":{"10":0.206340903509,"11":0.438121096491},"bb":{"7":0.010623,"10":null},"and_uc":{"0":13.13711},"op_mini":{"5.0-8.0":42.4197706468},"and_chr":{"0":3.586698},"and_ff":{"0":0.28328}},"total":95.3223003156}