{"id":"BE","name":"Belgium","month":"2015-02","access_date":"2015-03-01","data":{"firefox":{"2":null,"3":0.016976,"3.5":null,"3.6":0.04244,"4":null,"5":null,"6":null,"7":null,"8":null,"9":0.008488,"10":0.008488,"11":0.016976,"12":0.033952,"13":0.016976,"14":0.04244,"15":0.008488,"16":0.076392,"17":0.025464,"18":0.016976,"19":0.008488,"20":0.025464,"21":0.016976,"22":0.016976,"23":0.025464,"24":0.08488,"25":0.016976,"26":0.025464,"27":0.08488,"28":0.04244,"29":0.059416,"30":0.076392,"31":0.29708,"32":0.135808,"33":0.135808,"34":0.305568,"35":13.164888,"36":0.696016,"37":0.016976,"38":null,"39":null},"chrome":{"4":null,"5":null,"6":null,"7":null,"8":null,"9":null,"10":null,"11":0.04244,"12":null,"13":null,"14":null,"15":null,"16":null,"17":null,"18":0.025464,"19":null,"20":null,"21":0.016976,"22":0.04244,"23":0.025464,"24":0.008488,"25":0.008488,"26":0.016976,"27":0.016976,"28":0.025464,"29":0.025464,"30":0.033952,"31":0.271616,"32":0.118832,"33":0.2122,"34":0.203712,"35":0.373472,"36":0.449864,"37":0.475328,"38":0.662064,"39":2.011656,"40":32.661824,"41":0.195224,"42":0.08488,"43":null},"opera":{"9":null,"9.5-9.6":null,"10.0-10.1":0,"10.5":null,"10.6":null,"11":null,"11.1":null,"11.5":null,"11.6":null,"12":0.016976,"12.1":0.16976,"15":null,"16":null,"17":null,"18":null,"19":null,"20":null,"21":null,"22":null,"23":null,"24":null,"25":0.008488,"26":0.008488,"27":0.585672,"28":null,"29":null},"safari":{"3.1":null,"3.2":null,"4":0.076392,"5":0.246152,"5.1":0.857288,"6":0.161272,"6.1":0.568696,"7":0.585672,"7.1":1.35808,"8":3.250904},"android":{"2.1":0,"2.2":0,"2.3":0.0480840835846,"3":0,"4":0.0971804636657,"4.1":0.313052691548,"4.2-4.3":0.529937215927,"4.4":0.990025973594,"4.4.3-4.4.4":0.456039571681,"37":0},"ios_saf":{"3.2":0,"4.0-4.1":0,"4.2-4.3":0,"5.0-5.1":0.0362511071393,"6.0-6.1":0.111297258761,"7.0-7.1":1.40870530375,"8":0.30272854383,"8.1":4.47478578652},"op_mob":{"10":0,"11":0,"11.1":0,"11.5":0,"12":8.1671641791e-5,"12.1":0.000490029850746,"0":null},"ie":{"5.5":null,"6":0.0255421703761,"7":0.102168681504,"8":1.8134940967,"9":2.71598411665,"10":1.66875513124,"11":15.8616878035,"0":null},"ie_mob":{"10":0.222688421053,"11":0.472831578947},"bb":{"7":0.01134,"10":null},"and_uc":{"0":0.024192},"op_mini":{"5.0-8.0":0.0568842985075},"and_chr":{"0":5.598048},"and_ff":{"0":0.066528}},"total":98.861924}