{"id":"BF","name":"Burkina Faso","month":"2015-02","access_date":"2015-03-01","data":{"firefox":{"2":null,"3":0.069056,"3.5":0.047476,"3.6":0.112216,"4":0.051792,"5":0.069056,"6":0.06474,"7":0.034528,"8":0.077688,"9":0.038844,"10":0.073372,"11":0.211484,"12":0.254644,"13":0.142428,"14":0.060424,"15":0.125164,"16":0.2158,"17":0.047476,"18":0.082004,"19":0.038844,"20":0.099268,"21":0.099268,"22":0.056108,"23":0.073372,"24":0.146744,"25":0.073372,"26":0.077688,"27":0.099268,"28":0.094952,"29":0.207168,"30":0.47476,"31":0.267592,"32":0.271908,"33":0.548132,"34":0.725088,"35":14.93336,"36":0.932256,"37":0.069056,"38":0.030212,"39":null},"chrome":{"4":0.051792,"5":0.008632,"6":0.008632,"7":0.004316,"8":0.017264,"9":null,"10":0.017264,"11":0.094952,"12":0.038844,"13":0.038844,"14":0.017264,"15":0.034528,"16":0.02158,"17":0.004316,"18":0.051792,"19":0.025896,"20":0.004316,"21":0.02158,"22":0.012948,"23":null,"24":0.012948,"25":0.047476,"26":0.025896,"27":0.030212,"28":0.025896,"29":0.02158,"30":0.073372,"31":0.073372,"32":0.056108,"33":0.06474,"34":0.04316,"35":0.06474,"36":0.358228,"37":0.224432,"38":0.142428,"39":0.353912,"40":9.305296,"41":0.051792,"42":0.103584,"43":null},"opera":{"9":null,"9.5-9.6":null,"10.0-10.1":0,"10.5":0.008632,"10.6":null,"11":0.008632,"11.1":0.012948,"11.5":0.025896,"11.6":0.012948,"12":0.02158,"12.1":0.06474,"15":0.012948,"16":null,"17":0.008632,"18":0.02158,"19":0.008632,"20":0.008632,"21":0.004316,"22":0.008632,"23":null,"24":null,"25":null,"26":0.077688,"27":0.6474,"28":0.004316,"29":null},"safari":{"3.1":null,"3.2":null,"4":0.012948,"5":0.069056,"5.1":0.155376,"6":0.025896,"6.1":0.02158,"7":0.099268,"7.1":0.116532,"8":0.142428},"android":{"2.1":0,"2.2":0,"2.3":0.232518677617,"3":0,"4":0.46993248529,"4.1":1.51381896954,"4.2-4.3":2.56260058384,"4.4":4.78743719389,"4.4.3-4.4.4":2.20525608982,"37":0},"ios_saf":{"3.2":0,"4.0-4.1":0,"4.2-4.3":0,"5.0-5.1":0.0060835180239,"6.0-6.1":0.0186774676172,"7.0-7.1":0.236403375841,"8":0.0508027119189,"8.1":0.750940926599},"op_mob":{"10":0,"11":0,"11.1":0,"11.5":0,"12":0.0383457910448,"12.1":0.230074746269,"0":null},"ie":{"5.5":null,"6":0.107956999472,"7":0.0388645198098,"8":1.03206891495,"9":0.652060276809,"10":1.62367327205,"11":4.68533377707,"0":null},"ie_mob":{"10":0.172888333333,"11":0.367091666667},"bb":{"7":0.073892,"10":null},"and_uc":{"0":7.508564},"op_mini":{"5.0-8.0":26.7078434627},"and_chr":{"0":5.1593},"and_ff":{"0":0.278516}},"total":95.7627217602}