{"id":"BG","name":"Bulgaria","month":"2015-02","access_date":"2015-03-01","data":{"firefox":{"2":0.017322,"3":0.060627,"3.5":0.025983,"3.6":0.138576,"4":0.025983,"5":0.017322,"6":0.008661,"7":0.008661,"8":0.017322,"9":0.017322,"10":0.043305,"11":0.060627,"12":0.077949,"13":0.034644,"14":0.034644,"15":0.025983,"16":0.034644,"17":0.043305,"18":0.043305,"19":0.147237,"20":0.069288,"21":0.034644,"22":0.034644,"23":0.060627,"24":0.043305,"25":0.051966,"26":0.060627,"27":0.08661,"28":0.069288,"29":0.069288,"30":0.121254,"31":0.571626,"32":0.424389,"33":0.190542,"34":0.467694,"35":21.124179,"36":1.229862,"37":0.034644,"38":0.017322,"39":null},"chrome":{"4":0.008661,"5":null,"6":null,"7":0.017322,"8":null,"9":null,"10":0.017322,"11":0.103932,"12":0.017322,"13":0.017322,"14":0.017322,"15":0.017322,"16":0.034644,"17":null,"18":0.043305,"19":null,"20":null,"21":0.017322,"22":0.051966,"23":0.069288,"24":0.008661,"25":0.034644,"26":0.103932,"27":0.034644,"28":0.034644,"29":0.051966,"30":0.103932,"31":0.103932,"32":0.08661,"33":0.112593,"34":0.285813,"35":0.303135,"36":0.632253,"37":0.770829,"38":0.450372,"39":1.489692,"40":38.697348,"41":0.103932,"42":0.112593,"43":null},"opera":{"9":null,"9.5-9.6":null,"10.0-10.1":0,"10.5":null,"10.6":null,"11":null,"11.1":null,"11.5":null,"11.6":0.025983,"12":0.034644,"12.1":0.736185,"15":null,"16":null,"17":null,"18":0.025983,"19":0.008661,"20":0.034644,"21":0.008661,"22":0.008661,"23":null,"24":0.025983,"25":0.017322,"26":0.069288,"27":2.503029,"28":0.043305,"29":null},"safari":{"3.1":null,"3.2":null,"4":0.034644,"5":0.025983,"5.1":0.103932,"6":0.008661,"6.1":0.034644,"7":0.155898,"7.1":0.08661,"8":0.424389},"android":{"2.1":0,"2.2":0,"2.3":0.0758284093981,"3":0,"4":0.153253206362,"4.1":0.493682854871,"4.2-4.3":0.835708890945,"4.4":1.56126703982,"4.4.3-4.4.4":0.719172598607,"37":0},"ios_saf":{"3.2":0,"4.0-4.1":0,"4.2-4.3":0,"5.0-5.1":0.0089972087559,"6.0-6.1":0.0276230093383,"7.0-7.1":0.349628375339,"8":0.0751345854001,"8.1":1.11060282117},"op_mob":{"10":0,"11":0,"11.1":0,"11.5":0,"12":0.000614778962331,"12.1":0.00368867377399,"0":null},"ie":{"5.5":null,"6":0.062199870283,"7":0.142171132075,"8":2.44356633255,"9":1.35062575472,"10":0.950769445755,"11":6.33550107311,"0":null},"ie_mob":{"10":0.160339377193,"11":0.340446622807},"bb":{"7":0.00435175,"10":null},"and_uc":{"0":0.048204},"op_mini":{"5.0-8.0":0.428193547264},"and_chr":{"0":7.064915},"and_ff":{"0":0.092391}},"total":98.8557833585}