{"id":"BH","name":"Bahrain","month":"2015-02","access_date":"2015-03-01","data":{"firefox":{"2":0.014124,"3":0.04708,"3.5":0.042372,"3.6":0.07062,"4":0.051788,"5":0.056496,"6":0.04708,"7":0.018832,"8":0.009416,"9":0.014124,"10":0.032956,"11":0.02354,"12":0.032956,"13":0.009416,"14":0.037664,"15":0.018832,"16":0.108284,"17":0.028248,"18":0.056496,"19":0.051788,"20":0.061204,"21":0.4708,"22":0.056496,"23":0.056496,"24":0.056496,"25":0.004708,"26":0.009416,"27":0.032956,"28":0.02354,"29":0.028248,"30":0.042372,"31":0.056496,"32":0.04708,"33":0.042372,"34":0.155364,"35":3.865268,"36":0.49434,"37":0.009416,"38":null,"39":null},"chrome":{"4":0.037664,"5":0.018832,"6":0.014124,"7":0.014124,"8":null,"9":0.02354,"10":0.02354,"11":0.080036,"12":0.02354,"13":0.028248,"14":0.04708,"15":0.018832,"16":0.032956,"17":null,"18":0.014124,"19":0.014124,"20":0.02354,"21":0.009416,"22":0.04708,"23":0.009416,"24":0.221276,"25":0.014124,"26":0.028248,"27":0.207152,"28":0.108284,"29":0.084744,"30":0.056496,"31":0.089452,"32":0.056496,"33":0.230692,"34":0.1177,"35":0.193028,"36":0.54142,"37":0.221276,"38":0.249524,"39":0.998096,"40":18.05518,"41":0.381348,"42":0.244816,"43":null},"opera":{"9":0.004708,"9.5-9.6":0.014124,"10.0-10.1":0.014124,"10.5":null,"10.6":0.004708,"11":0.028248,"11.1":0.07062,"11.5":0.169488,"11.6":0.051788,"12":0.09416,"12.1":0.183612,"15":null,"16":null,"17":null,"18":null,"19":null,"20":null,"21":null,"22":null,"23":null,"24":null,"25":null,"26":0.014124,"27":0.44726,"28":null,"29":null},"safari":{"3.1":null,"3.2":null,"4":0.02354,"5":0.127116,"5.1":0.277772,"6":0.183612,"6.1":0.16478,"7":0.287188,"7.1":0.334268,"8":0.861564},"android":{"2.1":0,"2.2":0,"2.3":0.292476664934,"3":0,"4":0.59111073334,"4.1":1.90417702381,"4.2-4.3":3.22340071775,"4.4":6.0219405959,"4.4.3-4.4.4":2.77391026427,"37":0},"ios_saf":{"3.2":0,"4.0-4.1":0,"4.2-4.3":0,"5.0-5.1":0.0454631633698,"6.0-6.1":0.139579887539,"7.0-7.1":1.76668257656,"8":0.379657294106,"8.1":5.61190907842},"op_mob":{"10":0,"11":0,"11.1":0,"11.5":0,"12":0.00441564179104,"12.1":0.0264938507463,"0":null},"ie":{"5.5":0.0141872926577,"6":0.0756655608411,"7":0.113498341262,"8":3.34820106722,"9":1.93892999655,"10":2.10444841089,"11":6.11945223302,"0":null},"ie_mob":{"10":0.188074894737,"11":0.399337105263},"bb":{"7":0.117747,"10":null},"and_uc":{"0":8.054424},"op_mini":{"5.0-8.0":3.07549450746},"and_chr":{"0":17.20688},"and_ff":{"0":0.153468}},"total":97.9125779024}