{"id":"BI","name":"Burundi","month":"2015-02","access_date":"2015-03-01","data":{"firefox":{"2":0.045108,"3":0.142842,"3.5":0.011277,"3.6":0.18795,"4":0.026313,"5":0.026313,"6":0.026313,"7":0.03759,"8":0.030072,"9":0.060144,"10":0.060144,"11":0.07518,"12":0.285684,"13":0.060144,"14":0.026313,"15":0.052626,"16":0.139083,"17":0.067662,"18":0.026313,"19":0.060144,"20":0.063903,"21":0.022554,"22":0.033831,"23":0.022554,"24":0.18795,"25":0.07518,"26":0.109011,"27":0.018795,"28":0.071421,"29":0.251853,"30":0.293202,"31":0.218022,"32":0.146601,"33":0.293202,"34":0.398454,"35":11.047701,"36":1.011171,"37":0.026313,"38":null,"39":null},"chrome":{"4":null,"5":null,"6":null,"7":null,"8":0.131565,"9":0.011277,"10":0.018795,"11":0.063903,"12":0.026313,"13":0.078939,"14":null,"15":null,"16":0.026313,"17":null,"18":0.033831,"19":null,"20":null,"21":0.003759,"22":null,"23":null,"24":0.071421,"25":0.022554,"26":0.003759,"27":0.018795,"28":0.011277,"29":0.015036,"30":0.015036,"31":0.11277,"32":0.003759,"33":0.184191,"34":0.007518,"35":0.07518,"36":0.330792,"37":0.018795,"38":0.172914,"39":0.308238,"40":10.653006,"41":0.101493,"42":0.11277,"43":null},"opera":{"9":null,"9.5-9.6":null,"10.0-10.1":0.018795,"10.5":null,"10.6":null,"11":0.007518,"11.1":0.007518,"11.5":0.022554,"11.6":0.011277,"12":null,"12.1":0.045108,"15":0.007518,"16":null,"17":null,"18":0.007518,"19":null,"20":0.015036,"21":0.026313,"22":null,"23":0.003759,"24":null,"25":null,"26":0.018795,"27":0.52626,"28":null,"29":null},"safari":{"3.1":null,"3.2":0.007518,"4":0,"5":0.011277,"5.1":0.154119,"6":0.015036,"6.1":0.048867,"7":0.161637,"7.1":0.116529,"8":0.33831},"android":{"2.1":0,"2.2":0,"2.3":0.0928266836469,"3":0,"4":0.187607613265,"4.1":0.604350566691,"4.2-4.3":1.02304776609,"4.4":1.91125256014,"4.4.3-4.4.4":0.880387810167,"37":0},"ios_saf":{"3.2":0,"4.0-4.1":0,"4.2-4.3":0,"5.0-5.1":0.00639390732001,"6.0-6.1":0.0196304172106,"7.0-7.1":0.248464994979,"8":0.0533947348127,"8.1":0.789254945677},"op_mob":{"10":0,"11":0,"11.1":0,"11.5":0,"12":0.0657633731343,"12.1":0.394580238806,"0":null},"ie":{"5.5":null,"6":0.0903114161819,"7":0.139230099947,"8":1.32456743733,"9":0.42521625119,"10":0.835380599683,"11":4.28979226864,"0":null},"ie_mob":{"10":0.265762583333,"11":0.564290416667},"bb":{"7":0.081133,"10":null},"and_uc":{"0":4.025445},"op_mini":{"5.0-8.0":45.8041893881},"and_chr":{"0":3.671921},"and_ff":{"0":0.106097}},"total":97.844486073}