{"id":"BJ","name":"Benin","month":"2015-02","access_date":"2015-03-01","data":{"firefox":{"2":0.024905,"3":0.24905,"3.5":0.034867,"3.6":0.094639,"4":0.039848,"5":0.04981,"6":0.044829,"7":0.069734,"8":0.044829,"9":0.054791,"10":0.139468,"11":0.254031,"12":0.204221,"13":0.084677,"14":0.094639,"15":0.124525,"16":0.104601,"17":0.074715,"18":0.089658,"19":0.114563,"20":0.134487,"21":0.084677,"22":0.039848,"23":0.089658,"24":0.119544,"25":0.159392,"26":0.09962,"27":0.089658,"28":0.059772,"29":0.24905,"30":0.358632,"31":0.363613,"32":0.29886,"33":0.363613,"34":0.557872,"35":10.943257,"36":0.921485,"37":0.04981,"38":null,"39":null},"chrome":{"4":0.079696,"5":0.029886,"6":0.089658,"7":0.054791,"8":0.184297,"9":0.054791,"10":0.273955,"11":0.084677,"12":0.886618,"13":0.503081,"14":0.204221,"15":0.154411,"16":0.224145,"17":0.029886,"18":0.079696,"19":0.039848,"20":0.014943,"21":0.014943,"22":0.024905,"23":0.019924,"24":0.059772,"25":0.044829,"26":0.224145,"27":0.283917,"28":0.189278,"29":0.39848,"30":0.174335,"31":0.403461,"32":0.029886,"33":0.234107,"34":0.313803,"35":0.179316,"36":0.722245,"37":0.283917,"38":0.463233,"39":0.657492,"40":18.439662,"41":0.159392,"42":0.184297,"43":null},"opera":{"9":null,"9.5-9.6":0.04981,"10.0-10.1":0,"10.5":null,"10.6":0.009962,"11":0.014943,"11.1":null,"11.5":0.044829,"11.6":0.034867,"12":0.019924,"12.1":0.089658,"15":0.019924,"16":0.004981,"17":null,"18":0.019924,"19":0.014943,"20":0.014943,"21":0.009962,"22":0.009962,"23":null,"24":null,"25":0.024905,"26":0.034867,"27":0.757112,"28":0.004981,"29":null},"safari":{"3.1":null,"3.2":null,"4":0.004981,"5":0.024905,"5.1":0.059772,"6":0.019924,"6.1":0.024905,"7":0.179316,"7.1":0.079696,"8":0.104601},"android":{"2.1":0,"2.2":0,"2.3":0.140875331116,"3":0,"4":0.284716458676,"4.1":0.917172550473,"4.2-4.3":1.55259443872,"4.4":2.90054892276,"4.4.3-4.4.4":1.33609129826,"37":0},"ios_saf":{"3.2":0,"4.0-4.1":0,"4.2-4.3":0,"5.0-5.1":0.0069229845366,"6.0-6.1":0.0212547770861,"7.0-7.1":0.269024749975,"8":0.0578129936741,"8.1":0.854563494728},"op_mob":{"10":0,"11":0,"11.1":0,"11.5":0,"12":0.0377049253731,"12.1":0.226229552239,"0":null},"ie":{"5.5":null,"6":0.172273896552,"7":0.0405350344828,"8":0.714429982759,"9":0.359748431034,"10":0.825901327586,"11":1.95074853448,"0":null},"ie_mob":{"10":0.286038973684,"11":0.607343026316},"bb":{"7":0.1129275,"10":null},"and_uc":{"0":6.615042},"op_mini":{"5.0-8.0":26.2614805224},"and_chr":{"0":4.315276},"and_ff":{"0":0.180684}},"total":96.1957257069}