{"id":"BM","name":"Bermuda","month":"2015-02","access_date":"2015-03-01","data":{"firefox":{"2":null,"3":null,"3.5":null,"3.6":0.009173,"4":null,"5":null,"6":null,"7":null,"8":null,"9":null,"10":0.018346,"11":null,"12":0.009173,"13":0.009173,"14":0.036692,"15":0.018346,"16":0.073384,"17":null,"18":null,"19":null,"20":null,"21":null,"22":0.009173,"23":0.009173,"24":0.036692,"25":0.018346,"26":0.055038,"27":0.018346,"28":0.027519,"29":0.009173,"30":0.018346,"31":0.155941,"32":0.027519,"33":0.055038,"34":0.128422,"35":6.292678,"36":0.357747,"37":null,"38":null,"39":null},"chrome":{"4":null,"5":null,"6":null,"7":null,"8":null,"9":null,"10":null,"11":0.210979,"12":0.027519,"13":null,"14":null,"15":null,"16":0.036692,"17":null,"18":0.027519,"19":null,"20":null,"21":0.009173,"22":0.036692,"23":null,"24":0.009173,"25":0.055038,"26":0.045865,"27":0.110076,"28":0.018346,"29":0.036692,"30":0.018346,"31":0.064211,"32":0.110076,"33":0.09173,"34":0.100903,"35":0.082557,"36":0.18346,"37":0.082557,"38":0.238498,"39":0.843916,"40":24.501083,"41":0.073384,"42":0.082557,"43":null},"opera":{"9":null,"9.5-9.6":null,"10.0-10.1":0,"10.5":null,"10.6":null,"11":null,"11.1":null,"11.5":null,"11.6":null,"12":null,"12.1":0.018346,"15":null,"16":null,"17":null,"18":null,"19":null,"20":null,"21":null,"22":null,"23":null,"24":null,"25":null,"26":null,"27":0.09173,"28":null,"29":null},"safari":{"3.1":null,"3.2":null,"4":0.174287,"5":0.513688,"5.1":1.458507,"6":0.321055,"6.1":0.953992,"7":0.559553,"7.1":2.137309,"8":3.146339},"android":{"2.1":0,"2.2":0,"2.3":0.0314619378314,"3":0,"4":0.0635862322487,"4.1":0.204833774197,"4.2-4.3":0.346743672731,"4.4":0.647784741033,"4.4.3-4.4.4":0.298391641959,"37":0},"ios_saf":{"3.2":0,"4.0-4.1":0,"4.2-4.3":0,"5.0-5.1":0.0175132342605,"6.0-6.1":0.0537687016769,"7.0-7.1":0.680558138367,"8":0.146250868561,"8.1":2.16180905713},"op_mob":{"10":0,"11":0,"11.1":0,"11.5":0,"12":1.29310589908e-5,"12.1":7.75863539446e-5,"0":null},"ie":{"5.5":null,"6":0.009173,"7":0.155941,"8":6.503657,"9":10.218722,"10":5.329513,"11":24.730408,"0":null},"ie_mob":{"10":0.0357459868421,"11":0.0758990131579},"bb":{"7":0.2022015,"10":null},"and_uc":{"0":0.001654},"op_mini":{"5.0-8.0":0.00900648258706},"and_chr":{"0":2.682417},"and_ff":{"0":0.020675}},"total":98.4930915}