{"id":"BN","name":"Brunei Darussalam","month":"2015-02","access_date":"2015-03-01","data":{"firefox":{"2":null,"3":0.010016,"3.5":0.145232,"3.6":0.065104,"4":0.020032,"5":null,"6":0.015024,"7":0.015024,"8":0.005008,"9":0.060096,"10":0.030048,"11":0.080128,"12":0.035056,"13":0.030048,"14":0.015024,"15":0.010016,"16":0.055088,"17":0.010016,"18":0.005008,"19":0.010016,"20":0.020032,"21":0.030048,"22":0.02504,"23":0.010016,"24":0.015024,"25":0.030048,"26":0.015024,"27":0.030048,"28":0.020032,"29":0.07512,"30":0.090144,"31":0.145232,"32":0.170272,"33":0.155248,"34":0.27544,"35":7.567088,"36":1.357168,"37":0.045072,"38":null,"39":null},"chrome":{"4":null,"5":0.005008,"6":0.02504,"7":null,"8":0.030048,"9":0.010016,"10":0.010016,"11":0.060096,"12":0.015024,"13":0.015024,"14":0.070112,"15":0.005008,"16":0.020032,"17":null,"18":0.010016,"19":0.005008,"20":0.005008,"21":0.010016,"22":0.060096,"23":0.015024,"24":0.005008,"25":0.045072,"26":0.020032,"27":0.02504,"28":0.020032,"29":0.020032,"30":0.020032,"31":0.295472,"32":0.07512,"33":0.495792,"34":0.090144,"35":0.180288,"36":0.671072,"37":0.27544,"38":0.52584,"39":1.682688,"40":23.667808,"41":0.110176,"42":0.265424,"43":null},"opera":{"9":null,"9.5-9.6":null,"10.0-10.1":0,"10.5":null,"10.6":null,"11":null,"11.1":null,"11.5":null,"11.6":null,"12":0.005008,"12.1":0.145232,"15":null,"16":null,"17":null,"18":null,"19":null,"20":null,"21":null,"22":0.010016,"23":null,"24":0.010016,"25":null,"26":0.030048,"27":0.485776,"28":0.005008,"29":null},"safari":{"3.1":null,"3.2":null,"4":0.065104,"5":0.245392,"5.1":0.520832,"6":0.115184,"6.1":0.415664,"7":0.335536,"7.1":0.535856,"8":1.287056},"android":{"2.1":0,"2.2":0,"2.3":0.216930658073,"3":0,"4":0.438428277368,"4.1":1.41233275808,"4.2-4.3":2.39080420002,"4.4":4.46648807568,"4.4.3-4.4.4":2.05741603077,"37":0},"ios_saf":{"3.2":0,"4.0-4.1":0,"4.2-4.3":0,"5.0-5.1":0.0477144773572,"6.0-6.1":0.146491816447,"7.0-7.1":1.85416784818,"8":0.398457740737,"8.1":5.88980811728},"op_mob":{"10":0,"11":0,"11.1":0,"11.5":0,"12":0.0218342345416,"12.1":0.131005407249,"0":null},"ie":{"5.5":null,"6":0.0100548217054,"7":0.0452466976744,"8":1.1160852093,"9":0.774221271318,"10":0.40722027907,"11":2.82037748837,"0":null},"ie_mob":{"10":0.0687275789474,"11":0.145928421053},"bb":{"7":0.011232,"10":null},"and_uc":{"0":3.040128},"op_mini":{"5.0-8.0":15.2075443582},"and_chr":{"0":10.804896},"and_ff":{"0":0.159744}},"total":97.8481977674}