{"id":"BO","name":"Bolivia","month":"2015-02","access_date":"2015-03-01","data":{"firefox":{"2":0.011114,"3":0.022228,"3.5":0.044456,"3.6":0.144482,"4":0.061127,"5":0.044456,"6":0.022228,"7":0.016671,"8":0.100026,"9":0.033342,"10":0.027785,"11":0.038899,"12":0.133368,"13":0.050013,"14":0.050013,"15":0.050013,"16":0.066684,"17":0.116697,"18":0.061127,"19":0.05557,"20":0.094469,"21":0.072241,"22":0.077798,"23":0.077798,"24":0.083355,"25":0.088912,"26":0.105583,"27":0.11114,"28":0.116697,"29":0.183381,"30":0.355648,"31":0.311192,"32":0.33342,"33":0.511244,"34":0.622384,"35":10.825036,"36":0.572371,"37":0.022228,"38":null,"39":null},"chrome":{"4":0.016671,"5":null,"6":0.005557,"7":null,"8":0.050013,"9":null,"10":0.011114,"11":0.250065,"12":0.027785,"13":0.044456,"14":0.022228,"15":0.011114,"16":0.011114,"17":null,"18":0.094469,"19":null,"20":null,"21":0.011114,"22":0.033342,"23":0.044456,"24":0.016671,"25":0.066684,"26":0.066684,"27":0.044456,"28":0.050013,"29":0.044456,"30":0.066684,"31":0.138925,"32":0.077798,"33":0.288964,"34":0.161153,"35":0.27785,"36":0.439003,"37":0.383433,"38":0.594599,"39":1.678214,"40":23.367185,"41":0.094469,"42":0.050013,"43":null},"opera":{"9":null,"9.5-9.6":null,"10.0-10.1":0,"10.5":null,"10.6":null,"11":null,"11.1":null,"11.5":null,"11.6":null,"12":0.005557,"12.1":0.05557,"15":null,"16":null,"17":null,"18":null,"19":null,"20":0.005557,"21":null,"22":0.005557,"23":null,"24":0.005557,"25":null,"26":0.027785,"27":0.38899,"28":0.005557,"29":null},"safari":{"3.1":0.011114,"3.2":null,"4":0.011114,"5":0.038899,"5.1":0.116697,"6":0.05557,"6.1":0.05557,"7":0.100026,"7.1":0.105583,"8":0.355648},"android":{"2.1":0,"2.2":0,"2.3":0.243623653186,"3":0,"4":0.492376225387,"4.1":1.58611820522,"4.2-4.3":2.68498910406,"4.4":5.01608279613,"4.4.3-4.4.4":2.31057801601,"37":0},"ios_saf":{"3.2":0,"4.0-4.1":0,"4.2-4.3":0,"5.0-5.1":0.0213606627171,"6.0-6.1":0.0655809820263,"7.0-7.1":0.830067858219,"8":0.178380271112,"8.1":2.63673022593},"op_mob":{"10":0,"11":0,"11.1":0,"11.5":0,"12":0.0073450021322,"12.1":0.0440700127932,"0":null},"ie":{"5.5":null,"6":0.0836713377609,"7":0.0613589810247,"8":2.39857834915,"9":0.937118982922,"10":1.33874140417,"11":3.98275567742,"0":null},"ie_mob":{"10":0.288775513158,"11":0.613153486842},"bb":{"7":0.05220525,"10":null},"and_uc":{"0":1.137408},"op_mini":{"5.0-8.0":5.11579398507},"and_chr":{"0":20.76705},"and_ff":{"0":0.373212}},"total":98.8734249824}