{"id":"BR","name":"Brazil","month":"2015-02","access_date":"2015-03-01","data":{"firefox":{"2":null,"3":0.023532,"3.5":null,"3.6":0.031376,"4":0.007844,"5":null,"6":null,"7":null,"8":null,"9":null,"10":0.015688,"11":0.015688,"12":0.023532,"13":0.015688,"14":0.023532,"15":0.031376,"16":0.023532,"17":0.023532,"18":0.007844,"19":0.015688,"20":0.031376,"21":0.023532,"22":0.015688,"23":0.015688,"24":0.03922,"25":0.015688,"26":0.031376,"27":0.023532,"28":0.031376,"29":0.047064,"30":0.07844,"31":0.227476,"32":0.133348,"33":0.133348,"34":0.188256,"35":6.62818,"36":0.47064,"37":0.015688,"38":null,"39":null},"chrome":{"4":null,"5":0.007844,"6":null,"7":null,"8":null,"9":null,"10":0.007844,"11":0.023532,"12":0.015688,"13":0.007844,"14":0.007844,"15":null,"16":null,"17":null,"18":0.031376,"19":null,"20":null,"21":0.007844,"22":0.101972,"23":0.007844,"24":0.015688,"25":0.047064,"26":0.03922,"27":0.023532,"28":0.031376,"29":0.062752,"30":0.023532,"31":0.203944,"32":0.101972,"33":0.776556,"34":0.227476,"35":0.486328,"36":1.184444,"37":0.698116,"38":0.933436,"39":2.39242,"40":44.255848,"41":0.35298,"42":0.258852,"43":null},"opera":{"9":null,"9.5-9.6":null,"10.0-10.1":0,"10.5":null,"10.6":null,"11":null,"11.1":null,"11.5":null,"11.6":null,"12":null,"12.1":0.03922,"15":null,"16":null,"17":null,"18":null,"19":null,"20":0.007844,"21":null,"22":null,"23":0.007844,"24":0.015688,"25":0.015688,"26":0.015688,"27":0.541236,"28":0.007844,"29":null},"safari":{"3.1":null,"3.2":null,"4":0.031376,"5":0.023532,"5.1":0.094128,"6":0.023532,"6.1":0.062752,"7":0.094128,"7.1":0.141192,"8":0.415732},"android":{"2.1":0,"2.2":0,"2.3":0.102463233184,"3":0,"4":0.207083587067,"4.1":0.667089576047,"4.2-4.3":1.12925268573,"4.4":2.10966404325,"4.4.3-4.4.4":0.971782874727,"37":0},"ios_saf":{"3.2":0,"4.0-4.1":0,"4.2-4.3":0,"5.0-5.1":0.012993802189,"6.0-6.1":0.0398932523346,"7.0-7.1":0.504934593835,"8":0.10850964635,"8.1":1.60393670529},"op_mob":{"10":0,"11":0,"11.1":0,"11.5":0,"12":0.000974567164179,"12.1":0.00584740298507,"0":null},"ie":{"5.5":null,"6":0.0240339833507,"7":0.0320453111342,"8":3.02828190219,"9":1.46607298439,"10":1.40999368991,"11":9.42132147347,"0":null},"ie_mob":{"10":0.300279736842,"11":0.637580263158},"bb":{"7":0.003773,"10":null},"and_uc":{"0":0.562716},"op_mini":{"5.0-8.0":0.678786029851},"and_chr":{"0":11.552392},"and_ff":{"0":0.099176}},"total":98.9622383444}