{"id":"BS","name":"Bahamas","month":"2015-02","access_date":"2015-03-01","data":{"firefox":{"2":null,"3":0.030228,"3.5":0.007557,"3.6":0.022671,"4":0.015114,"5":0.007557,"6":0.007557,"7":null,"8":null,"9":null,"10":0.007557,"11":0.015114,"12":0.030228,"13":0.007557,"14":null,"15":null,"16":0.045342,"17":0.015114,"18":0.007557,"19":null,"20":0.015114,"21":0.015114,"22":null,"23":0.030228,"24":null,"25":0.007557,"26":0.007557,"27":0.015114,"28":0.015114,"29":0.015114,"30":0.030228,"31":0.113355,"32":0.083127,"33":0.083127,"34":0.090684,"35":6.393222,"36":0.816156,"37":0.007557,"38":null,"39":null},"chrome":{"4":null,"5":null,"6":null,"7":null,"8":null,"9":null,"10":null,"11":0.068013,"12":0.007557,"13":null,"14":null,"15":null,"16":null,"17":null,"18":0.037785,"19":null,"20":0.015114,"21":0.136026,"22":0.022671,"23":null,"24":0.015114,"25":0.022671,"26":0.052899,"27":0.022671,"28":0.173811,"29":0.090684,"30":0.022671,"31":0.204039,"32":0.120912,"33":0.204039,"34":0.204039,"35":0.241824,"36":0.967296,"37":0.513876,"38":0.521433,"39":1.760781,"40":32.321289,"41":0.113355,"42":0.098241,"43":null},"opera":{"9":null,"9.5-9.6":null,"10.0-10.1":0,"10.5":null,"10.6":null,"11":null,"11.1":null,"11.5":null,"11.6":null,"12":null,"12.1":0.068013,"15":null,"16":null,"17":null,"18":null,"19":null,"20":null,"21":null,"22":null,"23":null,"24":null,"25":null,"26":0.015114,"27":0.498762,"28":null,"29":null},"safari":{"3.1":null,"3.2":null,"4":0.07557,"5":0.287166,"5.1":0.687687,"6":0.113355,"6.1":0.491205,"7":0.597003,"7.1":0.770814,"8":1.896807},"android":{"2.1":0,"2.2":0,"2.3":0.147034617944,"3":0,"4":0.297164701528,"4.1":0.957272749454,"4.2-4.3":1.62047626302,"4.4":3.02736539682,"4.4.3-4.4.4":1.39450727123,"37":0},"ios_saf":{"3.2":0,"4.0-4.1":0,"4.2-4.3":0,"5.0-5.1":0.0331243718245,"6.0-6.1":0.101697632794,"7.0-7.1":1.28720146651,"8":0.276617561201,"8.1":4.08882596767},"op_mob":{"10":0,"11":0,"11.1":0,"11.5":0,"12":0.00018752238806,"12.1":0.00112513432836,"0":null},"ie":{"5.5":null,"6":0.0385540298507,"7":0.285299820896,"8":2.49830113433,"9":1.76577456716,"10":2.25926614925,"11":15.8688386866,"0":null},"ie_mob":{"10":0.223705938596,"11":0.474992061404},"bb":{"7":0.11543175,"10":null},"and_uc":{"0":0.190554},"op_mini":{"5.0-8.0":0.130609343284},"and_chr":{"0":10.302618},"and_ff":{"0":0.095277}},"total":98.8996511381}