{"id":"BT","name":"Bhutan","month":"2015-02","access_date":"2015-03-01","data":{"firefox":{"2":null,"3":0.032664,"3.5":0.016332,"3.6":0.152432,"4":null,"5":0.016332,"6":0.010888,"7":0.016332,"8":0.005444,"9":null,"10":0.19054,"11":0.016332,"12":0.097992,"13":0.021776,"14":0.02722,"15":0.114324,"16":0.076216,"17":0.038108,"18":0.103436,"19":0.010888,"20":null,"21":0.032664,"22":0.021776,"23":0.092548,"24":0.010888,"25":0.005444,"26":0.016332,"27":0.038108,"28":0.048996,"29":0.103436,"30":0.223204,"31":0.114324,"32":0.141544,"33":0.168764,"34":0.440964,"35":6.636236,"36":1.404552,"37":0.048996,"38":0.032664,"39":null},"chrome":{"4":0.02722,"5":0.195984,"6":null,"7":0.005444,"8":0.021776,"9":0.010888,"10":0.4083,"11":0.05444,"12":0.059884,"13":0.097992,"14":0.201428,"15":0.059884,"16":0.010888,"17":null,"18":0.02722,"19":null,"20":null,"21":null,"22":0.010888,"23":0.02722,"24":0.005444,"25":0.005444,"26":0.005444,"27":0.02722,"28":0.070772,"29":0.038108,"30":0.174208,"31":0.070772,"32":0.048996,"33":0.51718,"34":0.130656,"35":0.261312,"36":3.881572,"37":0.179652,"38":0.174208,"39":1.480768,"40":25.50514,"41":0.337528,"42":0.849264,"43":null},"opera":{"9":null,"9.5-9.6":null,"10.0-10.1":0,"10.5":null,"10.6":null,"11":0.005444,"11.1":null,"11.5":null,"11.6":null,"12":null,"12.1":0.010888,"15":null,"16":null,"17":null,"18":null,"19":null,"20":0.005444,"21":null,"22":null,"23":null,"24":0.005444,"25":0.005444,"26":0.021776,"27":0.430076,"28":null,"29":null},"safari":{"3.1":null,"3.2":null,"4":0.016332,"5":0.059884,"5.1":0.2722,"6":0.021776,"6.1":0.092548,"7":0.10888,"7.1":0.168764,"8":0.24498},"android":{"2.1":0,"2.2":0,"2.3":0.116270597775,"3":0,"4":0.234988997609,"4.1":0.756982786568,"4.2-4.3":1.28142437759,"4.4":2.39395041314,"4.4.3-4.4.4":1.10273482732,"37":0},"ios_saf":{"3.2":0,"4.0-4.1":0,"4.2-4.3":0,"5.0-5.1":0.0178099845366,"6.0-6.1":0.0546797770861,"7.0-7.1":0.692089749975,"8":0.148728993674,"8.1":2.19843949473},"op_mob":{"10":0,"11":0,"11.1":0,"11.5":0,"12":0.0107051428571,"12.1":0.0642308571429,"0":null},"ie":{"5.5":null,"6":0.016332,"7":0.005444,"8":0.969032,"9":0.195984,"10":1.322892,"11":3.821688,"0":null},"ie_mob":{"10":0.857726947368,"11":1.82120105263},"bb":{"7":0.004556,"10":null},"and_uc":{"0":10.219108},"op_mini":{"5.0-8.0":7.456132},"and_chr":{"0":8.709368},"and_ff":{"0":0.082008}},"total":91.536228}