{"id":"BW","name":"Botswana","month":"2015-02","access_date":"2015-03-01","data":{"firefox":{"2":null,"3":0.03187,"3.5":0.019122,"3.6":0.09561,"4":0.76488,"5":0.025496,"6":0.012748,"7":0.038244,"8":0.025496,"9":0.025496,"10":0.057366,"11":0.133854,"12":0.184846,"13":0.03187,"14":0.044618,"15":0.09561,"16":0.133854,"17":0.070114,"18":0.331448,"19":0.044618,"20":0.057366,"21":0.140228,"22":0.057366,"23":0.146602,"24":0.03187,"25":0.038244,"26":0.535416,"27":0.267708,"28":0.070114,"29":0.643774,"30":0.325074,"31":0.197594,"32":0.235838,"33":0.560912,"34":0.873238,"35":10.523474,"36":1.606248,"37":0.070114,"38":0.019122,"39":null},"chrome":{"4":null,"5":null,"6":null,"7":0.006374,"8":null,"9":null,"10":null,"11":0.114732,"12":0.03187,"13":null,"14":null,"15":null,"16":0.044618,"17":0.006374,"18":0.070114,"19":0.025496,"20":null,"21":0.044618,"22":0.044618,"23":0.012748,"24":0.025496,"25":0.044618,"26":0.044618,"27":0.03187,"28":0.019122,"29":0.076488,"30":0.06374,"31":0.178472,"32":0.101984,"33":0.165724,"34":0.178472,"35":0.229464,"36":0.89236,"37":0.471676,"38":0.618278,"39":1.453272,"40":20.17371,"41":0.229464,"42":0.299578,"43":null},"opera":{"9":null,"9.5-9.6":null,"10.0-10.1":0,"10.5":null,"10.6":null,"11":0.006374,"11.1":null,"11.5":0.012748,"11.6":0.019122,"12":0.012748,"12.1":0.133854,"15":null,"16":null,"17":0.012748,"18":0.025496,"19":0.012748,"20":0.012748,"21":0.012748,"22":null,"23":null,"24":0.012748,"25":0.012748,"26":0.101984,"27":0.92423,"28":0.019122,"29":null},"safari":{"3.1":null,"3.2":null,"4":0.019122,"5":0.121106,"5.1":0.242212,"6":0.114732,"6.1":0.108358,"7":0.12748,"7.1":0.178472,"8":0.376066},"android":{"2.1":0,"2.2":0,"2.3":0.0844433163531,"3":0,"4":0.170664386735,"4.1":0.549770433309,"4.2-4.3":0.930654233912,"4.4":1.73864343986,"4.4.3-4.4.4":0.800878189833,"37":0},"ios_saf":{"3.2":0,"4.0-4.1":0,"4.2-4.3":0,"5.0-5.1":0.00718063781504,"6.0-6.1":0.0220458178532,"7.0-7.1":0.27903706597,"8":0.0599646245607,"8.1":0.886367853801},"op_mob":{"10":0,"11":0,"11.1":0,"11.5":0,"12":0.0113547661692,"12.1":0.0681285970149,"0":null},"ie":{"5.5":null,"6":0.115147027331,"7":0.652499821543,"8":2.94904331109,"9":2.69955808521,"10":2.49485225884,"11":6.95999809646,"0":null},"ie_mob":{"10":0.513142614035,"11":1.08954938596},"bb":{"7":0.281015,"10":null},"and_uc":{"0":11.164454},"op_mini":{"5.0-8.0":7.90859463682},"and_chr":{"0":4.071382},"and_ff":{"0":0.083398}},"total":93.4789116005}