{"id":"BY","name":"Belarus","month":"2015-02","access_date":"2015-03-01","data":{"firefox":{"2":0.008802,"3":0.052812,"3.5":0.105624,"3.6":0.17604,"4":0.017604,"5":0.008802,"6":0.026406,"7":0.008802,"8":0.008802,"9":0.026406,"10":0.026406,"11":0.052812,"12":0.061614,"13":0.017604,"14":0.017604,"15":0.017604,"16":0.017604,"17":0.026406,"18":0.026406,"19":0.070416,"20":0.017604,"21":0.026406,"22":0.017604,"23":0.035208,"24":0.070416,"25":0.04401,"26":0.052812,"27":0.052812,"28":0.035208,"29":0.052812,"30":0.08802,"31":0.246456,"32":0.17604,"33":0.246456,"34":0.360882,"35":10.21032,"36":0.580932,"37":0.017604,"38":0.017604,"39":null},"chrome":{"4":0.017604,"5":0.017604,"6":0.026406,"7":0.017604,"8":0.052812,"9":0.017604,"10":0.035208,"11":0.070416,"12":0.061614,"13":0.04401,"14":0.035208,"15":0.04401,"16":0.04401,"17":0.096822,"18":0.052812,"19":0.017604,"20":0.026406,"21":0.026406,"22":0.140832,"23":0.017604,"24":0.061614,"25":0.026406,"26":0.114426,"27":0.08802,"28":0.290466,"29":0.035208,"30":0.04401,"31":0.167238,"32":0.061614,"33":0.105624,"34":0.140832,"35":0.369684,"36":0.202446,"37":0.22005,"38":0.299268,"39":1.399518,"40":32.426568,"41":0.096822,"42":0.651348,"43":null},"opera":{"9":null,"9.5-9.6":0.04401,"10.0-10.1":0.052812,"10.5":0.017604,"10.6":0.061614,"11":0.079218,"11.1":0.035208,"11.5":0.105624,"11.6":0.26406,"12":0.536922,"12.1":8.62596,"15":0.052812,"16":0.123228,"17":0.061614,"18":0.13203,"19":0.070416,"20":0.202446,"21":0.079218,"22":0.149634,"23":0.079218,"24":0.105624,"25":0.140832,"26":0.431298,"27":11.873898,"28":0.105624,"29":0.017604},"safari":{"3.1":null,"3.2":null,"4":0.008802,"5":0.035208,"5.1":0.070416,"6":0.026406,"6.1":0.052812,"7":0.079218,"7.1":0.140832,"8":0.563328},"android":{"2.1":0,"2.2":0,"2.3":0.0563429899158,"3":0,"4":0.11387214804,"4.1":0.366822518557,"4.2-4.3":0.620959057282,"4.4":1.16007250816,"4.4.3-4.4.4":0.534368778043,"37":0},"ios_saf":{"3.2":0,"4.0-4.1":0,"4.2-4.3":0,"5.0-5.1":0.00751495692339,"6.0-6.1":0.0230722361683,"7.0-7.1":0.292028589216,"8":0.0627564823777,"8.1":0.927635735315},"op_mob":{"10":0,"11":0,"11.1":0,"11.5":0,"12":0.00339731343284,"12.1":0.020383880597,"0":null},"ie":{"5.5":null,"6":0.13327409894,"7":0.204353618375,"8":2.7276765583,"9":0.852954233216,"10":0.728565074205,"11":2.89649041696,"0":null},"ie_mob":{"10":0.202908622807,"11":0.430833377193},"bb":{"7":0.0026955,"10":null},"and_uc":{"0":0.324658},"op_mini":{"5.0-8.0":2.36622880597},"and_chr":{"0":4.655596},"and_ff":{"0":0.062296}},"total":94.9908475}