{"id":"BZ","name":"Belize","month":"2015-02","access_date":"2015-03-01","data":{"firefox":{"2":null,"3":0.022485,"3.5":null,"3.6":0.05996,"4":0.01499,"5":0.052465,"6":0.01499,"7":0.022485,"8":0.01499,"9":0.037475,"10":0.037475,"11":0.05996,"12":0.067455,"13":0.02998,"14":0.01499,"15":0.04497,"16":0.01499,"17":0.01499,"18":0.02998,"19":0.022485,"20":0.02998,"21":0.07495,"22":0.04497,"23":0.112425,"24":0.097435,"25":0.052465,"26":0.05996,"27":0.082445,"28":0.022485,"29":0.05996,"30":0.127415,"31":0.4497,"32":0.20986,"33":0.457195,"34":0.4497,"35":14.682705,"36":1.31912,"37":0.04497,"38":0.01499,"39":null},"chrome":{"4":null,"5":null,"6":null,"7":null,"8":null,"9":null,"10":null,"11":0.127415,"12":0.01499,"13":null,"14":null,"15":null,"16":0.007495,"17":null,"18":0.067455,"19":0.04497,"20":0.022485,"21":0.02998,"22":0.037475,"23":0.01499,"24":0.037475,"25":0.01499,"26":0.02998,"27":0.02998,"28":0.052465,"29":0.007495,"30":0.037475,"31":0.11992,"32":0.08994,"33":0.1499,"34":0.07495,"35":0.25483,"36":0.94437,"37":0.382245,"38":0.32978,"39":1.341605,"40":33.8774,"41":0.277315,"42":0.352265,"43":null},"opera":{"9":null,"9.5-9.6":null,"10.0-10.1":0,"10.5":null,"10.6":null,"11":null,"11.1":0.01499,"11.5":0.02998,"11.6":null,"12":0.01499,"12.1":0.02998,"15":null,"16":null,"17":null,"18":null,"19":null,"20":null,"21":null,"22":null,"23":null,"24":null,"25":null,"26":0.01499,"27":0.37475,"28":0.04497,"29":null},"safari":{"3.1":null,"3.2":null,"4":0.022485,"5":0.11992,"5.1":0.46469,"6":0.05996,"6.1":0.25483,"7":0.20986,"7.1":0.876915,"8":1.296635},"android":{"2.1":0,"2.2":0,"2.3":0.167985263541,"3":0,"4":0.339507058946,"4.1":1.09367247895,"4.2-4.3":1.85137443081,"4.4":3.45872816301,"4.4.3-4.4.4":1.59320760474,"37":0},"ios_saf":{"3.2":0,"4.0-4.1":0,"4.2-4.3":0,"5.0-5.1":0.0373916336982,"6.0-6.1":0.114798875389,"7.0-7.1":1.45302576564,"8":0.312252941058,"8.1":4.61557078422},"op_mob":{"10":0,"11":0,"11.1":0,"11.5":0,"12":0.00117149253731,"12.1":0.00702895522388,"0":null},"ie":{"5.5":null,"6":0.240129487025,"7":0.0900485576343,"8":1.02805436632,"9":1.15562315631,"10":1.6508902233,"11":8.26945920941,"0":null},"ie_mob":{"10":0.254246513158,"11":0.539838486842},"bb":{"7":0.0764025,"10":null},"and_uc":{"0":0.34068},"op_mini":{"5.0-8.0":0.815944552239},"and_chr":{"0":7.72436},"and_ff":{"0":0.10521}},"total":98.9080275}