{"id":"CA","name":"Canada","month":"2015-02","access_date":"2015-03-01","data":{"firefox":{"2":null,"3":0.056294,"3.5":null,"3.6":0.064336,"4":0.008042,"5":null,"6":null,"7":null,"8":null,"9":null,"10":0.016084,"11":0.016084,"12":0.024126,"13":0.008042,"14":0.008042,"15":0.008042,"16":0.056294,"17":0.016084,"18":0.008042,"19":0.016084,"20":0.024126,"21":0.024126,"22":0.016084,"23":0.016084,"24":0.048252,"25":0.024126,"26":0.048252,"27":0.168882,"28":0.04021,"29":0.048252,"30":0.064336,"31":1.32693,"32":0.836368,"33":0.136714,"34":0.28147,"35":10.149004,"36":0.611192,"37":0.016084,"38":null,"39":null},"chrome":{"4":null,"5":null,"6":null,"7":null,"8":null,"9":null,"10":null,"11":0.056294,"12":null,"13":null,"14":null,"15":null,"16":null,"17":0.008042,"18":0.016084,"19":null,"20":0.016084,"21":0.024126,"22":0.04021,"23":0.016084,"24":0.016084,"25":0.016084,"26":0.032168,"27":0.032168,"28":0.032168,"29":0.144756,"30":0.048252,"31":0.377974,"32":0.128672,"33":0.176924,"34":0.184966,"35":0.386016,"36":1.44756,"37":2.275886,"38":0.587066,"39":1.938122,"40":26.21692,"41":0.168882,"42":0.104546,"43":null},"opera":{"9":null,"9.5-9.6":null,"10.0-10.1":0,"10.5":null,"10.6":null,"11":null,"11.1":null,"11.5":null,"11.6":null,"12":null,"12.1":0.088462,"15":null,"16":null,"17":null,"18":null,"19":null,"20":null,"21":null,"22":null,"23":null,"24":null,"25":0.016084,"26":0.008042,"27":0.233218,"28":null,"29":null},"safari":{"3.1":null,"3.2":null,"4":0.144756,"5":0.265386,"5.1":1.029376,"6":0.184966,"6.1":0.868536,"7":1.214342,"7.1":1.841618,"8":3.128338},"android":{"2.1":0,"2.2":0,"2.3":0.0401452084416,"3":0,"4":0.0811355791662,"4.1":0.261366436012,"4.2-4.3":0.442442455141,"4.4":0.826568712756,"4.4.3-4.4.4":0.380745608483,"37":0},"ios_saf":{"3.2":0,"4.0-4.1":0,"4.2-4.3":0,"5.0-5.1":0.0598205470429,"6.0-6.1":0.183659574254,"7.0-7.1":2.32460546842,"8":0.499554041972,"8.1":7.38416436831},"op_mob":{"10":0,"11":0,"11.1":0,"11.5":0,"12":8.07135749822e-5,"12.1":0.000484281449893,"0":null},"ie":{"5.5":null,"6":0.0588819756385,"7":0.117763951277,"8":3.28897892495,"9":2.4393961336,"10":1.74122413674,"11":13.7615588778,"0":null},"ie_mob":{"10":0.0539137017544,"11":0.114474298246},"bb":{"7":0.11748,"10":null},"and_uc":{"0":0.050908},"op_mini":{"5.0-8.0":0.0562170049751},"and_chr":{"0":6.393086},"and_ff":{"0":0.0979}},"total":98.477906}