{"id":"CD","name":"Congo, Democratic Republic of the","month":"2015-02","access_date":"2015-03-01","data":{"firefox":{"2":0.01349,"3":0.203699,"3.5":0.012141,"3.6":0.058007,"4":0.016188,"5":0.006745,"6":0.005396,"7":0.010792,"8":0.010792,"9":0.016188,"10":0.009443,"11":0.020235,"12":0.047215,"13":0.021584,"14":0.024282,"15":0.025631,"16":0.035074,"17":0.01349,"18":0.032376,"19":0.022933,"20":0.024282,"21":0.020235,"22":0.020235,"23":0.022933,"24":0.014839,"25":0.029678,"26":0.016188,"27":0.025631,"28":0.017537,"29":0.055309,"30":0.114665,"31":0.08094,"32":0.102524,"33":0.172672,"34":0.292733,"35":3.109445,"36":0.299478,"37":0.012141,"38":0.004047,"39":null},"chrome":{"4":0.006745,"5":0.014839,"6":0.006745,"7":0.010792,"8":0.002698,"9":0.002698,"10":0.014839,"11":0.047215,"12":0.032376,"13":0.004047,"14":0.031027,"15":0.005396,"16":0.001349,"17":null,"18":0.004047,"19":0.001349,"20":0.005396,"21":0.004047,"22":0.002698,"23":0.004047,"24":null,"25":0.008094,"26":0.018886,"27":0.004047,"28":0.005396,"29":0.01349,"30":0.009443,"31":0.098477,"32":0.008094,"33":0.024282,"34":0.012141,"35":0.044517,"36":0.145692,"37":0.041819,"38":0.029678,"39":0.199652,"40":3.670629,"41":0.02698,"42":0.018886,"43":null},"opera":{"9":null,"9.5-9.6":0.006745,"10.0-10.1":0.002698,"10.5":0.002698,"10.6":0.008094,"11":0.006745,"11.1":0.004047,"11.5":0.009443,"11.6":0.024282,"12":0.016188,"12.1":0.062054,"15":0.010792,"16":0.004047,"17":0.005396,"18":0.006745,"19":0.004047,"20":0.008094,"21":0.006745,"22":0.018886,"23":0.006745,"24":0.008094,"25":0.012141,"26":0.064752,"27":0.435727,"28":0.004047,"29":null},"safari":{"3.1":null,"3.2":null,"4":0.001349,"5":0.016188,"5.1":0.084987,"6":0.052611,"6.1":0.022933,"7":0.043168,"7.1":0.060705,"8":0.095779},"android":{"2.1":0,"2.2":0,"2.3":0.240427469591,"3":0,"4":0.485916570122,"4.1":1.56530936781,"4.2-4.3":2.64976379644,"4.4":4.95027505811,"4.4.3-4.4.4":2.28026473791,"37":0},"ios_saf":{"3.2":0,"4.0-4.1":0,"4.2-4.3":0,"5.0-5.1":0.00465428838237,"6.0-6.1":0.0142894818757,"7.0-7.1":0.180864013455,"8":0.0388673907019,"8.1":0.574518825585},"op_mob":{"10":0,"11":0,"11.1":0,"11.5":0,"12":0.0785291911869,"12.1":0.471175147122,"0":null},"ie":{"5.5":null,"6":0.0351729672686,"7":0.0243505158014,"8":0.373374575621,"9":0.215096222912,"10":0.566825895598,"11":1.17288317777,"0":null},"ie_mob":{"10":0.911276609649,"11":1.93490239035},"bb":{"7":0.1254395,"10":null},"and_uc":{"0":5.398224},"op_mini":{"5.0-8.0":54.6955816617},"and_chr":{"0":2.975831},"and_ff":{"0":0.129765}},"total":92.834316855}