{"id":"CF","name":"Central African Republic","month":"2015-02","access_date":"2015-03-01","data":{"firefox":{"2":0.029106,"3":0.135828,"3.5":0.006468,"3.6":0.029106,"4":0.01617,"5":0.042042,"6":0.029106,"7":0.009702,"8":null,"9":0.04851,"10":0.038808,"11":0.01617,"12":0.203742,"13":0.038808,"14":0.051744,"15":0.042042,"16":0.042042,"17":0.074382,"18":0.025872,"19":0.022638,"20":0.058212,"21":0.03234,"22":0.019404,"23":0.006468,"24":0.029106,"25":0.045276,"26":0.100254,"27":0.042042,"28":0.019404,"29":0.132594,"30":0.698544,"31":0.168168,"32":0.122892,"33":0.401016,"34":0.297528,"35":10.539606,"36":0.4851,"37":0.029106,"38":null,"39":null},"chrome":{"4":null,"5":null,"6":null,"7":null,"8":0.042042,"9":null,"10":null,"11":0.006468,"12":0.019404,"13":null,"14":null,"15":null,"16":null,"17":null,"18":null,"19":null,"20":null,"21":null,"22":null,"23":null,"24":null,"25":0.006468,"26":0.022638,"27":null,"28":0.006468,"29":null,"30":0.006468,"31":1.173942,"32":null,"33":0.025872,"34":0.01617,"35":0.009702,"36":0.01617,"37":0.054978,"38":0.029106,"39":0.219912,"40":8.272572,"41":null,"42":0.042042,"43":null},"opera":{"9":null,"9.5-9.6":null,"10.0-10.1":0,"10.5":null,"10.6":null,"11":null,"11.1":0.022638,"11.5":null,"11.6":0.006468,"12":0.006468,"12.1":0.122892,"15":null,"16":null,"17":null,"18":null,"19":null,"20":0.025872,"21":0.006468,"22":0.012936,"23":null,"24":null,"25":null,"26":0.067914,"27":1.27743,"28":0.116424,"29":null},"safari":{"3.1":null,"3.2":null,"4":0,"5":0.181104,"5.1":0.087318,"6":null,"6.1":0.01617,"7":0.04851,"7.1":0.252252,"8":0.297528},"android":{"2.1":0,"2.2":0,"2.3":0.155964775964,"3":0,"4":0.315213020896,"4.1":1.01541277825,"4.2-4.3":1.71889600457,"4.4":3.21123265038,"4.4.3-4.4.4":1.47920276993,"37":0},"ios_saf":{"3.2":0,"4.0-4.1":0,"4.2-4.3":0,"5.0-5.1":0.00546022110654,"6.0-6.1":0.0167638367306,"7.0-7.1":0.212182276333,"8":0.0455976359072,"8.1":0.674002029923},"op_mob":{"10":0,"11":0,"11.1":0,"11.5":0,"12":0.0764793631841,"12.1":0.458876179104,"0":null},"ie":{"5.5":null,"6":0.029106,"7":0.109956,"8":0.966966,"9":0.249018,"10":0.966966,"11":2.968812,"0":null},"ie_mob":{"10":0.047658754386,"11":0.101193245614},"bb":{"7":0.020298,"10":null},"and_uc":{"0":1.745628},"op_mini":{"5.0-8.0":53.2678764577},"and_chr":{"0":2.789844},"and_ff":{"0":0.087958}},"total":99.384724}