{"id":"CG","name":"Congo, Republic of the","month":"2015-02","access_date":"2015-03-01","data":{"firefox":{"2":0.019842,"3":0.152122,"3.5":0.059526,"3.6":0.145508,"4":0.171964,"5":0.119052,"6":0.026456,"7":0.052912,"8":0.079368,"9":0.03307,"10":0.06614,"11":0.476208,"12":0.3307,"13":0.16535,"14":0.13228,"15":0.119052,"16":0.205034,"17":0.06614,"18":0.085982,"19":0.125666,"20":0.072754,"21":0.059526,"22":0.085982,"23":0.059526,"24":0.092596,"25":0.191806,"26":0.178578,"27":0.06614,"28":0.079368,"29":0.26456,"30":0.324086,"31":0.515892,"32":0.436524,"33":0.515892,"34":0.720926,"35":17.818116,"36":1.408782,"37":0.079368,"38":null,"39":null},"chrome":{"4":0.09921,"5":0.013228,"6":null,"7":null,"8":0.006614,"9":0.145508,"10":0.039684,"11":0.105824,"12":0.085982,"13":null,"14":0.026456,"15":0.019842,"16":0.006614,"17":null,"18":null,"19":0.013228,"20":null,"21":0.03307,"22":0.03307,"23":0.03307,"24":0.013228,"25":0.03307,"26":0.218262,"27":0.019842,"28":0.013228,"29":0.039684,"30":0.152122,"31":0.813522,"32":0.079368,"33":0.178578,"34":0.019842,"35":0.205034,"36":0.6614,"37":0.085982,"38":0.191806,"39":1.130994,"40":16.343194,"41":0.191806,"42":0.125666,"43":null},"opera":{"9":null,"9.5-9.6":null,"10.0-10.1":0,"10.5":0.006614,"10.6":0.026456,"11":0.039684,"11.1":0.019842,"11.5":0.019842,"11.6":0.052912,"12":0.059526,"12.1":0.324086,"15":0.03307,"16":0.019842,"17":0.026456,"18":0.019842,"19":null,"20":0.059526,"21":0.03307,"22":0.026456,"23":0.013228,"24":null,"25":0.006614,"26":0.119052,"27":1.038398,"28":null,"29":null},"safari":{"3.1":null,"3.2":null,"4":0,"5":0.244718,"5.1":0.185192,"6":0.145508,"6.1":0.105824,"7":0.46298,"7.1":0.171964,"8":0.317472},"android":{"2.1":0,"2.2":0,"2.3":0.13035343175,"3":0,"4":0.263451146273,"4.1":0.84866944776,"4.2-4.3":1.43663203202,"4.4":2.68390855266,"4.4.3-4.4.4":1.23629938954,"37":0},"ios_saf":{"3.2":0,"4.0-4.1":0,"4.2-4.3":0,"5.0-5.1":0.0143797051913,"6.0-6.1":0.0441482176925,"7.0-7.1":0.558790298223,"8":0.120083152124,"8.1":1.77501062677},"op_mob":{"10":0,"11":0,"11.1":0,"11.5":0,"12":0.0185736659559,"12.1":0.111441995736,"0":null},"ie":{"5.5":null,"6":0.0466058324468,"7":0.0599217845745,"8":1.7310737766,"9":1.58459830319,"10":3.22911839096,"11":8.36907591223,"0":null},"ie_mob":{"10":0.192972298246,"11":0.409735701754},"bb":{"7":0.318284,"10":null},"and_uc":{"0":3.494352},"op_mini":{"5.0-8.0":12.9365583383},"and_chr":{"0":5.508616},"and_ff":{"0":0.281038}},"total":97.762688}