{"id":"CH","name":"Switzerland","month":"2015-02","access_date":"2015-03-01","data":{"firefox":{"2":null,"3":0.015666,"3.5":null,"3.6":0.046998,"4":0.007833,"5":0.007833,"6":null,"7":null,"8":null,"9":0.007833,"10":0.023499,"11":0.015666,"12":0.046998,"13":0.015666,"14":0.015666,"15":0.015666,"16":0.070497,"17":0.054831,"18":0.015666,"19":0.031332,"20":0.023499,"21":0.023499,"22":0.015666,"23":0.015666,"24":0.07833,"25":0.023499,"26":0.046998,"27":0.117495,"28":0.046998,"29":0.062664,"30":0.07833,"31":0.407316,"32":0.140994,"33":0.195825,"34":0.375984,"35":15.478008,"36":0.86163,"37":0.015666,"38":0.015666,"39":null},"chrome":{"4":null,"5":null,"6":null,"7":null,"8":null,"9":null,"10":null,"11":0.046998,"12":null,"13":null,"14":null,"15":null,"16":null,"17":null,"18":0.007833,"19":null,"20":null,"21":0.039165,"22":0.07833,"23":0.007833,"24":0.015666,"25":0.015666,"26":0.031332,"27":0.015666,"28":0.023499,"29":0.023499,"30":0.023499,"31":0.195825,"32":0.093996,"33":0.148827,"34":0.219324,"35":0.250656,"36":0.281988,"37":0.297654,"38":0.368151,"39":1.378608,"40":23.624328,"41":0.164493,"42":0.086163,"43":null},"opera":{"9":null,"9.5-9.6":null,"10.0-10.1":0,"10.5":null,"10.6":null,"11":null,"11.1":null,"11.5":null,"11.6":0.015666,"12":null,"12.1":0.328986,"15":null,"16":null,"17":null,"18":null,"19":null,"20":null,"21":null,"22":null,"23":null,"24":0.007833,"25":0.015666,"26":0.015666,"27":0.681471,"28":null,"29":null},"safari":{"3.1":null,"3.2":null,"4":0.101829,"5":0.352485,"5.1":1.511769,"6":0.297654,"6.1":1.080954,"7":0.853797,"7.1":2.091411,"8":4.574472},"android":{"2.1":0,"2.2":0,"2.3":0.0428038257615,"3":0,"4":0.086508784697,"4.1":0.278675434037,"4.2-4.3":0.471743216551,"4.4":0.8813082441,"4.4.3-4.4.4":0.405960494854,"37":0},"ios_saf":{"3.2":0,"4.0-4.1":0,"4.2-4.3":0,"5.0-5.1":0.0711173758409,"6.0-6.1":0.218342820564,"7.0-7.1":2.76359627171,"8":0.593892471935,"8.1":8.77862905995},"op_mob":{"10":0,"11":0,"11.1":0,"11.5":0,"12":6.77668798863e-5,"12.1":0.000406601279318,"0":null},"ie":{"5.5":null,"6":0.0235763948127,"7":0.070729184438,"8":1.08451416138,"9":2.31048669164,"10":1.65820643516,"11":13.9336493343,"0":null},"ie_mob":{"10":0.163047741228,"11":0.346197258772},"bb":{"7":0.015169,"10":null},"and_uc":{"0":0.041173},"op_mini":{"5.0-8.0":0.0471996318408},"and_chr":{"0":6.238117},"and_ff":{"0":0.143022}},"total":98.4521812017}