{"id":"CI","name":"Cote d'Ivoire","month":"2015-02","access_date":"2015-03-01","data":{"firefox":{"2":0.01199,"3":0.05995,"3.5":0.017985,"3.6":0.04796,"4":0.053955,"5":0.02398,"6":0.029975,"7":0.02398,"8":0.02398,"9":0.029975,"10":0.065945,"11":0.077935,"12":0.14388,"13":0.07194,"14":0.077935,"15":0.1199,"16":0.125895,"17":0.09592,"18":0.05995,"19":0.065945,"20":0.149875,"21":0.07194,"22":0.07194,"23":0.07194,"24":0.089925,"25":0.08393,"26":0.125895,"27":0.125895,"28":0.08393,"29":0.221815,"30":0.497585,"31":0.62348,"32":0.449625,"33":0.68343,"34":0.737385,"35":14.16019,"36":0.977185,"37":0.09592,"38":0.005995,"39":null},"chrome":{"4":0.065945,"5":0.065945,"6":0.053955,"7":0.07194,"8":0.053955,"9":0.20383,"10":0.05995,"11":0.257785,"12":0.365695,"13":0.149875,"14":0.13189,"15":0.1199,"16":0.125895,"17":0.02398,"18":0.017985,"19":0.017985,"20":0.01199,"21":0.017985,"22":0.041965,"23":0.053955,"24":0.005995,"25":0.04796,"26":0.101915,"27":0.10791,"28":0.113905,"29":0.07194,"30":0.329725,"31":0.257785,"32":0.065945,"33":0.221815,"34":0.089925,"35":0.22781,"36":1.04313,"37":0.281765,"38":0.34771,"39":1.564695,"40":23.434455,"41":0.257785,"42":0.09592,"43":null},"opera":{"9":null,"9.5-9.6":null,"10.0-10.1":0,"10.5":null,"10.6":null,"11":null,"11.1":null,"11.5":0.01199,"11.6":0.017985,"12":0.017985,"12.1":0.053955,"15":0.017985,"16":0.01199,"17":0.01199,"18":0.01199,"19":0.03597,"20":0.01199,"21":null,"22":0.01199,"23":null,"24":null,"25":0.029975,"26":0.077935,"27":1.33089,"28":0.017985,"29":null},"safari":{"3.1":null,"3.2":null,"4":0.017985,"5":0.089925,"5.1":0.137885,"6":0.065945,"6.1":0.07194,"7":0.14388,"7.1":0.16786,"8":0.33572},"android":{"2.1":0,"2.2":0,"2.3":0.257579083065,"3":0,"4":0.520580883668,"4.1":1.67697539869,"4.2-4.3":2.83879263125,"4.4":5.30341775237,"4.4.3-4.4.4":2.44293425096,"37":0},"ios_saf":{"3.2":0,"4.0-4.1":0,"4.2-4.3":0,"5.0-5.1":0.00767903152927,"6.0-6.1":0.0235759739934,"7.0-7.1":0.29840447083,"8":0.064126649262,"8.1":0.947888874385},"op_mob":{"10":0,"11":0,"11.1":0,"11.5":0,"12":0.0141185501066,"12.1":0.0847113006397,"0":null},"ie":{"5.5":null,"6":0.0786566203704,"7":0.0423535648148,"8":0.629252962963,"9":0.502192268519,"10":0.707909583333,"11":2.60171898148,"0":null},"ie_mob":{"10":0.233379078947,"11":0.495530921053},"bb":{"7":0.11714625,"10":null},"and_uc":{"0":2.81952},"op_mini":{"5.0-8.0":9.83357014925},"and_chr":{"0":6.782745},"and_ff":{"0":0.2403}},"total":93.4061552315}