{"id":"CK","name":"Cook Islands","month":"2015-02","access_date":"2015-03-01","data":{"firefox":{"2":null,"3":null,"3.5":null,"3.6":0.027531,"4":0.009177,"5":0.09177,"6":0.009177,"7":null,"8":null,"9":null,"10":0.009177,"11":null,"12":0.036708,"13":0.018354,"14":null,"15":0.027531,"16":0.036708,"17":0.009177,"18":null,"19":null,"20":0.027531,"21":null,"22":null,"23":null,"24":null,"25":null,"26":null,"27":null,"28":null,"29":0.137655,"30":0.027531,"31":4.120473,"32":null,"33":0.174363,"34":0.192717,"35":4.414137,"36":0.211071,"37":null,"38":null,"39":null},"chrome":{"4":null,"5":null,"6":null,"7":null,"8":null,"9":null,"10":null,"11":null,"12":0.036708,"13":null,"14":null,"15":null,"16":null,"17":null,"18":0.027531,"19":null,"20":null,"21":null,"22":null,"23":null,"24":null,"25":null,"26":null,"27":null,"28":0.055062,"29":null,"30":null,"31":null,"32":0.027531,"33":0.009177,"34":0.009177,"35":0.009177,"36":0.165186,"37":0.156009,"38":0.073416,"39":0.330372,"40":7.011228,"41":0.018354,"42":null,"43":null},"opera":{"9":null,"9.5-9.6":null,"10.0-10.1":0,"10.5":null,"10.6":null,"11":null,"11.1":null,"11.5":null,"11.6":null,"12":null,"12.1":null,"15":null,"16":null,"17":null,"18":null,"19":null,"20":null,"21":null,"22":null,"23":null,"24":null,"25":null,"26":null,"27":0.018354,"28":null,"29":null},"safari":{"3.1":null,"3.2":null,"4":0.027531,"5":null,"5.1":0.073416,"6":0.027531,"6.1":0.110124,"7":0.174363,"7.1":0.220248,"8":0.871815},"android":{"2.1":0,"2.2":0,"2.3":0.0356502141595,"3":0,"4":0.0720509591434,"4.1":0.232101657449,"4.2-4.3":0.392902886579,"4.4":0.734019146273,"4.4.3-4.4.4":0.338114136397,"37":0},"ios_saf":{"3.2":0,"4.0-4.1":0,"4.2-4.3":0,"5.0-5.1":0.0122988875389,"6.0-6.1":0.037759742444,"7.0-7.1":0.477930454363,"8":0.102706499448,"8.1":1.51815741621},"op_mob":{"10":0,"11":0,"11.1":0,"11.5":0,"12":0.000147402985075,"12.1":0.000884417910448,"0":null},"ie":{"5.5":null,"6":null,"7":0.045885,"8":5.221713,"9":3.331251,"10":1.339842,"11":3.248658,"0":null},"ie_mob":{"10":0.0972331184211,"11":0.206453881579},"bb":{"7":0.00061725,"10":null},"and_uc":{"0":0.046911},"op_mini":{"5.0-8.0":0.102666179104},"and_chr":{"0":3.797119},"and_ff":{"0":0.031274}},"total":40.45744525}