{"id":"CL","name":"Chile","month":"2015-02","access_date":"2015-03-01","data":{"firefox":{"2":null,"3":0.014596,"3.5":null,"3.6":0.03649,"4":null,"5":null,"6":null,"7":null,"8":null,"9":null,"10":0.007298,"11":0.007298,"12":0.021894,"13":null,"14":null,"15":null,"16":0.021894,"17":0.007298,"18":0.014596,"19":null,"20":0.014596,"21":0.007298,"22":0.007298,"23":0.014596,"24":0.014596,"25":0.007298,"26":0.021894,"27":0.014596,"28":0.021894,"29":0.029192,"30":0.102172,"31":0.131364,"32":0.080278,"33":0.087576,"34":0.21894,"35":7.210424,"36":0.394092,"37":0.014596,"38":null,"39":null},"chrome":{"4":0.007298,"5":0.007298,"6":null,"7":null,"8":null,"9":null,"10":null,"11":0.03649,"12":0.014596,"13":null,"14":null,"15":null,"16":null,"17":null,"18":0.014596,"19":null,"20":null,"21":0.021894,"22":0.131364,"23":0.007298,"24":0.014596,"25":0.014596,"26":0.065682,"27":0.043788,"28":0.021894,"29":0.03649,"30":0.029192,"31":0.233536,"32":0.10947,"33":0.18245,"34":0.25543,"35":0.591138,"36":0.737098,"37":0.788184,"38":1.029018,"39":3.17463,"40":43.20416,"41":0.29192,"42":0.094874,"43":null},"opera":{"9":null,"9.5-9.6":null,"10.0-10.1":0,"10.5":null,"10.6":null,"11":null,"11.1":null,"11.5":0.03649,"11.6":null,"12":null,"12.1":0.226238,"15":null,"16":null,"17":null,"18":null,"19":null,"20":0.007298,"21":null,"22":null,"23":null,"24":null,"25":null,"26":0.021894,"27":0.810078,"28":0.029192,"29":null},"safari":{"3.1":null,"3.2":null,"4":0.03649,"5":0.07298,"5.1":0.197046,"6":0.065682,"6.1":0.153258,"7":0.233536,"7.1":0.40139,"8":0.883058},"android":{"2.1":0,"2.2":0,"2.3":0.127931371244,"3":0,"4":0.258556034515,"4.1":0.832900559102,"4.2-4.3":1.40993837571,"4.4":2.63403960162,"4.4.3-4.4.4":1.2133280578,"37":0},"ios_saf":{"3.2":0,"4.0-4.1":0,"4.2-4.3":0,"5.0-5.1":0.0237539415604,"6.0-6.1":0.0729287679486,"7.0-7.1":0.923069834321,"8":0.19836624882,"8.1":2.93215320735},"op_mob":{"10":0,"11":0,"11.1":0,"11.5":0,"12":0.0016400199005,"12.1":0.00984011940299,"0":null},"ie":{"5.5":null,"6":0.0599415765921,"7":0.11239045611,"8":1.58845177969,"9":0.846674769363,"10":1.10891916695,"11":4.99013625129,"0":null},"ie_mob":{"10":0.276836491228,"11":0.587803508772},"bb":{"7":0.0182385,"10":null},"and_uc":{"0":0.091868},"op_mini":{"5.0-8.0":1.1422738607},"and_chr":{"0":14.553762},"and_ff":{"0":0.16212}},"total":99.0355365}