{"id":"CM","name":"Cameroon","month":"2015-02","access_date":"2015-03-01","data":{"firefox":{"2":0.053334,"3":0.248892,"3.5":0.171854,"3.6":0.32593,"4":0.106668,"5":0.05926,"6":0.047408,"7":0.053334,"8":0.11852,"9":0.071112,"10":0.183706,"11":0.225188,"12":0.337782,"13":0.26667,"14":0.160002,"15":0.242966,"16":0.361486,"17":0.248892,"18":0.154076,"19":0.302226,"20":0.314078,"21":0.260744,"22":0.219262,"23":0.290374,"24":0.320004,"25":0.438524,"26":0.450376,"27":0.308152,"28":0.308152,"29":0.693342,"30":1.078532,"31":1.031124,"32":0.930382,"33":1.528908,"34":1.522982,"35":20.047658,"36":2.737812,"37":0.14815,"38":0.02963,"39":0.005926},"chrome":{"4":0.047408,"5":0.011852,"6":0.023704,"7":0.02963,"8":0.023704,"9":0.005926,"10":0.041482,"11":0.100742,"12":0.071112,"13":0.041482,"14":0.017778,"15":0.041482,"16":0.02963,"17":0.017778,"18":0.017778,"19":0.023704,"20":0.005926,"21":0.023704,"22":0.02963,"23":0.017778,"24":0.017778,"25":0.071112,"26":0.023704,"27":0.041482,"28":0.065186,"29":0.077038,"30":0.094816,"31":0.189632,"32":0.05926,"33":0.231114,"34":0.071112,"35":0.124446,"36":0.426672,"37":0.082964,"38":0.136298,"39":0.657786,"40":11.419402,"41":0.171854,"42":0.160002,"43":null},"opera":{"9":null,"9.5-9.6":null,"10.0-10.1":0,"10.5":null,"10.6":null,"11":0.011852,"11.1":0.005926,"11.5":0.023704,"11.6":0.035556,"12":0.035556,"12.1":0.136298,"15":0.011852,"16":0.011852,"17":null,"18":0.011852,"19":0.017778,"20":0.035556,"21":0.017778,"22":0.023704,"23":0.011852,"24":0.005926,"25":0.011852,"26":0.136298,"27":0.924456,"28":0.005926,"29":null},"safari":{"3.1":null,"3.2":null,"4":0.041482,"5":0.047408,"5.1":0.08889,"6":0.023704,"6.1":0.100742,"7":0.065186,"7.1":0.154076,"8":0.160002},"android":{"2.1":0,"2.2":0,"2.3":0.0993828984302,"3":0,"4":0.200858068406,"4.1":0.647034975569,"4.2-4.3":1.09530415428,"4.4":2.04624157189,"4.4.3-4.4.4":0.942568331427,"37":0},"ios_saf":{"3.2":0,"4.0-4.1":0,"4.2-4.3":0,"5.0-5.1":0.00468679767045,"6.0-6.1":0.0143892910935,"7.0-7.1":0.182127312983,"8":0.0391388717743,"8.1":0.578531726479},"op_mob":{"10":0,"11":0,"11.1":0,"11.5":0,"12":0.0342424477612,"12.1":0.205454686567,"0":null},"ie":{"5.5":null,"6":0.0936919807923,"7":0.0874458487395,"8":0.986888864346,"9":0.424736979592,"10":0.874458487395,"11":2.69832904682,"0":null},"ie_mob":{"10":0.251748184211,"11":0.534533815789},"bb":{"7":0.0947205,"10":null},"and_uc":{"0":3.4629},"op_mini":{"5.0-8.0":23.8498648657},"and_chr":{"0":2.447368},"and_ff":{"0":0.301476}},"total":95.5024937077}