{"id":"CN","name":"China","month":"2015-02","access_date":"2015-03-01","data":{"firefox":{"2":null,"3":0.030352,"3.5":null,"3.6":0.015176,"4":null,"5":null,"6":null,"7":null,"8":1.358252,"9":null,"10":null,"11":null,"12":null,"13":null,"14":null,"15":null,"16":0.015176,"17":null,"18":null,"19":null,"20":null,"21":0.007588,"22":0.007588,"23":null,"24":0.015176,"25":0.007588,"26":0.007588,"27":0.015176,"28":0.015176,"29":0.015176,"30":0.022764,"31":0.068292,"32":0.053116,"33":0.068292,"34":0.136584,"35":1.851472,"36":0.098644,"37":null,"38":null,"39":null},"chrome":{"4":null,"5":null,"6":null,"7":null,"8":null,"9":null,"10":null,"11":0.07588,"12":0.015176,"13":null,"14":0.015176,"15":null,"16":null,"17":0.083468,"18":0.015176,"19":null,"20":0.11382,"21":0.751212,"22":0.030352,"23":0.022764,"24":0.03794,"25":0.053116,"26":0.106232,"27":0.121408,"28":0.07588,"29":0.121408,"30":1.768004,"31":22.771588,"32":0.235228,"33":0.902972,"34":0.91056,"35":0.30352,"36":0.295932,"37":0.349048,"38":4.734912,"39":3.710532,"40":2.572332,"41":0.121408,"42":0.053116,"43":null},"opera":{"9":null,"9.5-9.6":null,"10.0-10.1":0,"10.5":null,"10.6":null,"11":null,"11.1":null,"11.5":null,"11.6":null,"12":null,"12.1":0.045528,"15":null,"16":null,"17":null,"18":null,"19":null,"20":null,"21":null,"22":null,"23":0.007588,"24":0.007588,"25":0.007588,"26":0.007588,"27":0.182112,"28":null,"29":null},"safari":{"3.1":null,"3.2":null,"4":0.030352,"5":0.022764,"5.1":0.022764,"6":0.015176,"6.1":0.015176,"7":0.060704,"7.1":0.07588,"8":0.280756},"android":{"2.1":0,"2.2":0,"2.3":0.165083709325,"3":0,"4":0.333642865163,"4.1":1.07478183387,"4.2-4.3":1.81939624909,"4.4":3.39898668884,"4.4.3-4.4.4":1.56568865371,"37":0},"ios_saf":{"3.2":0,"4.0-4.1":0,"4.2-4.3":0,"5.0-5.1":0.0184434806708,"6.0-6.1":0.0566247213576,"7.0-7.1":0.716707187469,"8":0.154019242093,"8.1":2.27663736841},"op_mob":{"10":0,"11":0,"11.1":0,"11.5":0,"12":9.6e-5,"12.1":0.000576,"0":null},"ie":{"5.5":null,"6":1.91718621201,"7":0.127106268199,"8":11.4289719489,"9":4.27924436271,"10":2.11843780332,"11":4.98892102682,"0":null},"ie_mob":{"10":0.0370686315789,"11":0.0787073684211},"bb":{"7":0.002412,"10":null},"and_uc":{"0":8.263512},"op_mini":{"5.0-8.0":0.066864},"and_chr":{"0":1.352128},"and_ff":{"0":0.02412}},"total":91.224263622}