{"id":"CO","name":"Colombia","month":"2015-02","access_date":"2015-03-01","data":{"firefox":{"2":null,"3":0.023076,"3.5":0.007692,"3.6":0.046152,"4":0.007692,"5":null,"6":0.007692,"7":null,"8":0.007692,"9":null,"10":0.015384,"11":0.015384,"12":0.030768,"13":0.015384,"14":0.023076,"15":0.007692,"16":0.023076,"17":0.015384,"18":0.015384,"19":0.015384,"20":0.015384,"21":0.023076,"22":0.015384,"23":0.023076,"24":0.015384,"25":0.015384,"26":0.023076,"27":0.015384,"28":0.023076,"29":0.030768,"30":0.053844,"31":0.130764,"32":0.099996,"33":0.107688,"34":0.138456,"35":5.476704,"36":0.284604,"37":0.015384,"38":null,"39":null},"chrome":{"4":null,"5":null,"6":null,"7":null,"8":0.015384,"9":null,"10":null,"11":0.07692,"12":0.023076,"13":0.023076,"14":null,"15":0.007692,"16":null,"17":null,"18":0.061536,"19":null,"20":0.015384,"21":0.030768,"22":0.199992,"23":0.030768,"24":0.023076,"25":0.023076,"26":0.099996,"27":0.053844,"28":0.084612,"29":0.061536,"30":0.07692,"31":0.276912,"32":0.11538,"33":0.184608,"34":0.253836,"35":0.453828,"36":0.553824,"37":0.73074,"38":1.030728,"39":2.61528,"40":50.528748,"41":0.26922,"42":0.084612,"43":null},"opera":{"9":null,"9.5-9.6":null,"10.0-10.1":0,"10.5":null,"10.6":null,"11":null,"11.1":null,"11.5":null,"11.6":null,"12":null,"12.1":0.030768,"15":null,"16":null,"17":null,"18":null,"19":null,"20":0.007692,"21":null,"22":null,"23":null,"24":null,"25":null,"26":0.015384,"27":0.569208,"28":0.007692,"29":null},"safari":{"3.1":null,"3.2":null,"4":0.030768,"5":0.046152,"5.1":0.1923,"6":0.107688,"6.1":0.184608,"7":0.292296,"7.1":0.492288,"8":1.084572},"android":{"2.1":0,"2.2":0,"2.3":0.121722465953,"3":0,"4":0.246007510136,"4.1":0.792477317809,"4.2-4.3":1.34150970371,"4.4":2.50620150951,"4.4.3-4.4.4":1.15444149288,"37":0},"ios_saf":{"3.2":0,"4.0-4.1":0,"4.2-4.3":0,"5.0-5.1":0.0121265596947,"6.0-6.1":0.0372306657295,"7.0-7.1":0.471233854805,"8":0.101267410784,"8.1":1.49688550899},"op_mob":{"10":0,"11":0,"11.1":0,"11.5":0,"12":0.0028509623312,"12.1":0.0171057739872,"0":null},"ie":{"5.5":null,"6":0.0402041162791,"7":0.0643265860465,"8":1.5277564186,"9":0.812123148837,"10":1.02922537674,"11":3.44147235349,"0":null},"ie_mob":{"10":0.292630105263,"11":0.621337894737},"bb":{"7":0.147712,"10":null},"and_uc":{"0":0.306964},"op_mini":{"5.0-8.0":1.98569526368},"and_chr":{"0":12.102124},"and_ff":{"0":0.106168}},"total":98.629932}