{"id":"CR","name":"Costa Rica","month":"2015-02","access_date":"2015-03-01","data":{"firefox":{"2":null,"3":0.019749,"3.5":null,"3.6":0.046081,"4":0.013166,"5":0.006583,"6":0.006583,"7":0.013166,"8":0.013166,"9":0.006583,"10":0.032915,"11":0.019749,"12":0.059247,"13":0.006583,"14":0.032915,"15":0.006583,"16":0.06583,"17":0.013166,"18":0.019749,"19":0.013166,"20":0.026332,"21":0.052664,"22":0.013166,"23":0.026332,"24":0.026332,"25":0.026332,"26":0.026332,"27":0.019749,"28":0.039498,"29":0.046081,"30":0.078996,"31":0.230405,"32":0.125077,"33":0.151409,"34":0.250154,"35":9.953496,"36":0.533223,"37":0.026332,"38":null,"39":null},"chrome":{"4":null,"5":null,"6":null,"7":null,"8":null,"9":null,"10":null,"11":0.052664,"12":null,"13":null,"14":null,"15":null,"16":null,"17":null,"18":0.032915,"19":0.006583,"20":null,"21":0.026332,"22":0.032915,"23":null,"24":0.019749,"25":0.019749,"26":0.039498,"27":0.039498,"28":0.039498,"29":0.032915,"30":0.032915,"31":0.151409,"32":0.118494,"33":0.111911,"34":0.151409,"35":0.296235,"36":0.546389,"37":0.520057,"38":0.763628,"39":2.396212,"40":33.619381,"41":0.144826,"42":0.078996,"43":null},"opera":{"9":null,"9.5-9.6":null,"10.0-10.1":0,"10.5":null,"10.6":null,"11":null,"11.1":0.019749,"11.5":0.013166,"11.6":null,"12":0.006583,"12.1":0.059247,"15":null,"16":null,"17":null,"18":null,"19":null,"20":null,"21":0.013166,"22":null,"23":null,"24":null,"25":null,"26":0.013166,"27":0.533223,"28":0.013166,"29":null},"safari":{"3.1":null,"3.2":null,"4":0.052664,"5":0.13166,"5.1":0.388397,"6":0.171158,"6.1":0.342316,"7":0.375231,"7.1":0.849207,"8":2.080228},"android":{"2.1":0,"2.2":0,"2.3":0.235285973594,"3":0,"4":0.475525336106,"4.1":1.53183552282,"4.2-4.3":2.59309909845,"4.4":4.84441436158,"4.4.3-4.4.4":2.23150170745,"37":0},"ios_saf":{"3.2":0,"4.0-4.1":0,"4.2-4.3":0,"5.0-5.1":0.03070462195,"6.0-6.1":0.0942685761623,"7.0-7.1":1.19317083543,"8":0.256410527161,"8.1":3.7901354393},"op_mob":{"10":0,"11":0,"11.1":0,"11.5":0,"12":0.004182,"12.1":0.025092,"0":null},"ie":{"5.5":null,"6":0.0134483526608,"7":0.100862644956,"8":1.01535062589,"9":0.880867099285,"10":1.05569568388,"11":5.39951359333,"0":null},"ie_mob":{"10":0.377443618421,"11":0.801421381579},"bb":{"7":0.013668,"10":null},"and_uc":{"0":0.427125},"op_mini":{"5.0-8.0":2.912763},"and_chr":{"0":10.909939},"and_ff":{"0":0.13668}},"total":97.733799}