{"id":"CU","name":"Cuba","month":"2015-02","access_date":"2015-03-01","data":{"firefox":{"2":0.049165,"3":0.226159,"3.5":0.934135,"3.6":0.993133,"4":0.717809,"5":0.157328,"6":0.304823,"7":0.344155,"8":0.176994,"9":0.265491,"10":0.501483,"11":0.403153,"12":0.599813,"13":0.226159,"14":0.216326,"15":0.766974,"16":0.334322,"17":0.924302,"18":0.639145,"19":0.530982,"20":1.032465,"21":0.580147,"22":0.806306,"23":0.816139,"24":1.681443,"25":5.417983,"26":3.274389,"27":1.27829,"28":1.101296,"29":3.520214,"30":2.802405,"31":3.14656,"32":2.910568,"33":4.985331,"34":4.454349,"35":24.592333,"36":1.76994,"37":0.09833,"38":0.127829,"39":0.019666},"chrome":{"4":0.039332,"5":0.009833,"6":0.088497,"7":null,"8":0.029499,"9":0.019666,"10":0.127829,"11":0.029499,"12":0.039332,"13":0.009833,"14":0.049165,"15":0.029499,"16":0.019666,"17":0.039332,"18":0.117996,"19":0.039332,"20":0.019666,"21":0.108163,"22":0.127829,"23":0.216326,"24":0.09833,"25":0.245825,"26":0.117996,"27":0.285157,"28":0.255658,"29":0.226159,"30":0.19666,"31":0.432652,"32":0.19666,"33":0.855471,"34":1.012799,"35":0.176994,"36":0.275324,"37":0.383487,"38":1.642111,"39":0.668644,"40":4.061029,"41":0.019666,"42":0.127829,"43":null},"opera":{"9":null,"9.5-9.6":null,"10.0-10.1":0.019666,"10.5":null,"10.6":0.009833,"11":0.009833,"11.1":null,"11.5":0.049165,"11.6":0.039332,"12":0.019666,"12.1":0.137662,"15":null,"16":null,"17":0.009833,"18":null,"19":null,"20":0.049165,"21":null,"22":0.009833,"23":null,"24":0.019666,"25":0.049165,"26":0.019666,"27":0.137662,"28":0.009833,"29":0.019666},"safari":{"3.1":null,"3.2":null,"4":0.019666,"5":0.049165,"5.1":0.068831,"6":0.029499,"6.1":0.019666,"7":0.029499,"7.1":0.039332,"8":0.147495},"android":{"2.1":0,"2.2":0,"2.3":0.00846441210105,"3":0,"4":0.0171070223516,"4.1":0.0551077777316,"4.2-4.3":0.093286731261,"4.4":0.174277790207,"4.4.3-4.4.4":0.0802782663479,"37":0},"ios_saf":{"3.2":0,"4.0-4.1":0,"4.2-4.3":0,"5.0-5.1":0.00307964835827,"6.0-6.1":0.00945506074907,"7.0-7.1":0.119674054624,"8":0.0257177652375,"8.1":0.380147471031},"op_mob":{"10":0,"11":0,"11.1":0,"11.5":0,"12":9.30547263682e-5,"12.1":0.000558328358209,"0":null},"ie":{"5.5":0.0404557714286,"6":0.445013485714,"7":0.121367314286,"8":3.80284251429,"9":0.758545714286,"10":1.5575472,"11":3.185892,"0":null},"ie_mob":{"10":0.00748570175439,"11":0.0158942982456},"bb":{"7":0.006012,"10":null},"and_uc":{"0":0.031062},"op_mini":{"5.0-8.0":0.0648126169154},"and_chr":{"0":0.473178},"and_ff":{"0":0.084168}},"total":98.740902}