{"id":"CV","name":"Cape Verde","month":"2015-02","access_date":"2015-03-01","data":{"firefox":{"2":0.015928,"3":0.007964,"3.5":0.03982,"3.6":0.047784,"4":0.023892,"5":0.007964,"6":0.023892,"7":0.015928,"8":0.007964,"9":0.055748,"10":0.023892,"11":0.031856,"12":0.374308,"13":0.111496,"14":0.055748,"15":0.023892,"16":0.023892,"17":0.023892,"18":0.023892,"19":0.055748,"20":0.031856,"21":0.023892,"22":0.063712,"23":0.031856,"24":0.023892,"25":0.015928,"26":0.07964,"27":0.11946,"28":0.047784,"29":0.103532,"30":0.390236,"31":0.111496,"32":0.183172,"33":0.230956,"34":0.493768,"35":8.210884,"36":0.581372,"37":0.03982,"38":null,"39":null},"chrome":{"4":0.015928,"5":null,"6":0.015928,"7":null,"8":null,"9":null,"10":0.007964,"11":0.063712,"12":0.11946,"13":null,"14":null,"15":0.015928,"16":null,"17":0.007964,"18":0.031856,"19":0.047784,"20":0.031856,"21":0.015928,"22":0.031856,"23":0.007964,"24":0.007964,"25":0.03982,"26":0.03982,"27":0.023892,"28":0.055748,"29":0.023892,"30":0.103532,"31":0.342452,"32":0.175208,"33":1.584836,"34":0.31856,"35":0.461912,"36":1.887468,"37":0.270776,"38":0.493768,"39":1.775972,"40":40.791608,"41":0.191136,"42":0.27874,"43":null},"opera":{"9":null,"9.5-9.6":null,"10.0-10.1":0,"10.5":null,"10.6":null,"11":null,"11.1":null,"11.5":null,"11.6":0.007964,"12":null,"12.1":0.063712,"15":0.007964,"16":null,"17":null,"18":0.031856,"19":null,"20":0.015928,"21":0.031856,"22":null,"23":null,"24":null,"25":null,"26":0.015928,"27":0.95568,"28":null,"29":null},"safari":{"3.1":null,"3.2":0.007964,"4":0.007964,"5":0.07964,"5.1":0.11946,"6":0.047784,"6.1":0.15928,"7":0.095568,"7.1":0.191136,"8":0.95568},"android":{"2.1":0,"2.2":0,"2.3":0.163036631666,"3":0,"4":0.329505613473,"4.1":1.0614542809,"4.2-4.3":1.79683529847,"4.4":3.35683843726,"4.4.3-4.4.4":1.54627373823,"37":0},"ios_saf":{"3.2":0,"4.0-4.1":0,"4.2-4.3":0,"5.0-5.1":0.0153702769354,"6.0-6.1":0.0471894467316,"7.0-7.1":0.597283568631,"8":0.12835529511,"8.1":1.89728541259},"op_mob":{"10":0,"11":0,"11.1":0,"11.5":0,"12":0.00375654299929,"12.1":0.0225392579957,"0":null},"ie":{"5.5":null,"6":0.0240020379965,"7":0.0240020379965,"8":1.60813654577,"9":1.02408695452,"10":1.96016643638,"11":9.20878191134,"0":null},"ie_mob":{"10":0.228808894737,"11":0.485827105263},"bb":{"7":0.005599,"10":null},"and_uc":{"0":0.934524},"op_mini":{"5.0-8.0":2.616432199},"and_chr":{"0":5.389536},"and_ff":{"0":0.067188}},"total":98.398166924}