{"id":"CY","name":"Cyprus","month":"2015-02","access_date":"2015-03-01","data":{"firefox":{"2":null,"3":0.058926,"3.5":null,"3.6":0.033672,"4":0.016836,"5":0.008418,"6":0.016836,"7":null,"8":null,"9":0.008418,"10":0.008418,"11":0.008418,"12":0.025254,"13":null,"14":0.008418,"15":0.016836,"16":0.04209,"17":null,"18":null,"19":0.058926,"20":0.008418,"21":0.033672,"22":0.008418,"23":0.008418,"24":0.016836,"25":0.025254,"26":0.025254,"27":0.016836,"28":0.025254,"29":0.025254,"30":0.04209,"31":0.109434,"32":0.075762,"33":0.092598,"34":0.16836,"35":11.103342,"36":0.791292,"37":0.033672,"38":null,"39":null},"chrome":{"4":0.008418,"5":null,"6":null,"7":null,"8":null,"9":null,"10":null,"11":0.075762,"12":0.008418,"13":null,"14":0.151524,"15":0.008418,"16":null,"17":null,"18":0.050508,"19":null,"20":0.033672,"21":0.008418,"22":0.075762,"23":0.016836,"24":null,"25":0.033672,"26":0.04209,"27":0.033672,"28":0.050508,"29":0.016836,"30":0.33672,"31":0.202032,"32":0.134688,"33":0.134688,"34":0.134688,"35":0.328302,"36":0.67344,"37":0.404064,"38":0.690276,"39":3.53556,"40":43.933542,"41":0.134688,"42":0.202032,"43":null},"opera":{"9":null,"9.5-9.6":null,"10.0-10.1":0,"10.5":null,"10.6":null,"11":null,"11.1":null,"11.5":null,"11.6":null,"12":null,"12.1":0.143106,"15":null,"16":null,"17":null,"18":null,"19":null,"20":0.008418,"21":null,"22":null,"23":null,"24":null,"25":0.025254,"26":0.008418,"27":0.816546,"28":null,"29":null},"safari":{"3.1":null,"3.2":null,"4":0.058926,"5":0.109434,"5.1":0.328302,"6":0.04209,"6.1":0.151524,"7":0.16836,"7.1":0.564006,"8":0.976488},"android":{"2.1":0,"2.2":0,"2.3":0.0834649319056,"3":0,"4":0.168687020272,"4.1":0.543400635617,"4.2-4.3":0.919871407423,"4.4":1.71849901902,"4.4.3-4.4.4":0.791598985757,"37":0},"ios_saf":{"3.2":0,"4.0-4.1":0,"4.2-4.3":0,"5.0-5.1":0.0199652244201,"6.0-6.1":0.0612967416407,"7.0-7.1":0.775841615624,"8":0.166727137263,"8.1":2.46447928105},"op_mob":{"10":0,"11":0,"11.1":0,"11.5":0,"12":0.000209134328358,"12.1":0.00125480597015,"0":null},"ie":{"5.5":null,"6":0.0255485072886,"7":0.110710198251,"8":2.70814177259,"9":1.09006964431,"10":0.834584571429,"11":9.83617530612,"0":null},"ie_mob":{"10":0.0876275350877,"11":0.186058464912},"bb":{"7":0.0122605,"10":null},"and_uc":{"0":0.22939},"op_mini":{"5.0-8.0":0.145662059701},"and_chr":{"0":7.581206},"and_ff":{"0":0.07119}},"total":98.4156565}