{"id":"CZ","name":"Czech Republic","month":"2015-02","access_date":"2015-03-01","data":{"firefox":{"2":null,"3":0.018664,"3.5":null,"3.6":0.04666,"4":0.009332,"5":null,"6":null,"7":null,"8":null,"9":0.018664,"10":0.018664,"11":0.009332,"12":0.065324,"13":0.009332,"14":0.009332,"15":0.009332,"16":0.027996,"17":0.027996,"18":0.027996,"19":0.018664,"20":0.037328,"21":0.055992,"22":0.018664,"23":0.037328,"24":0.055992,"25":0.065324,"26":0.065324,"27":0.027996,"28":0.065324,"29":0.055992,"30":0.074656,"31":3.275532,"32":2.0997,"33":0.167976,"34":0.335952,"35":17.982764,"36":1.11984,"37":0.018664,"38":0.009332,"39":null},"chrome":{"4":null,"5":null,"6":null,"7":null,"8":null,"9":null,"10":null,"11":0.102652,"12":0.018664,"13":0.009332,"14":null,"15":0.027996,"16":null,"17":null,"18":0.018664,"19":null,"20":0.055992,"21":null,"22":0.102652,"23":null,"24":0.027996,"25":0.018664,"26":0.04666,"27":0.04666,"28":0.018664,"29":0.037328,"30":0.037328,"31":0.149312,"32":0.04666,"33":0.102652,"34":0.177308,"35":0.195972,"36":3.144884,"37":4.666,"38":0.354616,"39":1.3998,"40":30.42232,"41":0.167976,"42":0.055992,"43":null},"opera":{"9":null,"9.5-9.6":null,"10.0-10.1":0,"10.5":null,"10.6":null,"11":null,"11.1":0.009332,"11.5":0.018664,"11.6":0.027996,"12":0.027996,"12.1":1.101176,"15":0.018664,"16":0.009332,"17":0.018664,"18":0.018664,"19":0.009332,"20":0.083988,"21":0.04666,"22":null,"23":null,"24":null,"25":0.009332,"26":0.065324,"27":2.780936,"28":0.037328,"29":null},"safari":{"3.1":null,"3.2":null,"4":0.018664,"5":0.055992,"5.1":0.111984,"6":0.027996,"6.1":0.111984,"7":1.110508,"7.1":0.251964,"8":1.427796},"android":{"2.1":0,"2.2":0,"2.3":0.0388848362616,"3":0,"4":0.078588300655,"4.1":0.253160749766,"4.2-4.3":0.428551827009,"4.4":0.800618312922,"4.4.3-4.4.4":0.368791973386,"37":0},"ios_saf":{"3.2":0,"4.0-4.1":0,"4.2-4.3":0,"5.0-5.1":0.00613253378853,"6.0-6.1":0.0188279546139,"7.0-7.1":0.238308111256,"8":0.0512120365499,"8.1":0.756991363792},"op_mob":{"10":0,"11":0,"11.1":0,"11.5":0,"12":0.0003693702914,"12.1":0.0022162217484,"0":null},"ie":{"5.5":null,"6":0.0846365559846,"7":0.0846365559846,"8":2.15353014672,"9":1.36358895753,"10":1.07206304247,"11":12.2723006178,"0":null},"ie_mob":{"10":0.112927157895,"11":0.239776842105},"bb":{"7":0.012859,"10":null},"and_uc":{"0":0.0501},"op_mini":{"5.0-8.0":0.25726640796},"and_chr":{"0":2.956028},"and_ff":{"0":0.067468}},"total":98.5098228764}