{"id":"DE","name":"Germany","month":"2015-02","access_date":"2015-03-01","data":{"firefox":{"2":0.016258,"3":0.024387,"3.5":0.016258,"3.6":0.130064,"4":0.016258,"5":0.016258,"6":0.016258,"7":0.016258,"8":0.016258,"9":0.024387,"10":0.056903,"11":0.024387,"12":0.089419,"13":0.024387,"14":0.024387,"15":0.032516,"16":0.073161,"17":0.056903,"18":0.032516,"19":0.032516,"20":0.048774,"21":0.040645,"22":0.040645,"23":0.048774,"24":0.154451,"25":0.040645,"26":0.097548,"27":0.195096,"28":0.113806,"29":0.121935,"30":0.195096,"31":0.747868,"32":0.349547,"33":0.422708,"34":0.780384,"35":29.435109,"36":1.560768,"37":0.032516,"38":0.032516,"39":null},"chrome":{"4":null,"5":null,"6":null,"7":null,"8":null,"9":null,"10":null,"11":0.097548,"12":null,"13":null,"14":null,"15":null,"16":null,"17":null,"18":0.024387,"19":null,"20":null,"21":0.024387,"22":0.073161,"23":0.008129,"24":0.016258,"25":0.008129,"26":0.040645,"27":0.024387,"28":0.032516,"29":0.024387,"30":0.032516,"31":0.211354,"32":0.056903,"33":0.130064,"34":0.105677,"35":0.260128,"36":0.333289,"37":0.463353,"38":0.32516,"39":1.040512,"40":19.314504,"41":0.170709,"42":0.113806,"43":null},"opera":{"9":null,"9.5-9.6":null,"10.0-10.1":0.008129,"10.5":null,"10.6":null,"11":null,"11.1":null,"11.5":0.008129,"11.6":0.040645,"12":0.016258,"12.1":0.707223,"15":null,"16":null,"17":null,"18":0.008129,"19":null,"20":0.016258,"21":null,"22":0.016258,"23":0.016258,"24":0.024387,"25":0.040645,"26":0.048774,"27":1.503865,"28":0.016258,"29":null},"safari":{"3.1":null,"3.2":null,"4":0.065032,"5":0.154451,"5.1":0.56903,"6":0.08129,"6.1":0.333289,"7":0.333289,"7.1":0.788513,"8":2.089153},"android":{"2.1":0,"2.2":0,"2.3":0.0847795051461,"3":0,"4":0.171343841979,"4.1":0.551959199293,"4.2-4.3":0.934359388294,"4.4":1.74556539017,"4.4.3-4.4.4":0.804066675122,"37":0},"ios_saf":{"3.2":0,"4.0-4.1":0,"4.2-4.3":0,"5.0-5.1":0.0291381149714,"6.0-6.1":0.0894591249121,"7.0-7.1":1.13229692389,"8":0.243328819761,"8.1":3.59676801647},"op_mob":{"10":0,"11":0,"11.1":0,"11.5":0,"12":0.000257977256574,"12.1":0.00154786353945,"0":null},"ie":{"5.5":null,"6":0.0491487727772,"7":0.0982975455543,"8":1.28605955434,"9":1.41712294841,"10":0.974783993414,"11":11.0912397234,"0":null},"ie_mob":{"10":0.140776337719,"11":0.298908662281},"bb":{"7":0.00982275,"10":null},"and_uc":{"0":0.188971},"op_mini":{"5.0-8.0":0.179681159204},"and_chr":{"0":8.237171},"and_ff":{"0":0.278779}},"total":98.6513752879}