{"id":"DJ","name":"Djibouti","month":"2015-02","access_date":"2015-03-01","data":{"firefox":{"2":0.00539,"3":0.03773,"3.5":0.01078,"3.6":0.09702,"4":0.10241,"5":0.02695,"6":0.04312,"7":0.01078,"8":0.03234,"9":0.07546,"10":0.08624,"11":0.18865,"12":0.15631,"13":0.07007,"14":0.0539,"15":0.07546,"16":0.18865,"17":0.18326,"18":0.11319,"19":0.1617,"20":0.04851,"21":0.11319,"22":0.14014,"23":0.12397,"24":0.11858,"25":0.08085,"26":0.17787,"27":0.14014,"28":0.15092,"29":0.2695,"30":0.30184,"31":0.35574,"32":0.32879,"33":0.4312,"34":0.81928,"35":9.71817,"36":1.11573,"37":0.03234,"38":null,"39":null},"chrome":{"4":0.03773,"5":0.02156,"6":0.04312,"7":null,"8":0.07546,"9":0.11319,"10":0.05929,"11":0.15631,"12":0.19943,"13":0.06468,"14":0.04312,"15":0.08085,"16":0.03773,"17":0.06468,"18":0.14014,"19":0.06468,"20":0.09163,"21":0.03773,"22":0.07546,"23":0.03773,"24":0.15631,"25":0.04851,"26":0.15092,"27":0.19404,"28":0.09163,"29":0.11319,"30":0.20482,"31":0.22638,"32":0.15092,"33":0.43659,"34":0.23716,"35":0.24794,"36":0.9702,"37":0.27489,"38":0.38269,"39":1.5631,"40":22.33616,"41":0.25333,"42":0.42581,"43":null},"opera":{"9":null,"9.5-9.6":null,"10.0-10.1":0,"10.5":null,"10.6":null,"11":null,"11.1":0.01078,"11.5":0.03773,"11.6":0.01078,"12":0.04312,"12.1":0.08624,"15":0.01078,"16":null,"17":null,"18":0.02156,"19":0.01078,"20":null,"21":0.05929,"22":0.01078,"23":null,"24":null,"25":null,"26":0.03773,"27":0.65758,"28":0.02156,"29":null},"safari":{"3.1":null,"3.2":null,"4":0,"5":0.07007,"5.1":0.15631,"6":0.01617,"6.1":0.0539,"7":0.0539,"7.1":0.14553,"8":0.14553},"android":{"2.1":0,"2.2":0,"2.3":0.168095581661,"3":0,"4":0.339730017673,"4.1":1.09439070797,"4.2-4.3":1.85259025263,"4.4":3.46099955505,"4.4.3-4.4.4":1.59425388502,"37":0},"ios_saf":{"3.2":0,"4.0-4.1":0,"4.2-4.3":0,"5.0-5.1":0.0164379666633,"6.0-6.1":0.0504674415102,"7.0-7.1":0.638773616829,"8":0.137271440908,"8.1":2.02907953409},"op_mob":{"10":0,"11":0,"11.1":0,"11.5":0,"12":0.0144623596304,"12.1":0.0867741577825,"0":null},"ie":{"5.5":null,"6":0.125869438202,"7":0.0547258426966,"8":1.04526359551,"9":0.426861573034,"10":0.913921573034,"11":2.78554539326,"0":null},"ie_mob":{"10":0.159408947368,"11":0.338471052632},"bb":{"7":0.05532,"10":null},"and_uc":{"0":10.01753},"op_mini":{"5.0-8.0":10.0730334826},"and_chr":{"0":5.49483},"and_ff":{"0":0.22589}},"total":90.9553974157}