{"id":"DK","name":"Denmark","month":"2015-02","access_date":"2015-03-01","data":{"firefox":{"2":null,"3":0.007914,"3.5":0.007914,"3.6":0.015828,"4":null,"5":null,"6":null,"7":null,"8":null,"9":null,"10":0.015828,"11":null,"12":0.023742,"13":null,"14":null,"15":0.063312,"16":0.031656,"17":0.031656,"18":0.031656,"19":0.007914,"20":0.015828,"21":0.031656,"22":0.007914,"23":0.015828,"24":0.055398,"25":0.007914,"26":0.023742,"27":0.490668,"28":0.015828,"29":0.023742,"30":0.03957,"31":0.387786,"32":0.087054,"33":0.07914,"34":0.174108,"35":8.657916,"36":0.482754,"37":0.007914,"38":null,"39":null},"chrome":{"4":null,"5":null,"6":null,"7":null,"8":null,"9":null,"10":null,"11":0.023742,"12":null,"13":null,"14":null,"15":null,"16":null,"17":null,"18":0.047484,"19":null,"20":null,"21":0.031656,"22":0.023742,"23":null,"24":0.023742,"25":0.015828,"26":0.015828,"27":0.023742,"28":0.015828,"29":0.023742,"30":0.015828,"31":0.221592,"32":0.11871,"33":0.166194,"34":0.150366,"35":0.340302,"36":0.411528,"37":0.419442,"38":0.696432,"39":2.010156,"40":33.75321,"41":0.205764,"42":0.087054,"43":null},"opera":{"9":null,"9.5-9.6":null,"10.0-10.1":0,"10.5":null,"10.6":null,"11":null,"11.1":null,"11.5":0.007914,"11.6":null,"12":0.007914,"12.1":0.102882,"15":null,"16":null,"17":null,"18":null,"19":null,"20":null,"21":null,"22":null,"23":null,"24":null,"25":0.015828,"26":0.015828,"27":0.482754,"28":null,"29":null},"safari":{"3.1":null,"3.2":null,"4":0.031656,"5":0.102882,"5.1":0.466926,"6":0.150366,"6.1":0.546066,"7":0.775572,"7.1":1.82022,"8":4.938336},"android":{"2.1":0,"2.2":0,"2.3":0.0386080237031,"3":0,"4":0.0780288479052,"4.1":0.25135855432,"4.2-4.3":0.425501061233,"4.4":0.794918888034,"4.4.3-4.4.4":0.366166624805,"37":0},"ios_saf":{"3.2":0,"4.0-4.1":0,"4.2-4.3":0,"5.0-5.1":0.0725780959936,"6.0-6.1":0.2228274877,"7.0-7.1":2.82035934431,"8":0.606090766543,"8.1":8.95893830545},"op_mob":{"10":0,"11":0,"11.1":0,"11.5":0,"12":6.81990049751e-5,"12.1":0.000409194029851,"0":null},"ie":{"5.5":null,"6":0.0158675205993,"7":0.0396688014981,"8":0.888581153558,"9":1.88823495131,"10":1.43601061423,"11":14.7885291985,"0":null},"ie_mob":{"10":0.163632061404,"11":0.347437938596},"bb":{"7":0.002086,"10":null},"and_uc":{"0":0.014602},"op_mini":{"5.0-8.0":0.0475006069652},"and_chr":{"0":5.564954},"and_ff":{"0":0.077182}},"total":99.0593762397}