{"id":"DM","name":"Dominica","month":"2015-02","access_date":"2015-03-01","data":{"firefox":{"2":null,"3":null,"3.5":null,"3.6":null,"4":null,"5":null,"6":0.021789,"7":null,"8":null,"9":null,"10":null,"11":0.029052,"12":null,"13":0.065367,"14":0.021789,"15":null,"16":null,"17":null,"18":null,"19":null,"20":0.014526,"21":0.014526,"22":0.065367,"23":0.014526,"24":0.021789,"25":null,"26":0.014526,"27":null,"28":0.014526,"29":0.014526,"30":0.079893,"31":0.043578,"32":0.029052,"33":0.043578,"34":0.108945,"35":7.415523,"36":0.704511,"37":0.029052,"38":null,"39":null},"chrome":{"4":null,"5":null,"6":null,"7":null,"8":null,"9":null,"10":null,"11":0.029052,"12":0.036315,"13":null,"14":null,"15":0.007263,"16":0.007263,"17":null,"18":0.203364,"19":null,"20":0.021789,"21":0.014526,"22":0.094419,"23":null,"24":null,"25":0.014526,"26":0.116208,"27":0.036315,"28":0.087156,"29":0.043578,"30":0.203364,"31":0.980505,"32":0.704511,"33":0.225153,"34":0.413991,"35":0.174312,"36":1.30734,"37":0.167049,"38":0.522936,"39":1.4526,"40":40.447647,"41":0.14526,"42":0.297783,"43":0.007263},"opera":{"9":null,"9.5-9.6":null,"10.0-10.1":0,"10.5":null,"10.6":null,"11":null,"11.1":null,"11.5":null,"11.6":null,"12":null,"12.1":0.174312,"15":null,"16":null,"17":null,"18":null,"19":null,"20":0.029052,"21":null,"22":0.007263,"23":0.014526,"24":null,"25":null,"26":0.007263,"27":1.626912,"28":0.050841,"29":null},"safari":{"3.1":null,"3.2":null,"4":0,"5":0.065367,"5.1":0.167049,"6":0.043578,"6.1":0.137997,"7":0.457569,"7.1":0.530199,"8":1.198395},"android":{"2.1":0,"2.2":0,"2.3":0.141428264892,"3":0,"4":0.28583396694,"4.1":0.920772440378,"4.2-4.3":1.55868835097,"4.4":2.91193353821,"4.4.3-4.4.4":1.34133543861,"37":0},"ios_saf":{"3.2":0,"4.0-4.1":0,"4.2-4.3":0,"5.0-5.1":0.0127514133949,"6.0-6.1":0.0391490762125,"7.0-7.1":0.495515450346,"8":0.106485487298,"8.1":1.57401657275},"op_mob":{"10":0,"11":0,"11.1":0,"11.5":0,"12":0.000206199004975,"12.1":0.00123719402985,"0":null},"ie":{"5.5":null,"6":0.0799495014144,"7":0.0436088189533,"8":0.661400420792,"9":0.741349922207,"10":1.10475674682,"11":7.64607958982,"0":null},"ie_mob":{"10":3.21609504386,"11":6.82869495614},"bb":{"7":0.20869625,"10":null},"and_uc":{"0":0.227171},"op_mini":{"5.0-8.0":0.143617606965},"and_chr":{"0":7.377822},"and_ff":{"0":0.114954}},"total":98.82180125}