{"id":"DO","name":"Dominican Republic","month":"2015-02","access_date":"2015-03-01","data":{"firefox":{"2":0.014452,"3":0.079486,"3.5":0.014452,"3.6":0.050582,"4":0.014452,"5":0.007226,"6":null,"7":0.014452,"8":0.007226,"9":null,"10":0.014452,"11":0.021678,"12":0.043356,"13":0.014452,"14":0.014452,"15":0.014452,"16":0.014452,"17":0.014452,"18":0.007226,"19":0.028904,"20":0.021678,"21":0.014452,"22":0.014452,"23":0.021678,"24":0.057808,"25":0.021678,"26":0.028904,"27":0.014452,"28":0.028904,"29":0.043356,"30":0.057808,"31":0.195102,"32":0.130068,"33":0.101164,"34":0.18065,"35":6.821344,"36":0.411882,"37":0.021678,"38":null,"39":null},"chrome":{"4":null,"5":0.007226,"6":null,"7":null,"8":null,"9":0.021678,"10":0.007226,"11":0.130068,"12":0.014452,"13":0.014452,"14":0.007226,"15":null,"16":null,"17":0.014452,"18":0.057808,"19":null,"20":0.014452,"21":0.028904,"22":0.07226,"23":0.021678,"24":0.021678,"25":0.050582,"26":0.057808,"27":0.043356,"28":0.050582,"29":0.115616,"30":0.10839,"31":0.14452,"32":0.115616,"33":0.195102,"34":0.260136,"35":0.455238,"36":0.751504,"37":0.729826,"38":0.982736,"39":3.302282,"40":41.76628,"41":0.202328,"42":0.101164,"43":null},"opera":{"9":null,"9.5-9.6":0.007226,"10.0-10.1":0,"10.5":null,"10.6":null,"11":null,"11.1":null,"11.5":null,"11.6":null,"12":null,"12.1":0.050582,"15":null,"16":null,"17":null,"18":0.007226,"19":null,"20":0.014452,"21":null,"22":null,"23":null,"24":0.014452,"25":0.014452,"26":0.043356,"27":0.97551,"28":0.014452,"29":null},"safari":{"3.1":null,"3.2":null,"4":0.115616,"5":0.115616,"5.1":0.21678,"6":0.079486,"6.1":0.151746,"7":0.224006,"7.1":0.274588,"8":0.968284},"android":{"2.1":0,"2.2":0,"2.3":0.190901033371,"3":0,"4":0.385821035867,"4.1":1.24286620148,"4.2-4.3":2.10393033621,"4.4":3.93055180289,"4.4.3-4.4.4":1.81054559019,"37":0},"ios_saf":{"3.2":0,"4.0-4.1":0,"4.2-4.3":0,"5.0-5.1":0.0218307309971,"6.0-6.1":0.0670241741139,"7.0-7.1":0.848334546641,"8":0.18230575359,"8.1":2.69475479466},"op_mob":{"10":0,"11":0,"11.1":0,"11.5":0,"12":0.0010607050462,"12.1":0.00636423027719,"0":null},"ie":{"5.5":null,"6":0.129294512676,"7":0.0727281633803,"8":2.15760218028,"9":0.921223402817,"10":1.23637877746,"11":4.08893896338,"0":null},"ie_mob":{"10":0.238916833333,"11":0.507289166667},"bb":{"7":0.3210905,"10":null},"and_uc":{"0":0.18031},"op_mini":{"5.0-8.0":0.738781064677},"and_chr":{"0":12.024246},"and_ff":{"0":0.116508}},"total":97.9513165}