{"id":"DZ","name":"Algeria","month":"2015-02","access_date":"2015-03-01","data":{"firefox":{"2":0.03436,"3":0.36078,"3.5":0.09449,"3.6":0.50681,"4":0.10308,"5":0.04295,"6":0.05154,"7":0.04295,"8":0.09449,"9":0.0859,"10":0.12026,"11":0.14603,"12":0.35219,"13":0.12026,"14":0.13744,"15":0.18039,"16":0.18898,"17":0.13744,"18":0.12026,"19":0.16321,"20":0.13744,"21":0.13744,"22":0.12026,"23":0.1718,"24":0.12026,"25":0.1718,"26":0.22334,"27":0.18898,"28":0.15462,"29":0.4295,"30":0.6013,"31":0.6872,"32":0.72156,"33":0.87618,"34":0.95349,"35":17.76412,"36":1.86403,"37":0.07731,"38":0.01718,"39":null},"chrome":{"4":0.1718,"5":0.13744,"6":0.0859,"7":0.06872,"8":0.06872,"9":0.03436,"10":0.09449,"11":0.22334,"12":0.12885,"13":0.07731,"14":0.13744,"15":0.24052,"16":0.10308,"17":0.02577,"18":0.1718,"19":0.01718,"20":0.03436,"21":0.04295,"22":0.10308,"23":0.04295,"24":0.03436,"25":0.09449,"26":0.11167,"27":0.09449,"28":0.0859,"29":0.13744,"30":0.40373,"31":0.32642,"32":0.10308,"33":1.1167,"34":0.19757,"35":0.30065,"36":1.30568,"37":0.67861,"38":0.74733,"39":2.41379,"40":34.09371,"41":0.55835,"42":0.22334,"43":null},"opera":{"9":null,"9.5-9.6":null,"10.0-10.1":0.00859,"10.5":null,"10.6":null,"11":null,"11.1":null,"11.5":null,"11.6":0.04295,"12":0.03436,"12.1":0.18898,"15":0.02577,"16":0.00859,"17":0.01718,"18":0.02577,"19":0.02577,"20":0.03436,"21":0.01718,"22":0.00859,"23":null,"24":0.01718,"25":0.03436,"26":0.0859,"27":1.8039,"28":0.02577,"29":null},"safari":{"3.1":null,"3.2":null,"4":0.06872,"5":0.02577,"5.1":0.06872,"6":0.02577,"6.1":0.01718,"7":0.10308,"7.1":0.04295,"8":0.12885},"android":{"2.1":0,"2.2":0,"2.3":0.109649890841,"3":0,"4":0.221608200437,"4.1":0.713878499844,"4.2-4.3":1.20845721801,"4.4":2.25763354195,"4.4.3-4.4.4":1.03994264892,"37":0},"ios_saf":{"3.2":0,"4.0-4.1":0,"4.2-4.3":0,"5.0-5.1":0.00685957425444,"6.0-6.1":0.0210600963952,"7.0-7.1":0.26656064866,"8":0.057283462195,"8.1":0.846736218496},"op_mob":{"10":0,"11":0,"11.1":0,"11.5":0,"12":0.00111236673774,"12.1":0.00667420042644,"0":null},"ie":{"5.5":null,"6":0.181298242038,"7":0.295802394904,"8":2.68130557962,"9":0.801529070064,"10":0.687024917197,"11":2.84351979618,"0":null},"ie_mob":{"10":0.085775,"11":0.182125},"bb":{"7":0.011985,"10":null},"and_uc":{"0":0.66552},"op_mini":{"5.0-8.0":0.774763432836},"and_chr":{"0":4.32125},"and_ff":{"0":0.18189}},"total":96.896475}