{"id":"EC","name":"Ecuador","month":"2015-02","access_date":"2015-03-01","data":{"firefox":{"2":null,"3":0.032864,"3.5":null,"3.6":0.065728,"4":0.032864,"5":0.016432,"6":0.016432,"7":0.016432,"8":0.016432,"9":0.032864,"10":0.032864,"11":0.049296,"12":0.08216,"13":0.057512,"14":0.08216,"15":0.049296,"16":0.08216,"17":0.04108,"18":0.04108,"19":0.04108,"20":0.08216,"21":0.098592,"22":0.057512,"23":0.073944,"24":0.057512,"25":0.08216,"26":0.073944,"27":0.065728,"28":0.106808,"29":0.188968,"30":0.221832,"31":0.295776,"32":0.295776,"33":0.402584,"34":0.517608,"35":16.407352,"36":0.961272,"37":0.016432,"38":null,"39":null},"chrome":{"4":0.008216,"5":null,"6":null,"7":0.016432,"8":0.008216,"9":0.024648,"10":0.024648,"11":0.08216,"12":0.016432,"13":0.032864,"14":0.008216,"15":null,"16":null,"17":null,"18":0.049296,"19":null,"20":0.008216,"21":0.032864,"22":0.213616,"23":0.016432,"24":0.016432,"25":0.024648,"26":0.098592,"27":0.049296,"28":0.024648,"29":0.073944,"30":0.106808,"31":0.131456,"32":0.098592,"33":0.172536,"34":0.230048,"35":0.525824,"36":0.755872,"37":0.723008,"38":0.86268,"39":2.6702,"40":42.509584,"41":0.312208,"42":0.106808,"43":null},"opera":{"9":null,"9.5-9.6":null,"10.0-10.1":0,"10.5":null,"10.6":null,"11":null,"11.1":null,"11.5":null,"11.6":null,"12":null,"12.1":0.032864,"15":null,"16":null,"17":null,"18":null,"19":0.016432,"20":0.008216,"21":null,"22":null,"23":null,"24":null,"25":0.016432,"26":0.016432,"27":0.911976,"28":0.016432,"29":null},"safari":{"3.1":null,"3.2":null,"4":0.057512,"5":0.090376,"5.1":0.262912,"6":0.131456,"6.1":0.197184,"7":0.28756,"7.1":0.460096,"8":0.953056},"android":{"2.1":0,"2.2":0,"2.3":0.100606175278,"3":0,"4":0.203330375299,"4.1":0.654999151679,"4.2-4.3":1.1087859528,"4.4":2.07142819836,"4.4.3-4.4.4":0.954170146585,"37":0},"ios_saf":{"3.2":0,"4.0-4.1":0,"4.2-4.3":0,"5.0-5.1":0.0123038497841,"6.0-6.1":0.0377749774074,"7.0-7.1":0.47812328547,"8":0.102747938548,"8.1":1.51876994879},"op_mob":{"10":0,"11":0,"11.1":0,"11.5":0,"12":0.0011031130064,"12.1":0.00661867803838,"0":null},"ie":{"5.5":null,"6":0.0530057755102,"7":0.0530057755102,"8":1.31631009184,"9":0.680240785714,"10":1.17496135714,"11":3.64856421429,"0":null},"ie_mob":{"10":0.317012105263,"11":0.673107894737},"bb":{"7":0.19178,"10":null},"and_uc":{"0":0.228352},"op_mini":{"5.0-8.0":0.768318208955},"and_chr":{"0":6.54968},"and_ff":{"0":0.15164}},"total":97.345812}