{"id":"EE","name":"Estonia","month":"2015-02","access_date":"2015-03-01","data":{"firefox":{"2":null,"3":0.009057,"3.5":null,"3.6":0.063399,"4":null,"5":null,"6":null,"7":null,"8":null,"9":0.009057,"10":0.027171,"11":0.054342,"12":0.045285,"13":0.018114,"14":0.009057,"15":0.018114,"16":0.036228,"17":0.099627,"18":0.018114,"19":0.018114,"20":0.525306,"21":0.018114,"22":0.018114,"23":0.036228,"24":0.072456,"25":0.027171,"26":0.036228,"27":0.045285,"28":0.045285,"29":0.099627,"30":0.081513,"31":0.606819,"32":0.226425,"33":0.244539,"34":0.371337,"35":18.766104,"36":1.286094,"37":0.027171,"38":0.018114,"39":null},"chrome":{"4":null,"5":null,"6":null,"7":null,"8":null,"9":null,"10":null,"11":0.036228,"12":0.009057,"13":null,"14":null,"15":null,"16":null,"17":null,"18":0.054342,"19":0.009057,"20":null,"21":0.018114,"22":0.018114,"23":null,"24":null,"25":0.018114,"26":0.045285,"27":0.018114,"28":0.036228,"29":0.018114,"30":0.018114,"31":0.253596,"32":0.072456,"33":0.163026,"34":0.226425,"35":0.307938,"36":0.54342,"37":0.652104,"38":0.806073,"39":2.617473,"40":40.12251,"41":0.389451,"42":0.262653,"43":null},"opera":{"9":null,"9.5-9.6":null,"10.0-10.1":0,"10.5":null,"10.6":null,"11":null,"11.1":null,"11.5":0.009057,"11.6":0.009057,"12":0.018114,"12.1":0.570591,"15":null,"16":null,"17":null,"18":null,"19":null,"20":0.009057,"21":null,"22":null,"23":null,"24":null,"25":null,"26":0.027171,"27":1.729887,"28":0.027171,"29":null},"safari":{"3.1":null,"3.2":null,"4":0.018114,"5":0.135855,"5.1":0.335109,"6":0.072456,"6.1":0.280767,"7":0.326052,"7.1":0.760788,"8":2.055939},"android":{"2.1":0,"2.2":0,"2.3":0.0396375673147,"3":0,"4":0.0801096097307,"4.1":0.258061425096,"4.2-4.3":0.436847715563,"4.4":0.816116649132,"4.4.3-4.4.4":0.375931033164,"37":0},"ios_saf":{"3.2":0,"4.0-4.1":0,"4.2-4.3":0,"5.0-5.1":0.0107458822171,"6.0-6.1":0.032991743649,"7.0-7.1":0.417581212471,"8":0.0897375427252,"8.1":1.32645661894},"op_mob":{"10":0,"11":0,"11.1":0,"11.5":0,"12":0.000154150675195,"12.1":0.000924904051173,"0":null},"ie":{"5.5":null,"6":0.0181386281441,"7":0.0634851985044,"8":1.17901082937,"9":1.16087220122,"10":1.11552563086,"11":9.79485919782,"0":null},"ie_mob":{"10":0.136168372807,"11":0.289124627193},"bb":{"7":0.00212175,"10":null},"and_uc":{"0":0.031119},"op_mini":{"5.0-8.0":0.107365945274},"and_chr":{"0":4.752016},"and_ff":{"0":0.068839}},"total":98.6827424359}