{"id":"EG","name":"Egypt","month":"2015-02","access_date":"2015-03-01","data":{"firefox":{"2":1.015936,"3":0.031748,"3.5":0.063496,"3.6":0.182551,"4":0.071433,"5":0.039685,"6":0.039685,"7":0.031748,"8":0.055559,"9":0.039685,"10":0.103181,"11":0.095244,"12":0.230173,"13":0.174614,"14":0.095244,"15":1.119117,"16":0.111118,"17":0.063496,"18":1.063558,"19":0.063496,"20":0.063496,"21":1.079432,"22":0.071433,"23":1.087369,"24":0.07937,"25":2.087431,"26":0.111118,"27":0.087307,"28":0.063496,"29":0.253984,"30":0.333354,"31":0.325417,"32":0.357165,"33":0.452409,"34":0.579401,"35":12.556334,"36":1.881069,"37":0.063496,"38":null,"39":null},"chrome":{"4":0.007937,"5":0.047622,"6":0.015874,"7":0.015874,"8":0.015874,"9":0.039685,"10":0.07937,"11":0.063496,"12":0.047622,"13":0.023811,"14":0.039685,"15":0.031748,"16":0.047622,"17":0.031748,"18":0.023811,"19":1.015936,"20":0.015874,"21":0.015874,"22":0.071433,"23":0.023811,"24":3.103367,"25":0.039685,"26":0.071433,"27":0.063496,"28":0.055559,"29":0.063496,"30":1.103243,"31":0.103181,"32":0.063496,"33":1.635022,"34":0.095244,"35":2.174738,"36":0.563527,"37":0.365102,"38":0.769889,"39":3.976437,"40":21.064798,"41":0.111118,"42":0.182551,"43":null},"opera":{"9":null,"9.5-9.6":null,"10.0-10.1":1.007999,"10.5":null,"10.6":null,"11":0.007937,"11.1":null,"11.5":0.007937,"11.6":0.023811,"12":0.031748,"12.1":0.126992,"15":0.015874,"16":null,"17":null,"18":0.007937,"19":0.007937,"20":0.015874,"21":0.007937,"22":null,"23":null,"24":null,"25":0.007937,"26":0.031748,"27":0.730204,"28":0.015874,"29":null},"safari":{"3.1":null,"3.2":null,"4":0.015874,"5":1.023873,"5.1":0.039685,"6":0.015874,"6.1":0.023811,"7":0.063496,"7.1":0.039685,"8":0.142866},"android":{"2.1":0,"2.2":0,"2.3":0.127179371036,"3":0,"4":0.257036202516,"4.1":0.828004641959,"4.2-4.3":1.40165054184,"4.4":2.61855631313,"4.4.3-4.4.4":1.20619592951,"37":0},"ios_saf":{"3.2":0,"4.0-4.1":0,"4.2-4.3":0,"5.0-5.1":0.00794645476453,"6.0-6.1":0.024397010242,"7.0-7.1":0.30879644392,"8":0.0663598678582,"8.1":0.980899223215},"op_mob":{"10":0,"11":0,"11.1":0,"11.5":0,"12":0.00179467803838,"12.1":0.0107680682303,"0":null},"ie":{"5.5":null,"6":0.064174264585,"7":0.0320871322925,"8":3.29695284306,"9":2.41455670501,"10":2.43060027116,"11":1.52413878389,"0":null},"ie_mob":{"10":0.064070627193,"11":0.136040372807},"bb":{"7":0.018567,"10":null},"and_uc":{"0":0.439419},"op_mini":{"5.0-8.0":1.24999325373},"and_chr":{"0":9.064711},"and_ff":{"0":0.142347}},"total":95.63409}