{"id":"ER","name":"Eritrea","month":"2015-02","access_date":"2015-03-01","data":{"firefox":{"2":0.083718,"3":0.18604,"3.5":0.297664,"3.6":1.655756,"4":3.934746,"5":0.83718,"6":0.613932,"7":0.474402,"8":0.902294,"9":0.623234,"10":0.334872,"11":0.762764,"12":0.427892,"13":0.04651,"14":0.632536,"15":0.269758,"16":0.892992,"17":0.297664,"18":3.06966,"19":2.027836,"20":1.283676,"21":1.265072,"22":2.316198,"23":0.688348,"24":5.060288,"25":1.181354,"26":0.353476,"27":0.37208,"28":0.437194,"29":6.446286,"30":5.785844,"31":1.218562,"32":2.027836,"33":5.702126,"34":1.3953,"35":15.385508,"36":1.879004,"37":null,"38":null,"39":null},"chrome":{"4":null,"5":null,"6":null,"7":0.018604,"8":null,"9":0.027906,"10":null,"11":null,"12":null,"13":null,"14":0.018604,"15":null,"16":null,"17":null,"18":null,"19":0.018604,"20":0.037208,"21":null,"22":0.018604,"23":null,"24":0.102322,"25":0.130228,"26":0.018604,"27":0.04651,"28":null,"29":null,"30":0.474402,"31":null,"32":null,"33":0.18604,"34":0.027906,"35":0.055812,"36":0.111624,"37":null,"38":0.297664,"39":0.902294,"40":10.660092,"41":0.065114,"42":null,"43":null},"opera":{"9":null,"9.5-9.6":null,"10.0-10.1":0,"10.5":null,"10.6":0.04651,"11":0.018604,"11.1":null,"11.5":0.37208,"11.6":0.176738,"12":0.04651,"12.1":0.018604,"15":0.04651,"16":0.195342,"17":null,"18":null,"19":null,"20":null,"21":null,"22":null,"23":null,"24":null,"25":null,"26":0.018604,"27":0.083718,"28":null,"29":null},"safari":{"3.1":null,"3.2":null,"4":0,"5":null,"5.1":0.065114,"6":null,"6.1":null,"7":null,"7.1":null,"8":null},"android":{"2.1":0,"2.2":0,"2.3":0.0250653040857,"3":0,"4":0.0506582987837,"4.1":0.163188321863,"4.2-4.3":0.276246035555,"4.4":0.516081418859,"4.4.3-4.4.4":0.237724620855,"37":0},"ios_saf":{"3.2":0,"4.0-4.1":0,"4.2-4.3":0,"5.0-5.1":0.00404691414801,"6.0-6.1":0.0124247364193,"7.0-7.1":0.157261663822,"8":0.0337952830605,"8.1":0.49954540255},"op_mob":{"10":0,"11":0,"11.1":0,"11.5":0,"12":0.000992181947406,"12.1":0.00595309168443,"0":null},"ie":{"5.5":null,"6":0.995314,"7":0.586026,"8":2.985942,"9":0.176738,"10":1.237166,"11":1.190656,"0":null},"ie_mob":{"10":0.00290527192982,"11":0.00616872807018},"bb":{"7":0.0113425,"10":null},"and_uc":{"0":2.664964},"op_mini":{"5.0-8.0":0.691054726368},"and_chr":{"0":1.368778},"and_ff":{"0":0.09074}},"total":99.4668565}