{"id":"ES","name":"Spain","month":"2015-02","access_date":"2015-03-01","data":{"firefox":{"2":0.007263,"3":0.036315,"3.5":0.007263,"3.6":0.108945,"4":0.014526,"5":0.007263,"6":0.007263,"7":0.007263,"8":0.007263,"9":0.007263,"10":0.065367,"11":0.021789,"12":0.050841,"13":0.007263,"14":0.014526,"15":0.029052,"16":0.058104,"17":0.021789,"18":0.021789,"19":0.021789,"20":0.043578,"21":0.043578,"22":0.021789,"23":0.021789,"24":0.050841,"25":0.036315,"26":0.043578,"27":0.123471,"28":0.043578,"29":0.065367,"30":0.101682,"31":0.268731,"32":0.21789,"33":0.225153,"34":0.305046,"35":12.063843,"36":0.588303,"37":0.014526,"38":null,"39":null},"chrome":{"4":null,"5":null,"6":null,"7":null,"8":null,"9":null,"10":null,"11":0.21789,"12":null,"13":null,"14":null,"15":null,"16":null,"17":null,"18":0.014526,"19":null,"20":null,"21":0.029052,"22":0.065367,"23":0.021789,"24":0.021789,"25":0.014526,"26":0.036315,"27":0.029052,"28":0.021789,"29":0.043578,"30":0.036315,"31":0.225153,"32":0.094419,"33":0.167049,"34":0.210627,"35":0.479358,"36":0.479358,"37":0.573777,"38":0.806193,"39":2.25153,"40":34.172415,"41":0.152523,"42":0.058104,"43":null},"opera":{"9":null,"9.5-9.6":null,"10.0-10.1":0,"10.5":null,"10.6":null,"11":null,"11.1":null,"11.5":null,"11.6":null,"12":null,"12.1":0.116208,"15":null,"16":null,"17":null,"18":null,"19":null,"20":null,"21":null,"22":null,"23":null,"24":0.007263,"25":0.014526,"26":0.021789,"27":0.479358,"28":0.007263,"29":null},"safari":{"3.1":null,"3.2":null,"4":0.07263,"5":0.159786,"5.1":0.486621,"6":0.07263,"6.1":0.261468,"7":0.305046,"7.1":0.631881,"8":1.554282},"android":{"2.1":0,"2.2":0,"2.3":0.141320139308,"3":0,"4":0.285615439443,"4.1":0.920068485913,"4.2-4.3":1.55749669321,"4.4":2.90970728932,"4.4.3-4.4.4":1.3403099528,"37":0},"ios_saf":{"3.2":0,"4.0-4.1":0,"4.2-4.3":0,"5.0-5.1":0.0288864942263,"6.0-6.1":0.0886866050808,"7.0-7.1":1.12251903002,"8":0.24122756582,"8.1":3.56570830485},"op_mob":{"10":0,"11":0,"11.1":0,"11.5":0,"12":0.000182855721393,"12.1":0.00109713432836,"0":null},"ie":{"5.5":null,"6":0.0449142465582,"7":0.127257031915,"8":2.3954264831,"9":1.38485593554,"10":0.890799223404,"11":7.11890807947,"0":null},"ie_mob":{"10":0.187532517544,"11":0.398185482456},"bb":{"7":0.01436925,"10":null},"and_uc":{"0":0.046529},"op_mini":{"5.0-8.0":0.12735900995},"and_chr":{"0":14.712798},"and_ff":{"0":0.180642}},"total":99.04764125}