{"id":"ET","name":"Ethiopia","month":"2015-02","access_date":"2015-03-01","data":{"firefox":{"2":0.008192,"3":0.036864,"3.5":0.032768,"3.6":0.147456,"4":0.172032,"5":0.110592,"6":0.045056,"7":0.053248,"8":0.065536,"9":0.045056,"10":0.159744,"11":0.344064,"12":0.303104,"13":0.106496,"14":0.118784,"15":0.135168,"16":0.188416,"17":0.14336,"18":0.131072,"19":0.22528,"20":0.200704,"21":0.221184,"22":0.094208,"23":0.434176,"24":0.135168,"25":0.180224,"26":0.3072,"27":0.18432,"28":0.311296,"29":0.745472,"30":0.753664,"31":0.638976,"32":0.700416,"33":0.86016,"34":1.060864,"35":9.35936,"36":2.412544,"37":0.073728,"38":0.012288,"39":null},"chrome":{"4":0.032768,"5":0.016384,"6":0.012288,"7":0.028672,"8":0.02048,"9":0.053248,"10":0.114688,"11":0.04096,"12":0.028672,"13":0.016384,"14":0.032768,"15":0.016384,"16":0.032768,"17":0.004096,"18":null,"19":0.012288,"20":0.012288,"21":0.008192,"22":0.004096,"23":0.02048,"24":0.012288,"25":0.057344,"26":0.04096,"27":0.06144,"28":0.028672,"29":0.053248,"30":0.14336,"31":0.135168,"32":0.049152,"33":0.290816,"34":0.06144,"35":0.118784,"36":0.462848,"37":0.14336,"38":0.176128,"39":0.96256,"40":9.1136,"41":0.196608,"42":0.299008,"43":null},"opera":{"9":null,"9.5-9.6":null,"10.0-10.1":0.008192,"10.5":null,"10.6":0.004096,"11":0.012288,"11.1":null,"11.5":0.016384,"11.6":0.045056,"12":0.04096,"12.1":0.118784,"15":0.02048,"16":0.012288,"17":0.032768,"18":0.024576,"19":0.016384,"20":0.057344,"21":0.02048,"22":0.024576,"23":0.016384,"24":0.016384,"25":0.02048,"26":0.114688,"27":0.925696,"28":0.004096,"29":null},"safari":{"3.1":null,"3.2":null,"4":0.004096,"5":0.016384,"5.1":0.069632,"6":0.04096,"6.1":0.024576,"7":0.06144,"7.1":0.057344,"8":0.106496},"android":{"2.1":0,"2.2":0,"2.3":0.0623912672835,"3":0,"4":0.126096034931,"4.1":0.406199987525,"4.2-4.3":0.687617440482,"4.4":1.28460335586,"4.4.3-4.4.4":0.59173191392,"37":0},"ios_saf":{"3.2":0,"4.0-4.1":0,"4.2-4.3":0,"5.0-5.1":0.00885333226228,"6.0-6.1":0.0271812832614,"7.0-7.1":0.34403738528,"8":0.0739330904709,"8.1":1.09284290873},"op_mob":{"10":0,"11":0,"11.1":0,"11.5":0,"12":0.0498755820896,"12.1":0.299253492537,"0":null},"ie":{"5.5":null,"6":0.0616845373134,"7":0.0986952597015,"8":1.50510271045,"9":0.345433408955,"10":0.555160835821,"11":1.52977652537,"0":null},"ie_mob":{"10":0.102077052632,"11":0.216738947368},"bb":{"7":0.010332,"10":null},"and_uc":{"0":9.517248},"op_mini":{"5.0-8.0":34.7383429254},"and_chr":{"0":2.158208},"and_ff":{"0":0.159408}},"total":92.1590652776}