{"id":"FI","name":"Finland","month":"2015-02","access_date":"2015-03-01","data":{"firefox":{"2":null,"3":0.007025,"3.5":0.007025,"3.6":0.0281,"4":0.01405,"5":0.007025,"6":null,"7":0.01405,"8":null,"9":null,"10":0.0281,"11":0.01405,"12":0.021075,"13":null,"14":0.007025,"15":0.01405,"16":0.04215,"17":0.0281,"18":0.01405,"19":0.01405,"20":0.035125,"21":0.0281,"22":0.01405,"23":0.0281,"24":0.0562,"25":0.0281,"26":0.035125,"27":0.0281,"28":0.049175,"29":0.049175,"30":0.07025,"31":0.709525,"32":0.133475,"33":0.231825,"34":0.372325,"35":18.342275,"36":1.201275,"37":0.0281,"38":0.01405,"39":null},"chrome":{"4":null,"5":null,"6":null,"7":null,"8":null,"9":null,"10":null,"11":0.035125,"12":null,"13":null,"14":null,"15":null,"16":null,"17":null,"18":0.021075,"19":null,"20":null,"21":0.01405,"22":0.021075,"23":0.007025,"24":0.358275,"25":null,"26":0.01405,"27":0.021075,"28":0.0281,"29":0.01405,"30":0.01405,"31":0.1124,"32":0.0281,"33":0.1124,"34":0.091325,"35":0.161575,"36":0.161575,"37":0.259925,"38":0.3372,"39":1.159125,"40":27.980575,"41":0.175625,"42":0.077275,"43":null},"opera":{"9":null,"9.5-9.6":null,"10.0-10.1":0,"10.5":null,"10.6":null,"11":null,"11.1":null,"11.5":0.007025,"11.6":null,"12":0.007025,"12.1":0.344225,"15":null,"16":null,"17":null,"18":null,"19":null,"20":0.007025,"21":null,"22":null,"23":null,"24":null,"25":0.007025,"26":0.021075,"27":0.82895,"28":0.021075,"29":null},"safari":{"3.1":null,"3.2":null,"4":0.04215,"5":0.147525,"5.1":0.569025,"6":0.0843,"6.1":0.372325,"7":0.330175,"7.1":0.934325,"8":1.875675},"android":{"2.1":0,"2.2":0,"2.3":0.0765106040129,"3":0,"4":0.154631957584,"4.1":0.498124300863,"4.2-4.3":0.8432273937,"4.4":1.57531306789,"4.4.3-4.4.4":0.725642675954,"37":0},"ios_saf":{"3.2":0,"4.0-4.1":0,"4.2-4.3":0,"5.0-5.1":0.0572287955618,"6.0-6.1":0.175702442514,"7.0-7.1":2.22389091525,"8":0.477910643639,"8.1":7.06424220303},"op_mob":{"10":0,"11":0,"11.1":0,"11.5":0,"12":0.000283333333333,"12.1":0.0017,"0":null},"ie":{"5.5":null,"6":null,"7":0.0211159488342,"8":0.563091968912,"9":1.59777346179,"10":1.28103422927,"11":7.40465939119,"0":null},"ie_mob":{"10":1.46402620614,"11":3.10854879386},"bb":{"7":0.00223125,"10":null},"and_uc":{"0":0.01785},"op_mini":{"5.0-8.0":0.197341666667},"and_chr":{"0":10.734225},"and_ff":{"0":0.25585}},"total":99.04040625}