{"id":"FJ","name":"Fiji","month":"2015-02","access_date":"2015-03-01","data":{"firefox":{"2":null,"3":0.020733,"3.5":null,"3.6":0.663456,"4":0.06911,"5":0.172775,"6":0.027644,"7":null,"8":0.020733,"9":0.06911,"10":0.048377,"11":0.034555,"12":0.255707,"13":0.117487,"14":0.041466,"15":0.117487,"16":0.165864,"17":0.076021,"18":0.096754,"19":0.055288,"20":0.103665,"21":0.06911,"22":0.041466,"23":0.027644,"24":0.027644,"25":0.41466,"26":0.034555,"27":1.216336,"28":0.165864,"29":0.103665,"30":0.228063,"31":0.262618,"32":0.387016,"33":0.366283,"34":0.566702,"35":18.327972,"36":1.755394,"37":0.041466,"38":0.013822,"39":null},"chrome":{"4":null,"5":null,"6":null,"7":null,"8":null,"9":null,"10":0.013822,"11":0.055288,"12":0.027644,"13":null,"14":null,"15":null,"16":0.020733,"17":null,"18":null,"19":null,"20":0.020733,"21":0.006911,"22":0.020733,"23":0.027644,"24":null,"25":0.020733,"26":0.013822,"27":0.006911,"28":0.013822,"29":0.034555,"30":0.034555,"31":0.200419,"32":0.062199,"33":0.145131,"34":0.193508,"35":0.152042,"36":0.946807,"37":0.089843,"38":0.172775,"39":0.926074,"40":20.0419,"41":0.124398,"42":0.200419,"43":null},"opera":{"9":null,"9.5-9.6":null,"10.0-10.1":0,"10.5":null,"10.6":null,"11":null,"11.1":null,"11.5":null,"11.6":null,"12":null,"12.1":0.020733,"15":null,"16":null,"17":null,"18":null,"19":null,"20":null,"21":null,"22":null,"23":null,"24":null,"25":null,"26":0.027644,"27":0.304084,"28":null,"29":null},"safari":{"3.1":null,"3.2":null,"4":0.006911,"5":0.110576,"5.1":0.172775,"6":0.089843,"6.1":0.096754,"7":0.145131,"7.1":0.20733,"8":0.497592},"android":{"2.1":0,"2.2":0,"2.3":0.221547999792,"3":0,"4":0.447760168001,"4.1":1.44239408286,"4.2-4.3":2.44169216613,"4.4":4.56155671151,"4.4.3-4.4.4":2.10120787171,"37":0},"ios_saf":{"3.2":0,"4.0-4.1":0,"4.2-4.3":0,"5.0-5.1":0.0135603967266,"6.0-6.1":0.0416327969676,"7.0-7.1":0.526952258761,"8":0.113241207752,"8.1":1.67387633979},"op_mob":{"10":0,"11":0,"11.1":0,"11.5":0,"12":0.00403963041933,"12.1":0.024237782516,"0":null},"ie":{"5.5":null,"6":0.0484858591359,"7":0.741140989649,"8":4.27368215527,"9":2.50741157246,"10":1.45457577408,"11":6.36550064941,"0":null},"ie_mob":{"10":0.407477035088,"11":0.865190964912},"bb":{"7":0.03475125,"10":null},"and_uc":{"0":2.786278},"op_mini":{"5.0-8.0":2.81360258706},"and_chr":{"0":10.982656},"and_ff":{"0":0.188429}},"total":98.54218725}