{"id":"FK","name":"Falkland Islands (Malvinas)","month":"2015-02","access_date":"2015-03-01","data":{"firefox":{"2":null,"3":null,"3.5":null,"3.6":0.01794,"4":null,"5":null,"6":null,"7":null,"8":null,"9":null,"10":null,"11":0.1794,"12":null,"13":null,"14":0.10764,"15":null,"16":null,"17":null,"18":0.19734,"19":null,"20":null,"21":null,"22":1.27374,"23":null,"24":null,"25":null,"26":0.30498,"27":null,"28":0.01794,"29":0.14352,"30":0.04485,"31":null,"32":0.13455,"33":1.6146,"34":0.09867,"35":10.3155,"36":0.11661,"37":null,"38":null,"39":null},"chrome":{"4":null,"5":null,"6":null,"7":null,"8":null,"9":null,"10":null,"11":0.07176,"12":null,"13":null,"14":null,"15":null,"16":null,"17":null,"18":null,"19":null,"20":null,"21":null,"22":null,"23":null,"24":null,"25":null,"26":null,"27":0.05382,"28":null,"29":0.01794,"30":null,"31":null,"32":0.07176,"33":0.04485,"34":0.01794,"35":0.06279,"36":0.34983,"37":1.00464,"38":null,"39":0.82524,"40":21.45624,"41":null,"42":null,"43":null},"opera":{"9":null,"9.5-9.6":null,"10.0-10.1":0,"10.5":null,"10.6":null,"11":null,"11.1":null,"11.5":null,"11.6":null,"12":null,"12.1":0.21528,"15":null,"16":null,"17":null,"18":0.0897,"19":null,"20":null,"21":null,"22":null,"23":null,"24":null,"25":null,"26":0.01794,"27":0.93288,"28":null,"29":null},"safari":{"3.1":null,"3.2":0.04485,"4":0.06279,"5":0.08073,"5.1":0.69966,"6":0.06279,"6.1":0.06279,"7":1.04052,"7.1":0.55614,"8":1.35447},"android":{"2.1":0,"2.2":0,"2.3":0.016113358977,"3":0,"4":0.0325659465641,"4.1":0.104906447656,"4.2-4.3":0.177586177357,"4.4":0.331765580622,"4.4.3-4.4.4":0.152822488824,"37":0},"ios_saf":{"3.2":0,"4.0-4.1":0,"4.2-4.3":0,"5.0-5.1":0.0299592549453,"6.0-6.1":0.0919801686916,"7.0-7.1":1.16420613515,"8":0.250186058841,"8.1":3.69812838237},"op_mob":{"10":0,"11":0,"11.1":0,"11.5":0,"12":0.000530007107321,"12.1":0.00318004264392,"0":null},"ie":{"5.5":null,"6":null,"7":2.88834,"8":1.83885,"9":13.23075,"10":4.55676,"11":23.20539,"0":null},"ie_mob":{"10":0.0369354385965,"11":0.0784245614035},"bb":{"7":0.0023175,"10":null},"and_uc":{"0":null},"op_mini":{"5.0-8.0":0.369149950249},"and_chr":{"0":3.19399},"and_ff":{"0":0.33681}},"total":99.5562775}