{"id":"FM","name":"Micronesia","month":"2015-02","access_date":"2015-03-01","data":{"firefox":{"2":null,"3":null,"3.5":0.025482,"3.6":0.050964,"4":0.220844,"5":null,"6":0.016988,"7":null,"8":0.008494,"9":null,"10":0.101928,"11":0.008494,"12":0.016988,"13":0.220844,"14":null,"15":null,"16":0.067952,"17":0.04247,"18":0.067952,"19":0.025482,"20":1.65633,"21":0.025482,"22":0.050964,"23":0.008494,"24":0.280302,"25":0.093434,"26":0.110422,"27":0.033976,"28":0.025482,"29":0.110422,"30":0.118916,"31":0.093434,"32":0.08494,"33":0.450182,"34":0.25482,"35":14.210462,"36":2.726574,"37":0.186868,"38":null,"39":null},"chrome":{"4":null,"5":null,"6":null,"7":null,"8":null,"9":null,"10":null,"11":0.016988,"12":null,"13":null,"14":null,"15":null,"16":0.067952,"17":null,"18":0.04247,"19":0.016988,"20":null,"21":0.050964,"22":0.008494,"23":null,"24":0.518134,"25":0.025482,"26":0.033976,"27":0.025482,"28":0.203856,"29":0.067952,"30":0.067952,"31":0.16988,"32":0.29729,"33":0.4247,"34":0.203856,"35":0.12741,"36":2.08103,"37":0.067952,"38":0.152892,"39":0.76446,"40":34.18835,"41":0.21235,"42":0.900364,"43":null},"opera":{"9":null,"9.5-9.6":null,"10.0-10.1":0,"10.5":null,"10.6":null,"11":null,"11.1":null,"11.5":null,"11.6":null,"12":null,"12.1":null,"15":null,"16":null,"17":null,"18":null,"19":null,"20":null,"21":null,"22":null,"23":null,"24":null,"25":null,"26":null,"27":0.093434,"28":null,"29":null},"safari":{"3.1":null,"3.2":null,"4":0.04247,"5":0.407712,"5.1":0.416206,"6":0.093434,"6.1":0.21235,"7":0.271808,"7.1":1.053256,"8":0.654038},"android":{"2.1":0,"2.2":0,"2.3":0.0650872564716,"3":0,"4":0.131544770974,"4.1":0.423752296081,"4.2-4.3":0.717330079218,"4.4":1.3401123543,"4.4.3-4.4.4":0.617301242957,"37":0},"ios_saf":{"3.2":0,"4.0-4.1":0,"4.2-4.3":0,"5.0-5.1":0.0250914812732,"6.0-6.1":0.077035249523,"7.0-7.1":0.975046158249,"8":0.209535878703,"8.1":3.09725723225},"op_mob":{"10":0,"11":0,"11.1":0,"11.5":0,"12":0.0038832750533,"12.1":0.0232996503198,"0":null},"ie":{"5.5":null,"6":0.033976,"7":0.033976,"8":0.883376,"9":1.44398,"10":3.10031,"11":13.649858,"0":null},"ie_mob":{"10":0.0270023157895,"11":0.0573336842105},"bb":{"7":0.004518,"10":null},"and_uc":{"0":0.42168},"op_mini":{"5.0-8.0":2.70470107463},"and_chr":{"0":2.789898},"and_ff":{"0":0.201804}},"total":98.437008}