{"id":"FO","name":"Faroe Islands","month":"2015-02","access_date":"2015-03-01","data":{"firefox":{"2":null,"3":null,"3.5":null,"3.6":0.06272,"4":null,"5":null,"6":null,"7":null,"8":null,"9":null,"10":null,"11":0.07056,"12":null,"13":0.01568,"14":null,"15":null,"16":0.22736,"17":null,"18":null,"19":0.01568,"20":0.00784,"21":null,"22":null,"23":null,"24":0.02352,"25":null,"26":0.00784,"27":null,"28":0.02352,"29":0.02352,"30":0.00784,"31":0.5488,"32":0.01568,"33":0.14896,"34":0.07056,"35":6.47584,"36":0.34496,"37":null,"38":null,"39":null},"chrome":{"4":null,"5":null,"6":null,"7":null,"8":null,"9":null,"10":null,"11":0.01568,"12":0.01568,"13":null,"14":null,"15":null,"16":null,"17":null,"18":null,"19":null,"20":null,"21":null,"22":0.0392,"23":null,"24":0.00784,"25":null,"26":0.01568,"27":null,"28":0.00784,"29":null,"30":0.00784,"31":0.03136,"32":0.03136,"33":0.1176,"34":0.06272,"35":0.0392,"36":0.1568,"37":0.06272,"38":0.21952,"39":0.65072,"40":30.74064,"41":0.12544,"42":0.08624,"43":null},"opera":{"9":null,"9.5-9.6":null,"10.0-10.1":0,"10.5":null,"10.6":null,"11":null,"11.1":null,"11.5":null,"11.6":null,"12":null,"12.1":0.05488,"15":null,"16":null,"17":null,"18":null,"19":null,"20":null,"21":null,"22":null,"23":null,"24":null,"25":null,"26":null,"27":0.196,"28":null,"29":null},"safari":{"3.1":null,"3.2":null,"4":0.09408,"5":0.1176,"5.1":0.4704,"6":0.21168,"6.1":0.94864,"7":0.98784,"7.1":1.59152,"8":2.06192},"android":{"2.1":0,"2.2":0,"2.3":0.0423242332883,"3":0,"4":0.0855395030668,"4.1":0.275553034619,"4.2-4.3":0.466457602661,"4.4":0.871433687494,"4.4.3-4.4.4":0.401411938871,"37":0},"ios_saf":{"3.2":0,"4.0-4.1":0,"4.2-4.3":0,"5.0-5.1":0.0757090952907,"6.0-6.1":0.23244020484,"7.0-7.1":2.9420288784,"8":0.632237357164,"8.1":9.3454244643},"op_mob":{"10":0,"11":0,"11.1":0,"11.5":0,"12":6.75479744136e-5,"12.1":0.000405287846482,"0":null},"ie":{"5.5":null,"6":null,"7":0.1176,"8":1.52096,"9":2.2736,"10":2.64992,"11":23.70032,"0":null},"ie_mob":{"10":0.318817894737,"11":0.676942105263},"bb":{"7":0.0216,"10":null},"and_uc":{"0":null},"op_mini":{"5.0-8.0":0.0470471641791},"and_chr":{"0":5.07704},"and_ff":{"0":0.0648}},"total":99.0992}