{"id":"FR","name":"France","month":"2015-02","access_date":"2015-03-01","data":{"firefox":{"2":null,"3":0.042125,"3.5":0.01685,"3.6":0.08425,"4":0.01685,"5":0.008425,"6":null,"7":0.008425,"8":null,"9":0.008425,"10":0.058975,"11":0.01685,"12":0.05055,"13":0.01685,"14":0.01685,"15":0.0337,"16":0.092675,"17":0.1011,"18":0.025275,"19":0.01685,"20":0.042125,"21":0.0337,"22":0.025275,"23":0.0337,"24":0.2022,"25":0.042125,"26":0.092675,"27":0.337,"28":0.058975,"29":0.1011,"30":0.126375,"31":1.137375,"32":0.581325,"33":0.227475,"34":0.395975,"35":18.728775,"36":1.09525,"37":0.0337,"38":null,"39":null},"chrome":{"4":null,"5":null,"6":null,"7":null,"8":null,"9":null,"10":null,"11":0.058975,"12":0.008425,"13":null,"14":null,"15":null,"16":0.0337,"17":null,"18":0.025275,"19":null,"20":0.0674,"21":0.025275,"22":0.05055,"23":0.193775,"24":0.075825,"25":0.058975,"26":0.058975,"27":0.042125,"28":0.0674,"29":0.126375,"30":0.0674,"31":0.412825,"32":0.1348,"33":0.210625,"34":0.25275,"35":0.52235,"36":1.086825,"37":1.36485,"38":0.665575,"39":1.83665,"40":28.872475,"41":0.176925,"42":0.08425,"43":null},"opera":{"9":null,"9.5-9.6":null,"10.0-10.1":0,"10.5":null,"10.6":null,"11":null,"11.1":null,"11.5":null,"11.6":null,"12":0.0337,"12.1":0.1348,"15":null,"16":null,"17":null,"18":null,"19":null,"20":null,"21":null,"22":null,"23":null,"24":0.008425,"25":0.025275,"26":0.01685,"27":0.513925,"28":null,"29":null},"safari":{"3.1":null,"3.2":null,"4":0.11795,"5":0.261175,"5.1":0.918325,"6":0.143225,"6.1":0.497075,"7":0.65715,"7.1":1.103675,"8":2.502225},"android":{"2.1":0,"2.2":0,"2.3":0.0544119191184,"3":0,"4":0.109969352324,"4.1":0.354250231313,"4.2-4.3":0.599676624389,"4.4":1.1203127768,"4.4.3-4.4.4":0.51605409606,"37":0},"ios_saf":{"3.2":0,"4.0-4.1":0,"4.2-4.3":0,"5.0-5.1":0.0327044582789,"6.0-6.1":0.100408424541,"7.0-7.1":1.27088377347,"8":0.27311091475,"8.1":4.03699242896},"op_mob":{"10":0,"11":0,"11.1":0,"11.5":0,"12":0.000125373134328,"12.1":0.00075223880597,"0":null},"ie":{"5.5":null,"6":0.0697529279279,"7":0.183101435811,"8":1.98795844595,"9":1.5520026464,"10":1.13348507883,"11":10.5588494651,"0":null},"ie_mob":{"10":0.222890131579,"11":0.473259868421},"bb":{"7":0.02205,"10":null},"and_uc":{"0":0.171675},"op_mini":{"5.0-8.0":0.0873223880597},"and_chr":{"0":6.3946},"and_ff":{"0":0.099225}},"total":98.8511}