{"id":"GA","name":"Gabon","month":"2015-02","access_date":"2015-03-01","data":{"firefox":{"2":0.02778,"3":0.05556,"3.5":0.077784,"3.6":0.100008,"4":0.072228,"5":0.033336,"6":0.033336,"7":0.011112,"8":0.061116,"9":0.02778,"10":0.061116,"11":0.100008,"12":0.177792,"13":0.066672,"14":0.05556,"15":0.066672,"16":0.116676,"17":0.05556,"18":0.094452,"19":0.044448,"20":0.05556,"21":0.044448,"22":0.02778,"23":0.066672,"24":0.066672,"25":0.077784,"26":0.038892,"27":0.077784,"28":0.05556,"29":0.100008,"30":0.2778,"31":0.244464,"32":0.36114,"33":0.505596,"34":0.683388,"35":12.75102,"36":0.394476,"37":0.038892,"38":0.011112,"39":null},"chrome":{"4":0.011112,"5":0.011112,"6":0.016668,"7":0.016668,"8":null,"9":null,"10":0.02778,"11":0.183348,"12":0.044448,"13":0.016668,"14":null,"15":0.011112,"16":0.011112,"17":0.011112,"18":0.044448,"19":0.022224,"20":0.016668,"21":0.038892,"22":0.02778,"23":null,"24":0.022224,"25":0.08334,"26":0.088896,"27":0.050004,"28":0.022224,"29":0.016668,"30":0.044448,"31":0.38892,"32":0.038892,"33":0.127788,"34":0.072228,"35":0.116676,"36":0.511152,"37":0.211128,"38":0.244464,"39":0.6945,"40":14.773404,"41":0.1389,"42":0.122232,"43":null},"opera":{"9":null,"9.5-9.6":null,"10.0-10.1":0,"10.5":null,"10.6":null,"11":null,"11.1":null,"11.5":0.016668,"11.6":null,"12":0.011112,"12.1":0.127788,"15":0.005556,"16":null,"17":0.011112,"18":0.016668,"19":null,"20":0.005556,"21":0.016668,"22":0.016668,"23":0.005556,"24":0.011112,"25":0.011112,"26":0.038892,"27":0.733392,"28":null,"29":null},"safari":{"3.1":null,"3.2":null,"4":0.016668,"5":0.05556,"5.1":0.205572,"6":0.144456,"6.1":0.094452,"7":0.216684,"7.1":0.372252,"8":0.511152},"android":{"2.1":0,"2.2":0,"2.3":0.176702014762,"3":0,"4":0.357124071941,"4.1":1.15042311716,"4.2-4.3":1.9474422048,"4.4":3.6382014829,"4.4.3-4.4.4":1.67587910843,"37":0},"ios_saf":{"3.2":0,"4.0-4.1":0,"4.2-4.3":0,"5.0-5.1":0.0143962574556,"6.0-6.1":0.0441990360478,"7.0-7.1":0.559433513405,"8":0.12022137805,"8.1":1.77705381504},"op_mob":{"10":0,"11":0,"11.1":0,"11.5":0,"12":0.0237645031983,"12.1":0.14258701919,"0":null},"ie":{"5.5":null,"6":0.213148363636,"7":0.117792516746,"8":3.33184547368,"9":1.3910735311,"10":2.33902283254,"11":8.72786457416,"0":null},"ie_mob":{"10":0.589063894737,"11":1.25075210526},"bb":{"7":0.979902,"10":null},"and_uc":{"0":1.519848},"op_mini":{"5.0-8.0":16.5519764776},"and_chr":{"0":6.237232},"and_ff":{"0":0.217756}},"total":93.2366452919}