{"id":"GB","name":"United Kingdom","month":"2015-02","access_date":"2015-03-01","data":{"firefox":{"2":null,"3":0.013772,"3.5":null,"3.6":0.061974,"4":0.006886,"5":null,"6":0.006886,"7":0.006886,"8":null,"9":null,"10":0.013772,"11":0.013772,"12":0.020658,"13":0.006886,"14":0.006886,"15":0.006886,"16":0.03443,"17":0.020658,"18":0.013772,"19":0.013772,"20":0.020658,"21":0.03443,"22":0.013772,"23":0.020658,"24":0.048202,"25":0.020658,"26":0.03443,"27":0.158378,"28":0.03443,"29":0.03443,"30":0.055088,"31":0.247896,"32":0.123948,"33":0.110176,"34":0.20658,"35":8.566184,"36":0.509564,"37":0.013772,"38":null,"39":null},"chrome":{"4":null,"5":null,"6":null,"7":null,"8":null,"9":null,"10":null,"11":0.082632,"12":0.006886,"13":null,"14":null,"15":null,"16":null,"17":null,"18":0.013772,"19":null,"20":null,"21":0.089518,"22":0.055088,"23":0.013772,"24":0.006886,"25":0.03443,"26":0.027544,"27":0.027544,"28":0.03443,"29":0.03443,"30":0.03443,"31":0.282326,"32":0.096404,"33":0.227238,"34":0.151492,"35":0.358072,"36":0.399388,"37":0.523336,"38":0.475134,"39":1.597552,"40":28.046678,"41":0.192808,"42":0.10329,"43":null},"opera":{"9":null,"9.5-9.6":null,"10.0-10.1":0,"10.5":null,"10.6":null,"11":null,"11.1":null,"11.5":null,"11.6":null,"12":null,"12.1":0.117062,"15":null,"16":null,"17":null,"18":null,"19":null,"20":null,"21":null,"22":null,"23":null,"24":0.006886,"25":0.020658,"26":0.013772,"27":0.433818,"28":null,"29":null},"safari":{"3.1":null,"3.2":null,"4":0.061974,"5":0.179036,"5.1":0.681714,"6":0.17215,"6.1":0.509564,"7":0.65417,"7.1":1.23948,"8":3.215762},"android":{"2.1":0,"2.2":0,"2.3":0.0607098887618,"3":0,"4":0.122697880445,"4.1":0.395253328413,"4.2-4.3":0.669086879301,"4.4":1.24998465703,"4.4.3-4.4.4":0.575785366046,"37":0},"ios_saf":{"3.2":0,"4.0-4.1":0,"4.2-4.3":0,"5.0-5.1":0.0913778738829,"6.0-6.1":0.280546104027,"7.0-7.1":3.55091211668,"8":0.763085402952,"8.1":11.2795565025},"op_mob":{"10":0,"11":0,"11.1":0,"11.5":0,"12":0.00104463965885,"12.1":0.00626783795309,"0":null},"ie":{"5.5":null,"6":0.0277097280385,"7":0.124693776173,"8":1.76649516245,"9":2.16828621901,"10":1.45476072202,"11":11.7212149603,"0":null},"ie_mob":{"10":0.270194131579,"11":0.573699868421},"bb":{"7":0.26469,"10":null},"and_uc":{"0":0.199296},"op_mini":{"5.0-8.0":0.727591522388},"and_chr":{"0":8.998014},"and_ff":{"0":0.096534}},"total":98.161764568}