{"id":"GD","name":"Grenada","month":"2015-02","access_date":"2015-03-01","data":{"firefox":{"2":null,"3":null,"3.5":null,"3.6":0.069057,"4":0.007673,"5":0.007673,"6":null,"7":0.015346,"8":null,"9":null,"10":null,"11":0.023019,"12":0.07673,"13":null,"14":null,"15":null,"16":0.023019,"17":0.030692,"18":null,"19":0.007673,"20":null,"21":0.030692,"22":null,"23":0.092076,"24":null,"25":0.023019,"26":0.023019,"27":0.007673,"28":0.015346,"29":null,"30":0.030692,"31":0.199498,"32":0.130441,"33":0.084403,"34":0.199498,"35":8.156399,"36":0.583148,"37":0.030692,"38":0.007673,"39":null},"chrome":{"4":null,"5":null,"6":null,"7":null,"8":null,"9":null,"10":null,"11":0.161133,"12":0.007673,"13":null,"14":null,"15":null,"16":null,"17":null,"18":0.061384,"19":null,"20":0.030692,"21":0.007673,"22":0.130441,"23":null,"24":0.015346,"25":0.015346,"26":0.007673,"27":0.007673,"28":0.046038,"29":0.015346,"30":0.092076,"31":0.337612,"32":0.107422,"33":0.245536,"34":0.214844,"35":0.253209,"36":1.22768,"37":0.521764,"38":0.468053,"39":1.480889,"40":40.122117,"41":0.299247,"42":0.560129,"43":null},"opera":{"9":null,"9.5-9.6":null,"10.0-10.1":0,"10.5":null,"10.6":null,"11":null,"11.1":null,"11.5":null,"11.6":null,"12":null,"12.1":0.115095,"15":null,"16":null,"17":null,"18":null,"19":null,"20":null,"21":null,"22":null,"23":null,"24":null,"25":null,"26":0.007673,"27":1.112585,"28":0.030692,"29":null},"safari":{"3.1":null,"3.2":null,"4":0.015346,"5":0.199498,"5.1":0.322266,"6":0.099749,"6.1":0.245536,"7":0.299247,"7.1":0.391323,"8":1.5346},"android":{"2.1":0,"2.2":0,"2.3":0.198289720345,"3":0,"4":0.400753961119,"4.1":1.29097044246,"4.2-4.3":2.18536144422,"4.4":4.0826809789,"4.4.3-4.4.4":1.88062145296,"37":0},"ios_saf":{"3.2":0,"4.0-4.1":0,"4.2-4.3":0,"5.0-5.1":0.0159022960137,"6.0-6.1":0.0488228386384,"7.0-7.1":0.617957643338,"8":0.132798121096,"8.1":1.96295710091},"op_mob":{"10":0,"11":0,"11.1":0,"11.5":0,"12":0.000251388770434,"12.1":0.0015083326226,"0":null},"ie":{"5.5":null,"6":0.0537993889194,"7":0.0384281349424,"8":1.36804160395,"9":0.876161476687,"10":0.968389000549,"11":10.683021514,"0":null},"ie_mob":{"10":0.325586083333,"11":0.691312916667},"bb":{"7":0.2920385,"10":null},"and_uc":{"0":0.351377},"op_mini":{"5.0-8.0":0.175092278607},"and_chr":{"0":8.782825},"and_ff":{"0":0.20943}},"total":98.320135619}