{"id":"GE","name":"Georgia","month":"2015-02","access_date":"2015-03-01","data":{"firefox":{"2":null,"3":0.009187,"3.5":0.009187,"3.6":0.073496,"4":null,"5":null,"6":null,"7":null,"8":null,"9":null,"10":0.009187,"11":0.018374,"12":0.018374,"13":null,"14":0.009187,"15":null,"16":0.018374,"17":0.027561,"18":0.009187,"19":0.018374,"20":null,"21":0.018374,"22":0.009187,"23":null,"24":0.009187,"25":0.018374,"26":0.018374,"27":0.018374,"28":0.009187,"29":0.018374,"30":0.018374,"31":0.119431,"32":0.082683,"33":0.064309,"34":0.101057,"35":3.481873,"36":0.27561,"37":0.009187,"38":null,"39":null},"chrome":{"4":0.055122,"5":0.073496,"6":0.018374,"7":0.009187,"8":0.055122,"9":0.045935,"10":0.027561,"11":0.036748,"12":0.156179,"13":0.009187,"14":0.027561,"15":0.119431,"16":0.045935,"17":0.064309,"18":0.055122,"19":0.027561,"20":null,"21":0.009187,"22":0.055122,"23":0.018374,"24":0.064309,"25":0.036748,"26":0.036748,"27":0.073496,"28":0.110244,"29":0.027561,"30":0.330732,"31":0.137805,"32":0.055122,"33":0.799269,"34":0.165366,"35":0.413415,"36":0.909513,"37":0.413415,"38":0.523659,"39":3.279759,"40":57.988344,"41":0.312358,"42":0.597155,"43":null},"opera":{"9":null,"9.5-9.6":null,"10.0-10.1":0,"10.5":null,"10.6":0.009187,"11":0.018374,"11.1":0.018374,"11.5":0.027561,"11.6":0.064309,"12":0.101057,"12.1":2.333498,"15":0.266423,"16":0.165366,"17":0.128618,"18":0.27561,"19":0.146992,"20":0.385854,"21":0.137805,"22":0.045935,"23":0.018374,"24":0.055122,"25":0.064309,"26":0.238862,"27":9.747407,"28":0.128618,"29":0.027561},"safari":{"3.1":null,"3.2":null,"4":0,"5":0.018374,"5.1":0.064309,"6":0.009187,"6.1":0.027561,"7":0.055122,"7.1":0.073496,"8":0.220488},"android":{"2.1":0,"2.2":0,"2.3":0.0312826239734,"3":0,"4":0.0632238295041,"4.1":0.203666346606,"4.2-4.3":0.344767445265,"4.4":0.644092763073,"4.4.3-4.4.4":0.296690991579,"37":0},"ios_saf":{"3.2":0,"4.0-4.1":0,"4.2-4.3":0,"5.0-5.1":0.00723569183653,"6.0-6.1":0.0222148433578,"7.0-7.1":0.281176445928,"8":0.0604243739331,"8.1":0.893163644944},"op_mob":{"10":0,"11":0,"11.1":0,"11.5":0,"12":0.00165026865672,"12.1":0.0099016119403,"0":null},"ie":{"5.5":null,"6":0.0279558567335,"7":0.0372744756447,"8":0.764126750716,"9":0.279558567335,"10":0.177053759312,"11":1.96622859026,"0":null},"ie_mob":{"10":0.0885028947368,"11":0.187917105263},"bb":{"7":0.0060975,"10":null},"and_uc":{"0":0.167478},"op_mini":{"5.0-8.0":1.1494121194},"and_chr":{"0":3.304928},"and_ff":{"0":0.033333}},"total":97.6000845}