{"id":"GF","name":"French Guiana","month":"2015-02","access_date":"2015-03-01","data":{"firefox":{"2":null,"3":0.054012,"3.5":null,"3.6":0.015432,"4":null,"5":null,"6":null,"7":null,"8":null,"9":null,"10":0.015432,"11":0.03858,"12":0.054012,"13":0.015432,"14":null,"15":0.046296,"16":0.015432,"17":0.07716,"18":0.015432,"19":0.046296,"20":0.023148,"21":0.007716,"22":0.046296,"23":0.023148,"24":0.061728,"25":null,"26":0.069444,"27":0.015432,"28":0.023148,"29":0.023148,"30":0.03858,"31":0.285492,"32":0.15432,"33":0.23148,"34":0.416664,"35":14.575524,"36":0.825612,"37":0.030864,"38":null,"39":null},"chrome":{"4":0.007716,"5":null,"6":null,"7":null,"8":null,"9":null,"10":null,"11":0.07716,"12":0.084876,"13":null,"14":null,"15":null,"16":null,"17":null,"18":0.015432,"19":null,"20":null,"21":null,"22":0.061728,"23":0.131172,"24":0.07716,"25":0.015432,"26":0.015432,"27":0.007716,"28":0.061728,"29":0.185184,"30":0.03858,"31":0.54012,"32":0.208332,"33":0.108024,"34":0.262344,"35":0.23148,"36":0.895056,"37":0.378084,"38":0.378084,"39":1.103388,"40":29.235924,"41":0.123456,"42":0.108024,"43":null},"opera":{"9":null,"9.5-9.6":null,"10.0-10.1":0,"10.5":null,"10.6":null,"11":null,"11.1":null,"11.5":null,"11.6":null,"12":null,"12.1":0.084876,"15":null,"16":null,"17":null,"18":0.084876,"19":0.007716,"20":null,"21":null,"22":null,"23":null,"24":null,"25":null,"26":null,"27":0.956784,"28":0.007716,"29":null},"safari":{"3.1":null,"3.2":null,"4":0.100308,"5":0.100308,"5.1":0.779316,"6":0.084876,"6.1":0.42438,"7":0.27006,"7.1":0.779316,"8":1.62036},"android":{"2.1":0,"2.2":0,"2.3":0.121088329348,"3":0,"4":0.244725886683,"4.1":0.788348754756,"4.2-4.3":1.33452085082,"4.4":2.49314497058,"4.4.3-4.4.4":1.14842720782,"37":0},"ios_saf":{"3.2":0,"4.0-4.1":0,"4.2-4.3":0,"5.0-5.1":0.0195955228437,"6.0-6.1":0.0601616929411,"7.0-7.1":0.761475142083,"8":0.1636398048,"8.1":2.41884383733},"op_mob":{"10":0,"11":0,"11.1":0,"11.5":0,"12":0.000435047619048,"12.1":0.00261028571429,"0":null},"ie":{"5.5":null,"6":0.0336848225571,"7":0.0757908507535,"8":2.50109807487,"9":1.36423531356,"10":1.54950183763,"11":11.7981091006,"0":null},"ie_mob":{"10":0.0555773333333,"11":0.118006666667},"bb":{"7":0.010849,"10":null},"and_uc":{"0":0.036544},"op_mini":{"5.0-8.0":0.303010666667},"and_chr":{"0":14.214388},"and_ff":{"0":0.280932}},"total":98.796529}