{"id":"GG","name":"Guernsey","month":"2015-02","access_date":"2015-03-01","data":{"firefox":{"2":0.008298,"3":null,"3.5":0.016596,"3.6":0.016596,"4":0.016596,"5":null,"6":null,"7":null,"8":null,"9":null,"10":0.024894,"11":0.008298,"12":null,"13":null,"14":null,"15":null,"16":0.016596,"17":null,"18":0.008298,"19":null,"20":0.016596,"21":0.016596,"22":0.016596,"23":null,"24":0.016596,"25":0.016596,"26":0.008298,"27":0.016596,"28":0.033192,"29":0.016596,"30":0.099576,"31":0.12447,"32":0.107874,"33":0.033192,"34":0.141066,"35":7.59267,"36":0.489582,"37":0.008298,"38":null,"39":null},"chrome":{"4":null,"5":null,"6":null,"7":null,"8":null,"9":null,"10":null,"11":0.16596,"12":null,"13":null,"14":null,"15":null,"16":null,"17":null,"18":null,"19":null,"20":null,"21":0.058086,"22":0.04149,"23":null,"24":0.016596,"25":0.016596,"26":0.008298,"27":null,"28":0.008298,"29":0.008298,"30":null,"31":0.33192,"32":0.116172,"33":0.107874,"34":0.091278,"35":0.174258,"36":0.472986,"37":0.157662,"38":0.099576,"39":1.136826,"40":29.58237,"41":0.091278,"42":0.074682,"43":null},"opera":{"9":null,"9.5-9.6":null,"10.0-10.1":0,"10.5":null,"10.6":null,"11":null,"11.1":null,"11.5":null,"11.6":null,"12":1.095336,"12.1":0.024894,"15":null,"16":null,"17":null,"18":null,"19":null,"20":null,"21":null,"22":null,"23":null,"24":null,"25":null,"26":null,"27":0.33192,"28":null,"29":null},"safari":{"3.1":null,"3.2":0.066384,"4":0.107874,"5":0.846396,"5.1":1.651302,"6":0.24894,"6.1":1.028952,"7":1.028952,"7.1":2.124288,"8":4.422834},"android":{"2.1":0,"2.2":0,"2.3":0.0289122361992,"3":0,"4":0.0584331510552,"4.1":0.188233874623,"4.2-4.3":0.318643276848,"4.4":0.595287726375,"4.4.3-4.4.4":0.2742097349,"37":0},"ios_saf":{"3.2":0,"4.0-4.1":0,"4.2-4.3":0,"5.0-5.1":0.0598800138568,"6.0-6.1":0.183842147806,"7.0-7.1":2.32691632794,"8":0.500050642032,"8.1":7.39150486836},"op_mob":{"10":0,"11":0,"11.1":0,"11.5":0,"12":2.41933191187e-5,"12.1":0.000145159914712,"0":null},"ie":{"5.5":null,"6":0.024894,"7":0.348516,"8":2.754936,"9":3.327498,"10":1.477044,"11":19.633068,"0":null},"ie_mob":{"10":0.257211017544,"11":0.546132982456},"bb":{"7":0.045103,"10":null},"and_uc":{"0":0.001702},"op_mini":{"5.0-8.0":0.0168506467662},"and_chr":{"0":4.064388},"and_ff":{"0":0.091908}},"total":99.124473}