{"id":"GH","name":"Ghana","month":"2015-02","access_date":"2015-03-01","data":{"firefox":{"2":0.01004,"3":0.03514,"3.5":0.01506,"3.6":0.1004,"4":0.09538,"5":0.03514,"6":0.03012,"7":0.04518,"8":0.03514,"9":0.0502,"10":0.09538,"11":0.1757,"12":0.14558,"13":0.12048,"14":0.13052,"15":0.18072,"16":0.29116,"17":0.08534,"18":0.11546,"19":0.13554,"20":0.1255,"21":0.18072,"22":0.09538,"23":0.18072,"24":0.12048,"25":0.09538,"26":0.15562,"27":0.23594,"28":0.16566,"29":0.68774,"30":0.64256,"31":0.64256,"32":0.57228,"33":0.89356,"34":1.30018,"35":12.38434,"36":4.07122,"37":0.13554,"38":0.04518,"39":null},"chrome":{"4":null,"5":0.00502,"6":0.01004,"7":0.01004,"8":0.01506,"9":0.00502,"10":0.01004,"11":0.06024,"12":0.01506,"13":0.02008,"14":0.02008,"15":0.00502,"16":0.03514,"17":0.01004,"18":0.01506,"19":0.01004,"20":0.01004,"21":0.01004,"22":0.0251,"23":0.01004,"24":0.01004,"25":0.05522,"26":0.03514,"27":0.0251,"28":0.03514,"29":0.04518,"30":0.06024,"31":0.14056,"32":0.04518,"33":0.29116,"34":0.06526,"35":0.16566,"36":0.77308,"37":0.14056,"38":0.29618,"39":1.01404,"40":12.1986,"41":0.26606,"42":0.47188,"43":null},"opera":{"9":null,"9.5-9.6":0.00502,"10.0-10.1":0,"10.5":null,"10.6":0.00502,"11":0.01004,"11.1":0.00502,"11.5":0.01506,"11.6":0.06526,"12":0.0251,"12.1":0.2008,"15":0.02008,"16":0.01004,"17":0.01004,"18":0.02008,"19":0.01004,"20":0.03012,"21":0.01004,"22":0.01506,"23":null,"24":0.02008,"25":0.02008,"26":0.14056,"27":1.5813,"28":0.01506,"29":null},"safari":{"3.1":null,"3.2":null,"4":0.01004,"5":0.0251,"5.1":0.16566,"6":0.03514,"6.1":0.08534,"7":0.1004,"7.1":0.19076,"8":0.502},"android":{"2.1":0,"2.2":0,"2.3":0.119910364903,"3":0,"4":0.24234515854,"4.1":0.780679586236,"4.2-4.3":1.32153844267,"4.4":2.46889130263,"4.4.3-4.4.4":1.13725514503,"37":0},"ios_saf":{"3.2":0,"4.0-4.1":0,"4.2-4.3":0,"5.0-5.1":0.00926343006326,"6.0-6.1":0.0284403554574,"7.0-7.1":0.359973641932,"8":0.0773577668441,"8.1":1.1434648057},"op_mob":{"10":0,"11":0,"11.1":0,"11.5":0,"12":0.0402010234542,"12.1":0.241206140725,"0":null},"ie":{"5.5":null,"6":0.030643257329,"7":0.0204288382193,"8":0.863118414767,"9":0.413683973941,"10":0.90908330076,"11":2.45146058632,"0":null},"ie_mob":{"10":0.492692368421,"11":1.04612763158},"bb":{"7":0.09462,"10":null},"and_uc":{"0":4.7559},"op_mini":{"5.0-8.0":28.0000128358},"and_chr":{"0":3.83584},"and_ff":{"0":0.32868}},"total":95.6548783713}