{"id":"GI","name":"Gibraltar","month":"2015-02","access_date":"2015-03-01","data":{"firefox":{"2":null,"3":null,"3.5":null,"3.6":0.021696,"4":null,"5":null,"6":null,"7":null,"8":0.014464,"9":null,"10":0.028928,"11":null,"12":0.028928,"13":null,"14":null,"15":0.007232,"16":0.014464,"17":null,"18":null,"19":null,"20":null,"21":0.03616,"22":0.014464,"23":0.007232,"24":0.303744,"25":0.021696,"26":0.043392,"27":0.014464,"28":0.07232,"29":0.028928,"30":0.303744,"31":0.159104,"32":0.188032,"33":0.10848,"34":0.426688,"35":9.04,"36":0.499008,"37":0.007232,"38":0.014464,"39":null},"chrome":{"4":null,"5":null,"6":null,"7":null,"8":null,"9":null,"10":null,"11":0.03616,"12":null,"13":null,"14":null,"15":null,"16":0.014464,"17":null,"18":null,"19":null,"20":null,"21":0.065088,"22":0.03616,"23":null,"24":null,"25":null,"26":0.028928,"27":0.014464,"28":null,"29":0.014464,"30":0.014464,"31":0.896768,"32":0.014464,"33":0.166336,"34":0.101248,"35":0.296512,"36":0.347136,"37":0.151872,"38":0.159104,"39":1.135424,"40":31.791872,"41":0.173568,"42":0.14464,"43":null},"opera":{"9":null,"9.5-9.6":null,"10.0-10.1":0,"10.5":null,"10.6":null,"11":null,"11.1":null,"11.5":null,"11.6":null,"12":null,"12.1":0.021696,"15":null,"16":null,"17":null,"18":null,"19":null,"20":null,"21":null,"22":null,"23":null,"24":null,"25":null,"26":null,"27":0.115712,"28":0.007232,"29":null},"safari":{"3.1":null,"3.2":null,"4":0,"5":0.130176,"5.1":1.583808,"6":0.043392,"6.1":0.383296,"7":0.636416,"7.1":1.497024,"8":2.849408},"android":{"2.1":0,"2.2":0,"2.3":0.0739207651523,"3":0,"4":0.149397756939,"4.1":0.481263086807,"4.2-4.3":0.81468464331,"4.4":1.52198964882,"4.4.3-4.4.4":0.701080098971,"37":0},"ios_saf":{"3.2":0,"4.0-4.1":0,"4.2-4.3":0,"5.0-5.1":0.0868964112863,"6.0-6.1":0.266787227633,"7.0-7.1":3.37676405262,"8":0.725661259163,"8.1":10.7263710493},"op_mob":{"10":0,"11":0,"11.1":0,"11.5":0,"12":3.14769012082e-5,"12.1":0.000188861407249,"0":null},"ie":{"5.5":null,"6":null,"7":0.043392,"8":1.460864,"9":0.68704,"10":1.48256,"11":13.516608,"0":null},"ie_mob":{"10":0.0966007719298,"11":0.20511122807},"bb":{"7":0.01384,"10":null},"and_uc":{"0":0.080272},"op_mini":{"5.0-8.0":0.0219236616915},"and_chr":{"0":8.181664},"and_ff":{"0":0.038752}},"total":99.029824}