{"id":"GL","name":"Greenland","month":"2015-02","access_date":"2015-03-01","data":{"firefox":{"2":null,"3":0.010858,"3.5":null,"3.6":0.103151,"4":null,"5":null,"6":null,"7":null,"8":null,"9":null,"10":0.016287,"11":null,"12":null,"13":null,"14":0.016287,"15":null,"16":null,"17":null,"18":null,"19":0.032574,"20":null,"21":null,"22":null,"23":null,"24":0.038003,"25":null,"26":null,"27":null,"28":0.016287,"29":0.10858,"30":0.092293,"31":0.038003,"32":0.010858,"33":0.092293,"34":0.076006,"35":5.982758,"36":0.200873,"37":null,"38":null,"39":null},"chrome":{"4":null,"5":null,"6":null,"7":null,"8":null,"9":null,"10":null,"11":null,"12":0.005429,"13":null,"14":null,"15":null,"16":null,"17":0.005429,"18":null,"19":null,"20":0.05429,"21":null,"22":0.092293,"23":null,"24":0.016287,"25":0.016287,"26":null,"27":null,"28":0.016287,"29":0.010858,"30":null,"31":0.152012,"32":0.059719,"33":0.021716,"34":0.086864,"35":0.086864,"36":0.575474,"37":0.146583,"38":0.249734,"39":0.580903,"40":15.711526,"41":0.059719,"42":0.048861,"43":null},"opera":{"9":null,"9.5-9.6":null,"10.0-10.1":0,"10.5":null,"10.6":null,"11":null,"11.1":null,"11.5":null,"11.6":null,"12":null,"12.1":0.260592,"15":null,"16":null,"17":null,"18":null,"19":null,"20":null,"21":null,"22":null,"23":null,"24":null,"25":null,"26":0.005429,"27":0.27145,"28":null,"29":null},"safari":{"3.1":null,"3.2":null,"4":0.021716,"5":0.038003,"5.1":0.700341,"6":0.048861,"6.1":0.439749,"7":0.553758,"7.1":1.509262,"8":2.736216},"android":{"2.1":0,"2.2":0,"2.3":0.0976927102609,"3":0,"4":0.197442109159,"4.1":0.636030961015,"4.2-4.3":1.07667650151,"4.4":2.01144148706,"4.4.3-4.4.4":0.926538231001,"37":0},"ios_saf":{"3.2":0,"4.0-4.1":0,"4.2-4.3":0,"5.0-5.1":0.0882966286776,"6.0-6.1":0.271086140677,"7.0-7.1":3.43117600914,"8":0.737354302641,"8.1":10.8992119189},"op_mob":{"10":0,"11":0,"11.1":0,"11.5":0,"12":0.0151651940299,"12.1":0.0909911641791,"0":null},"ie":{"5.5":null,"6":0.010858,"7":0.086864,"8":1.058655,"9":2.980521,"10":4.218333,"11":13.762515,"0":null},"ie_mob":{"10":0.140498105263,"11":0.298317894737},"bb":{"7":0,"10":null},"and_uc":{"0":1.517572},"op_mini":{"5.0-8.0":10.5625576418},"and_chr":{"0":12.321138},"and_ff":{"0":0.086849}},"total":98.941405}