{"id":"GM","name":"Gambia","month":"2015-02","access_date":"2015-03-01","data":{"firefox":{"2":0.005517,"3":0.027585,"3.5":0.016551,"3.6":0.209646,"4":0.05517,"5":0.033102,"6":0.033102,"7":0.022068,"8":0.016551,"9":0.038619,"10":0.027585,"11":0.126891,"12":0.215163,"13":0.060687,"14":0.121374,"15":0.077238,"16":0.071721,"17":0.05517,"18":0.077238,"19":0.099306,"20":0.088272,"21":0.121374,"22":0.022068,"23":0.033102,"24":0.044136,"25":0.077238,"26":0.099306,"27":0.071721,"28":0.259299,"29":0.303435,"30":0.430326,"31":0.259299,"32":0.176544,"33":0.347571,"34":0.755829,"35":13.577337,"36":7.790004,"37":0.308952,"38":null,"39":null},"chrome":{"4":null,"5":null,"6":null,"7":0.011034,"8":null,"9":0.011034,"10":0.011034,"11":0.159993,"12":0.005517,"13":null,"14":0.005517,"15":0.005517,"16":0.011034,"17":null,"18":null,"19":0.005517,"20":null,"21":0.016551,"22":0.005517,"23":null,"24":0.011034,"25":0.016551,"26":0.011034,"27":0.016551,"28":0.022068,"29":0.077238,"30":0.077238,"31":0.143442,"32":0.093789,"33":2.526786,"34":0.038619,"35":0.137925,"36":1.964052,"37":0.182061,"38":0.060687,"39":0.766863,"40":13.279419,"41":0.126891,"42":0.93789,"43":0.005517},"opera":{"9":null,"9.5-9.6":null,"10.0-10.1":0,"10.5":null,"10.6":null,"11":0.005517,"11.1":0.104823,"11.5":0.011034,"11.6":0.033102,"12":0.011034,"12.1":0.380673,"15":null,"16":null,"17":null,"18":null,"19":null,"20":0.011034,"21":0.033102,"22":null,"23":null,"24":null,"25":null,"26":0.066204,"27":0.893754,"28":null,"29":null},"safari":{"3.1":null,"3.2":null,"4":0.033102,"5":0.022068,"5.1":0.104823,"6":0.044136,"6.1":0.115857,"7":0.11034,"7.1":0.259299,"8":0.38619},"android":{"2.1":0,"2.2":0,"2.3":0.171168667221,"3":0,"4":0.345940885331,"4.1":1.11439811238,"4.2-4.3":1.88645889032,"4.4":3.52427276931,"4.4.3-4.4.4":1.62339967543,"37":0},"ios_saf":{"3.2":0,"4.0-4.1":0,"4.2-4.3":0,"5.0-5.1":0.0205522975198,"6.0-6.1":0.0630991590521,"7.0-7.1":0.798655070288,"8":0.171629712622,"8.1":2.53694676052},"op_mob":{"10":0,"11":0,"11.1":0,"11.5":0,"12":0.0263117370291,"12.1":0.157870422175,"0":null},"ie":{"5.5":null,"6":0.0166757115178,"7":0.0222342820237,"8":1.07836267815,"9":0.872695569429,"10":0.561415621098,"11":2.60696956728,"0":null},"ie_mob":{"10":0.475099688596,"11":1.0087733114},"bb":{"7":0.0246565,"10":null},"and_uc":{"0":5.630648},"op_mini":{"5.0-8.0":18.3261248408},"and_chr":{"0":4.798871},"and_ff":{"0":0.197252}},"total":97.5865919295}