{"id":"GN","name":"Guinea","month":"2015-02","access_date":"2015-03-01","data":{"firefox":{"2":0.002445,"3":0.13203,"3.5":0.031785,"3.6":0.05379,"4":0.026895,"5":0.02445,"6":0.012225,"7":0.017115,"8":0.01467,"9":0.041565,"10":0.051345,"11":0.18093,"12":0.07824,"13":0.036675,"14":0.026895,"15":0.05379,"16":0.03912,"17":0.03423,"18":0.03423,"19":0.041565,"20":0.031785,"21":0.031785,"22":0.06846,"23":0.03912,"24":0.036675,"25":0.026895,"26":0.036675,"27":0.01956,"28":0.026895,"29":0.168705,"30":0.22983,"31":0.17604,"32":0.20049,"33":0.330075,"34":0.349635,"35":6.15162,"36":0.383865,"37":0.00978,"38":null,"39":null},"chrome":{"4":0.002445,"5":0.022005,"6":0.012225,"7":null,"8":0.00489,"9":null,"10":null,"11":0.05868,"12":0.00978,"13":0.007335,"14":0.007335,"15":0.002445,"16":null,"17":0.00489,"18":null,"19":null,"20":0.002445,"21":null,"22":0.007335,"23":null,"24":0.002445,"25":0.031785,"26":0.017115,"27":0.017115,"28":0.007335,"29":0.031785,"30":0.026895,"31":0.080685,"32":0.012225,"33":0.178485,"34":0.01956,"35":0.041565,"36":1.00245,"37":0.02445,"38":0.095355,"39":0.63081,"40":6.55749,"41":0.05379,"42":0.041565,"43":null},"opera":{"9":null,"9.5-9.6":null,"10.0-10.1":0,"10.5":null,"10.6":null,"11":0.007335,"11.1":0.012225,"11.5":0.002445,"11.6":0.01956,"12":0.002445,"12.1":0.075795,"15":0.03423,"16":0.007335,"17":0.01467,"18":0.01467,"19":0.00489,"20":0.01467,"21":0.00489,"22":0.00978,"23":null,"24":0.007335,"25":0.012225,"26":0.095355,"27":0.90465,"28":0.00978,"29":null},"safari":{"3.1":null,"3.2":null,"4":0.007335,"5":0.012225,"5.1":0.0489,"6":0.00978,"6.1":0.00978,"7":0.03423,"7.1":0.02934,"8":0.11736},"android":{"2.1":0,"2.2":0,"2.3":0.316518291922,"3":0,"4":0.639700126832,"4.1":2.06070066899,"4.2-4.3":3.48836475413,"4.4":6.5169450421,"4.4.3-4.4.4":3.00192611602,"37":0},"ios_saf":{"3.2":0,"4.0-4.1":0,"4.2-4.3":0,"5.0-5.1":0.0117614941259,"6.0-6.1":0.0361098503866,"7.0-7.1":0.457047534893,"8":0.0982187930515,"8.1":1.45182232754},"op_mob":{"10":0,"11":0,"11.1":0,"11.5":0,"12":0.0654337100213,"12.1":0.392602260128,"0":null},"ie":{"5.5":null,"6":0.00736797687861,"7":0.0245599229287,"8":0.83012539499,"9":0.255423198459,"10":0.987308901734,"11":1.67007475915,"0":null},"ie_mob":{"10":0.174162631579,"11":0.369797368421},"bb":{"7":0.01699875,"10":null},"and_uc":{"0":3.39975},"op_mini":{"5.0-8.0":45.5745790299},"and_chr":{"0":5.631265},"and_ff":{"0":0.22665}},"total":97.4950439041}