{"id":"GP","name":"Guadeloupe","month":"2015-02","access_date":"2015-03-01","data":{"firefox":{"2":null,"3":0.08097,"3.5":0.008097,"3.6":0.072873,"4":0.008097,"5":0.024291,"6":null,"7":null,"8":null,"9":null,"10":0.008097,"11":0.008097,"12":0.024291,"13":0.072873,"14":null,"15":0.016194,"16":0.072873,"17":0.016194,"18":0.008097,"19":0.008097,"20":0.113358,"21":0.008097,"22":0.016194,"23":0.032388,"24":0.056679,"25":0.016194,"26":0.032388,"27":0.008097,"28":0.024291,"29":0.024291,"30":0.064776,"31":0.234813,"32":0.129552,"33":0.105261,"34":0.315783,"35":12.696096,"36":0.842088,"37":0.008097,"38":null,"39":null},"chrome":{"4":0.040485,"5":null,"6":null,"7":null,"8":null,"9":null,"10":0.008097,"11":0.072873,"12":null,"13":null,"14":null,"15":null,"16":null,"17":0.024291,"18":null,"19":null,"20":null,"21":0.024291,"22":0.477723,"23":0.097164,"24":0.056679,"25":0.024291,"26":0.113358,"27":0.016194,"28":0.089067,"29":0.048582,"30":0.040485,"31":0.178134,"32":0.072873,"33":0.129552,"34":0.210522,"35":0.388656,"36":0.461529,"37":0.348171,"38":0.582984,"39":1.910892,"40":30.298974,"41":0.210522,"42":0.24291,"43":null},"opera":{"9":null,"9.5-9.6":null,"10.0-10.1":0.08097,"10.5":0.008097,"10.6":0.008097,"11":0.040485,"11.1":null,"11.5":null,"11.6":null,"12":0.016194,"12.1":0.129552,"15":null,"16":null,"17":null,"18":null,"19":null,"20":0.024291,"21":null,"22":null,"23":0.008097,"24":null,"25":null,"26":0.008097,"27":0.429141,"28":null,"29":null},"safari":{"3.1":null,"3.2":null,"4":0.137649,"5":0.502014,"5.1":1.028319,"6":0.178134,"6.1":0.704439,"7":0.502014,"7.1":1.392684,"8":3.084957},"android":{"2.1":0,"2.2":0,"2.3":0.0922061763177,"3":0,"4":0.186353535295,"4.1":0.600310737395,"4.2-4.3":1.01620912215,"4.4":1.89847664082,"4.4.3-4.4.4":0.874502788024,"37":0},"ios_saf":{"3.2":0,"4.0-4.1":0,"4.2-4.3":0,"5.0-5.1":0.0247569618436,"6.0-6.1":0.0760082161864,"7.0-7.1":0.962046850587,"8":0.206742348027,"8.1":3.05596462336},"op_mob":{"10":0,"11":0,"11.1":0,"11.5":0,"12":7.30362473348e-5,"12.1":0.000438217484009,"0":null},"ie":{"5.5":null,"6":0.0335785243578,"7":1.47745507174,"8":3.23193296944,"9":1.24240540124,"10":1.67892621789,"11":11.2907788153,"0":null},"ie_mob":{"10":0.126123828947,"11":0.267797171053},"bb":{"7":0.05566275,"10":null},"and_uc":{"0":0.036157},"op_mini":{"5.0-8.0":0.0508697462687},"and_chr":{"0":10.410516},"and_ff":{"0":0.127501}},"total":98.63390775}