{"id":"GQ","name":"Equatorial Guinea","month":"2015-02","access_date":"2015-03-01","data":{"firefox":{"2":null,"3":0.01338,"3.5":0.02676,"3.6":0.09366,"4":0.02676,"5":0.03345,"6":0.10035,"7":0.02007,"8":0.12042,"9":0.02007,"10":0.05352,"11":0.02676,"12":0.06021,"13":0.11373,"14":0.04014,"15":0.22077,"16":0.02676,"17":0.11373,"18":0.01338,"19":0.10704,"20":0.04683,"21":0.0669,"22":0.02676,"23":0.24753,"24":0.2676,"25":0.0669,"26":0.02676,"27":0.02676,"28":0.17394,"29":0.65562,"30":1.1373,"31":0.38802,"32":0.30105,"33":0.55527,"34":0.69576,"35":10.37619,"36":0.72921,"37":0.05352,"38":0.01338,"39":null},"chrome":{"4":0.02007,"5":0.08697,"6":0.02007,"7":null,"8":null,"9":null,"10":0.01338,"11":0.12042,"12":0.04014,"13":0.01338,"14":null,"15":null,"16":null,"17":0.02676,"18":0.00669,"19":null,"20":null,"21":0.10035,"22":null,"23":null,"24":0.02007,"25":0.08697,"26":0.02007,"27":0.02676,"28":0.01338,"29":0.01338,"30":0.25422,"31":0.45492,"32":0.03345,"33":0.32112,"34":0.15387,"35":0.18063,"36":0.76266,"37":0.12711,"38":0.58203,"39":1.28448,"40":23.83647,"41":0.14049,"42":0.17394,"43":null},"opera":{"9":null,"9.5-9.6":null,"10.0-10.1":0,"10.5":null,"10.6":null,"11":null,"11.1":null,"11.5":0.02007,"11.6":0.00669,"12":0.00669,"12.1":0.19401,"15":0.03345,"16":0.00669,"17":0.03345,"18":null,"19":0.10035,"20":null,"21":null,"22":null,"23":null,"24":null,"25":0.01338,"26":0.02007,"27":2.12073,"28":null,"29":null},"safari":{"3.1":null,"3.2":null,"4":0.01338,"5":0.04014,"5.1":0.10704,"6":0.04683,"6.1":0.04683,"7":0.35457,"7.1":0.35457,"8":0.6021},"android":{"2.1":0,"2.2":0,"2.3":0.173848123506,"3":0,"4":0.351356207506,"4.1":1.13184278303,"4.2-4.3":1.91598931906,"4.4":3.57944136397,"4.4.3-4.4.4":1.64881220293,"37":0},"ios_saf":{"3.2":0,"4.0-4.1":0,"4.2-4.3":0,"5.0-5.1":0.0189636178331,"6.0-6.1":0.0582216336982,"7.0-7.1":0.736919535094,"8":0.158362843659,"8.1":2.34084236972},"op_mob":{"10":0,"11":0,"11.1":0,"11.5":0,"12":0.0105298933902,"12.1":0.0631793603412,"0":null},"ie":{"5.5":null,"6":0.0336731859883,"7":0.0269385487907,"8":3.42119569641,"9":1.71059784821,"10":2.15508390325,"11":8.73482444537,"0":null},"ie_mob":{"10":0.313695087719,"11":0.666064912281},"bb":{"7":0.1150225,"10":null},"and_uc":{"0":4.70351},"op_mini":{"5.0-8.0":7.33407074627},"and_chr":{"0":6.41991},"and_ff":{"0":0.25487}},"total":98.219316128}