{"id":"GR","name":"Greece","month":"2015-02","access_date":"2015-03-01","data":{"firefox":{"2":null,"3":0.018246,"3.5":null,"3.6":0.09123,"4":0.018246,"5":0.018246,"6":0.018246,"7":null,"8":0.018246,"9":0.009123,"10":0.027369,"11":0.018246,"12":0.173337,"13":0.018246,"14":0.009123,"15":0.018246,"16":0.045615,"17":0.027369,"18":0.036492,"19":0.018246,"20":0.036492,"21":0.036492,"22":0.027369,"23":0.018246,"24":0.018246,"25":0.018246,"26":0.027369,"27":0.054738,"28":0.036492,"29":0.045615,"30":0.127722,"31":0.237198,"32":0.200706,"33":0.228075,"34":0.392289,"35":21.429927,"36":1.386696,"37":0.018246,"38":0.018246,"39":null},"chrome":{"4":null,"5":0.036492,"6":null,"7":null,"8":null,"9":null,"10":null,"11":0.118599,"12":null,"13":null,"14":null,"15":0.018246,"16":0.027369,"17":0.027369,"18":0.018246,"19":null,"20":null,"21":0.018246,"22":0.383166,"23":0.036492,"24":0.018246,"25":null,"26":0.164214,"27":0.027369,"28":0.027369,"29":0.027369,"30":0.100353,"31":0.200706,"32":0.09123,"33":0.191583,"34":0.282813,"35":0.374043,"36":0.410535,"37":0.501765,"38":0.520011,"39":1.879338,"40":45.405171,"41":0.118599,"42":0.18246,"43":null},"opera":{"9":null,"9.5-9.6":null,"10.0-10.1":0,"10.5":null,"10.6":null,"11":0.018246,"11.1":null,"11.5":null,"11.6":null,"12":0.164214,"12.1":0.291936,"15":null,"16":null,"17":null,"18":0.018246,"19":null,"20":0.009123,"21":null,"22":null,"23":null,"24":null,"25":0.009123,"26":0.036492,"27":1.049145,"28":null,"29":null},"safari":{"3.1":null,"3.2":null,"4":0.018246,"5":0.18246,"5.1":0.218952,"6":0.027369,"6.1":0.082107,"7":0.109476,"7.1":0.173337,"8":0.501765},"android":{"2.1":0,"2.2":0,"2.3":0.0572005676266,"3":0,"4":0.115605357729,"4.1":0.372405800811,"4.2-4.3":0.630410466369,"4.4":1.17772958187,"4.4.3-4.4.4":0.542502225595,"37":0},"ios_saf":{"3.2":0,"4.0-4.1":0,"4.2-4.3":0,"5.0-5.1":0.00935631047294,"6.0-6.1":0.0287255146099,"7.0-7.1":0.363582942062,"8":0.0781333997389,"8.1":1.15492983312},"op_mob":{"10":0,"11":0,"11.1":0,"11.5":0,"12":0.000160814498934,"12.1":0.000964886993603,"0":null},"ie":{"5.5":null,"6":0.0274863627787,"7":0.183242418525,"8":2.28136811063,"9":0.897887850772,"10":0.742131795026,"11":6.55091646226,"0":null},"ie_mob":{"10":0.108386429825,"11":0.230135570175},"bb":{"7":0.00328875,"10":null},"and_uc":{"0":0.04385},"op_mini":{"5.0-8.0":0.112007298507},"and_chr":{"0":3.764321},"and_ff":{"0":0.066652}},"total":98.60329975}