{"id":"GT","name":"Guatemala","month":"2015-02","access_date":"2015-03-01","data":{"firefox":{"2":null,"3":0.044936,"3.5":0.016851,"3.6":0.061787,"4":0.016851,"5":0.028085,"6":0.011234,"7":0.016851,"8":0.011234,"9":0.011234,"10":0.016851,"11":0.022468,"12":0.050553,"13":0.022468,"14":0.022468,"15":0.028085,"16":0.033702,"17":0.011234,"18":0.028085,"19":0.016851,"20":0.028085,"21":0.039319,"22":0.044936,"23":0.022468,"24":0.016851,"25":0.028085,"26":0.033702,"27":0.028085,"28":0.033702,"29":0.050553,"30":0.101106,"31":0.123574,"32":0.134808,"33":0.162893,"34":0.213446,"35":7.116739,"36":0.370722,"37":0.011234,"38":null,"39":null},"chrome":{"4":null,"5":null,"6":null,"7":null,"8":null,"9":0.005617,"10":0.011234,"11":0.050553,"12":0.016851,"13":null,"14":0.005617,"15":null,"16":null,"17":null,"18":0.044936,"19":null,"20":null,"21":0.022468,"22":0.05617,"23":0.011234,"24":0.011234,"25":0.011234,"26":0.050553,"27":0.028085,"28":0.022468,"29":0.033702,"30":0.050553,"31":0.084255,"32":0.05617,"33":0.11234,"34":0.151659,"35":0.252765,"36":0.292084,"37":0.359488,"38":0.516764,"39":1.623313,"40":30.376736,"41":0.089872,"42":0.044936,"43":null},"opera":{"9":null,"9.5-9.6":null,"10.0-10.1":0,"10.5":null,"10.6":null,"11":null,"11.1":null,"11.5":null,"11.6":null,"12":null,"12.1":0.039319,"15":null,"16":null,"17":null,"18":null,"19":null,"20":0.005617,"21":null,"22":null,"23":null,"24":null,"25":null,"26":0.022468,"27":0.426892,"28":0.005617,"29":null},"safari":{"3.1":null,"3.2":null,"4":0.033702,"5":0.073021,"5.1":0.213446,"6":0.089872,"6.1":0.123574,"7":0.185361,"7.1":0.292084,"8":0.752678},"android":{"2.1":0,"2.2":0,"2.3":0.321368358457,"3":0,"4":0.649502366566,"4.1":2.0922771548,"4.2-4.3":3.54181759268,"4.4":6.61680535939,"4.4.3-4.4.4":3.0479251681,"37":0},"ios_saf":{"3.2":0,"4.0-4.1":0,"4.2-4.3":0,"5.0-5.1":0.0305546900291,"6.0-6.1":0.0938082588613,"7.0-7.1":1.18734453359,"8":0.255158464103,"8.1":3.77162805342},"op_mob":{"10":0,"11":0,"11.1":0,"11.5":0,"12":0.00526458422175,"12.1":0.0315875053305,"0":null},"ie":{"5.5":null,"6":0.0567009073724,"7":0.0623709981096,"8":1.45154322873,"9":1.13401814745,"10":1.53659458979,"11":4.74019585633,"0":null},"ie_mob":{"10":0.442048618421,"11":0.938596381579},"bb":{"7":0.23558625,"10":null},"and_uc":{"0":0.696897},"op_mini":{"5.0-8.0":3.66678291045},"and_chr":{"0":16.086281},"and_ff":{"0":0.166554}},"total":98.5478899778}