{"id":"GU","name":"Guam","month":"2015-02","access_date":"2015-03-01","data":{"firefox":{"2":null,"3":0.006918,"3.5":null,"3.6":0.083016,"4":0.006918,"5":null,"6":0.020754,"7":null,"8":null,"9":null,"10":0.03459,"11":0.020754,"12":0.027672,"13":null,"14":null,"15":0.027672,"16":0.062262,"17":null,"18":null,"19":null,"20":null,"21":0.03459,"22":0.013836,"23":0.006918,"24":0.020754,"25":null,"26":0.013836,"27":0.006918,"28":null,"29":0.013836,"30":0.013836,"31":0.17295,"32":0.048426,"33":0.083016,"34":0.152196,"35":8.709762,"36":0.38049,"37":0.006918,"38":null,"39":null},"chrome":{"4":null,"5":null,"6":null,"7":null,"8":null,"9":null,"10":null,"11":0.048426,"12":0.006918,"13":null,"14":null,"15":null,"16":null,"17":null,"18":null,"19":null,"20":null,"21":0.013836,"22":0.027672,"23":null,"24":0.020754,"25":0.013836,"26":0.020754,"27":0.03459,"28":0.041508,"29":0.020754,"30":0.013836,"31":0.131442,"32":0.027672,"33":0.083016,"34":0.131442,"35":0.152196,"36":0.352818,"37":0.31131,"38":0.96852,"39":1.528878,"40":32.777484,"41":0.20754,"42":0.152196,"43":null},"opera":{"9":null,"9.5-9.6":null,"10.0-10.1":0,"10.5":null,"10.6":null,"11":null,"11.1":null,"11.5":0.013836,"11.6":0.013836,"12":0.013836,"12.1":0.048426,"15":null,"16":null,"17":null,"18":null,"19":null,"20":null,"21":null,"22":null,"23":0.013836,"24":null,"25":null,"26":null,"27":0.159114,"28":null,"29":null},"safari":{"3.1":null,"3.2":null,"4":0.048426,"5":0.41508,"5.1":0.975438,"6":0.17295,"6.1":0.774816,"7":0.62262,"7.1":1.252158,"8":2.822544},"android":{"2.1":0,"2.2":0,"2.3":0.133443326749,"3":0,"4":0.269695986693,"4.1":0.868786290467,"4.2-4.3":1.47068592744,"4.4":2.74752786443,"4.4.3-4.4.4":1.26560460422,"37":0},"ios_saf":{"3.2":0,"4.0-4.1":0,"4.2-4.3":0,"5.0-5.1":0.0770679491917,"6.0-6.1":0.236612124711,"7.0-7.1":2.9948334642,"8":0.643584979215,"8.1":9.51315948268},"op_mob":{"10":0,"11":0,"11.1":0,"11.5":0,"12":0.000184,"12.1":0.001104,"0":null},"ie":{"5.5":null,"6":null,"7":0.0768262105263,"8":1.08953534928,"9":1.0057249378,"10":1.12445635407,"11":9.84073914833,"0":null},"ie_mob":{"10":0.0384844473684,"11":0.0817135526316},"bb":{"7":0.009246,"10":null},"and_uc":{"0":0.089378},"op_mini":{"5.0-8.0":0.128156},"and_chr":{"0":10.240694},"and_ff":{"0":0.098624}},"total":98.44902}