{"id":"GW","name":"Guinea-Bissau","month":"2015-02","access_date":"2015-03-01","data":{"firefox":{"2":0.01515,"3":0.128775,"3.5":0.01515,"3.6":0.416625,"4":0.2121,"5":0.0909,"6":0.174225,"7":0.083325,"8":0.068175,"9":0.310575,"10":0.2727,"11":0.9393,"12":0.249975,"13":0.098475,"14":0.10605,"15":0.053025,"16":0.128775,"17":0.19695,"18":0.113625,"19":0.037875,"20":0.04545,"21":0.1515,"22":null,"23":0.265125,"24":0.28785,"25":0.0606,"26":0.07575,"27":0.780225,"28":0.174225,"29":0.234825,"30":0.25755,"31":0.265125,"32":0.25755,"33":0.189375,"34":0.4545,"35":11.4534,"36":1.1514,"37":0.01515,"38":null,"39":null},"chrome":{"4":null,"5":null,"6":0.0303,"7":null,"8":0.022725,"9":null,"10":0.01515,"11":0.04545,"12":0.037875,"13":null,"14":0.143925,"15":0.022725,"16":0.01515,"17":null,"18":1.01505,"19":0.598425,"20":0.128775,"21":0.1818,"22":0.16665,"23":0.28785,"24":0.0303,"25":0.083325,"26":1.0302,"27":null,"28":0.01515,"29":0.083325,"30":null,"31":1.386225,"32":0.07575,"33":0.416625,"34":0.0909,"35":0.16665,"36":0.931725,"37":0.340875,"38":0.310575,"39":0.56055,"40":18.036075,"41":0.0303,"42":1.7877,"43":null},"opera":{"9":null,"9.5-9.6":null,"10.0-10.1":0,"10.5":null,"10.6":null,"11":null,"11.1":0.053025,"11.5":0.537825,"11.6":0.01515,"12":0.219675,"12.1":0.280275,"15":0.01515,"16":null,"17":null,"18":null,"19":null,"20":0.07575,"21":null,"22":null,"23":null,"24":null,"25":null,"26":0.007575,"27":1.9998,"28":null,"29":null},"safari":{"3.1":null,"3.2":null,"4":0,"5":0.5757,"5.1":0.280275,"6":0.083325,"6.1":0.07575,"7":0.068175,"7.1":1.01505,"8":0.416625},"android":{"2.1":0,"2.2":0,"2.3":0.10154797796,"3":0,"4":0.205233808088,"4.1":0.661130782826,"4.2-4.3":1.11916560973,"4.4":2.0908194199,"4.4.3-4.4.4":0.963102401497,"37":0},"ios_saf":{"3.2":0,"4.0-4.1":0,"4.2-4.3":0,"5.0-5.1":0.00687030575359,"6.0-6.1":0.0210930439803,"7.0-7.1":0.266977670951,"8":0.0573730796265,"8.1":0.848060899689},"op_mob":{"10":0,"11":0,"11.1":0,"11.5":0,"12":0.0135813788202,"12.1":0.0814882729211,"0":null},"ie":{"5.5":0.159373004871,"6":0.159373004871,"7":0.24285410266,"8":3.5441520607,"9":2.24640044961,"10":3.79459535407,"11":9.94183982765,"0":null},"ie_mob":{"10":0.152179385965,"11":0.323120614035},"bb":{"7":0.07820625,"10":null},"and_uc":{"0":1.98365},"op_mini":{"5.0-8.0":9.45943034826},"and_chr":{"0":2.549175},"and_ff":{"0":0.201275}},"total":94.9106440544}