{"id":"GY","name":"Guyana","month":"2015-02","access_date":"2015-03-01","data":{"firefox":{"2":null,"3":0.007705,"3.5":null,"3.6":0.038525,"4":0.007705,"5":null,"6":0.007705,"7":null,"8":0.023115,"9":null,"10":null,"11":0.177215,"12":0.023115,"13":0.01541,"14":0.01541,"15":0.04623,"16":null,"17":null,"18":0.023115,"19":0.023115,"20":0.007705,"21":0.100165,"22":0.03082,"23":0.03082,"24":0.023115,"25":0.01541,"26":0.023115,"27":0.03082,"28":0.01541,"29":0.069345,"30":0.13869,"31":0.161805,"32":0.24656,"33":0.192625,"34":0.300495,"35":11.57291,"36":1.541,"37":0.03082,"38":null,"39":null},"chrome":{"4":null,"5":0.007705,"6":0.007705,"7":null,"8":0.023115,"9":0.023115,"10":0.023115,"11":0.100165,"12":0.01541,"13":0.04623,"14":0.007705,"15":null,"16":0.023115,"17":0.01541,"18":0.09246,"19":null,"20":0.03082,"21":0.038525,"22":0.130985,"23":0.01541,"24":0.038525,"25":0.09246,"26":0.12328,"27":0.03082,"28":0.038525,"29":0.06164,"30":0.053935,"31":0.439185,"32":0.130985,"33":0.531645,"34":0.20033,"35":0.29279,"36":3.17446,"37":0.44689,"38":0.485415,"39":3.228395,"40":33.68626,"41":0.3082,"42":0.7705,"43":null},"opera":{"9":null,"9.5-9.6":null,"10.0-10.1":0,"10.5":null,"10.6":null,"11":null,"11.1":0.04623,"11.5":0.007705,"11.6":null,"12":0.01541,"12.1":0.16951,"15":null,"16":0.01541,"17":null,"18":null,"19":null,"20":0.023115,"21":0.03082,"22":0.06164,"23":null,"24":null,"25":null,"26":0.01541,"27":2.03412,"28":0.069345,"29":0.007705},"safari":{"3.1":null,"3.2":null,"4":0,"5":0.06164,"5.1":0.10787,"6":0.01541,"6.1":0.07705,"7":0.115575,"7.1":0.16951,"8":0.40066},"android":{"2.1":0,"2.2":0,"2.3":0.139351044807,"3":0,"4":0.281635795821,"4.1":0.90724864435,"4.2-4.3":1.53579519909,"4.4":2.86916466992,"4.4.3-4.4.4":1.32163464601,"37":0},"ios_saf":{"3.2":0,"4.0-4.1":0,"4.2-4.3":0,"5.0-5.1":0.014409484386,"6.0-6.1":0.0442396450447,"7.0-7.1":0.55994750728,"8":0.120331834522,"8.1":1.77868652877},"op_mob":{"10":0,"11":0,"11.1":0,"11.5":0,"12":0.000828614072495,"12.1":0.00497168443497,"0":null},"ie":{"5.5":null,"6":0.0154754154033,"7":0.0232131231049,"8":1.44695134021,"9":1.64039403275,"10":1.81836130988,"11":7.81508477865,"0":null},"ie_mob":{"10":0.170474210526,"11":0.361965789474},"bb":{"7":0.72464625,"10":null},"and_uc":{"0":1.273725},"op_mini":{"5.0-8.0":0.577129701493},"and_chr":{"0":8.414485},"and_ff":{"0":0.11475}},"total":97.09426125}