{"id":"HK","name":"Hong Kong","month":"2015-02","access_date":"2015-03-01","data":{"firefox":{"2":null,"3":0.013796,"3.5":null,"3.6":0.03449,"4":0.006898,"5":null,"6":null,"7":null,"8":null,"9":null,"10":0.006898,"11":0.013796,"12":0.020694,"13":0.013796,"14":0.013796,"15":0.013796,"16":0.027592,"17":0.027592,"18":0.006898,"19":0.006898,"20":0.020694,"21":0.020694,"22":0.013796,"23":0.013796,"24":0.06898,"25":0.013796,"26":0.020694,"27":0.013796,"28":0.03449,"29":0.03449,"30":0.041388,"31":0.117266,"32":0.06898,"33":0.117266,"34":0.27592,"35":6.994572,"36":0.489758,"37":0.041388,"38":0.006898,"39":null},"chrome":{"4":null,"5":null,"6":null,"7":null,"8":null,"9":null,"10":null,"11":0.096572,"12":0.013796,"13":null,"14":null,"15":null,"16":null,"17":0.006898,"18":0.020694,"19":null,"20":0.006898,"21":0.048286,"22":0.027592,"23":0.013796,"24":0.041388,"25":0.110368,"26":0.06898,"27":0.06898,"28":0.03449,"29":0.062082,"30":0.117266,"31":0.869148,"32":0.089674,"33":0.282818,"34":0.220736,"35":0.3449,"36":0.427676,"37":0.469064,"38":0.876046,"39":2.69022,"40":29.309602,"41":0.220736,"42":0.158654,"43":0.006898},"opera":{"9":null,"9.5-9.6":null,"10.0-10.1":0,"10.5":null,"10.6":null,"11":null,"11.1":null,"11.5":null,"11.6":null,"12":null,"12.1":0.055184,"15":null,"16":null,"17":null,"18":null,"19":null,"20":null,"21":null,"22":null,"23":null,"24":null,"25":null,"26":0.013796,"27":0.289716,"28":0.006898,"29":null},"safari":{"3.1":null,"3.2":null,"4":0.041388,"5":0.13796,"5.1":0.427676,"6":0.151756,"6.1":0.27592,"7":0.538044,"7.1":0.696698,"8":2.028012},"android":{"2.1":0,"2.2":0,"2.3":0.162494621062,"3":0,"4":0.328410181516,"4.1":1.0579255066,"4.2-4.3":1.79086177108,"4.4":3.34567872419,"4.4.3-4.4.4":1.54113319555,"37":0},"ios_saf":{"3.2":0,"4.0-4.1":0,"4.2-4.3":0,"5.0-5.1":0.0436575585902,"6.0-6.1":0.134036364093,"7.0-7.1":1.69651740837,"8":0.364578910332,"8.1":5.38902775861},"op_mob":{"10":0,"11":0,"11.1":0,"11.5":0,"12":0.000238106609808,"12.1":0.00142863965885,"0":null},"ie":{"5.5":null,"6":0.077348155002,"7":0.168759610913,"8":3.44550872282,"9":2.22200154369,"10":1.28679203321,"11":10.5756022839,"0":null},"ie_mob":{"10":0.0486660263158,"11":0.103331973684},"bb":{"7":0.0085305,"10":null},"and_uc":{"0":0.238854},"op_mini":{"5.0-8.0":0.165841253731},"and_chr":{"0":14.360756},"and_ff":{"0":0.27918}},"total":98.8200688495}