{"id":"HN","name":"Honduras","month":"2015-02","access_date":"2015-03-01","data":{"firefox":{"2":null,"3":0.019308,"3.5":0.012872,"3.6":0.03218,"4":0.025744,"5":0.006436,"6":null,"7":0.006436,"8":0.006436,"9":0.012872,"10":0.012872,"11":0.019308,"12":0.038616,"13":0.019308,"14":0.019308,"15":0.012872,"16":0.03218,"17":0.012872,"18":0.019308,"19":0.019308,"20":0.012872,"21":0.025744,"22":0.012872,"23":0.025744,"24":0.025744,"25":0.012872,"26":0.025744,"27":0.025744,"28":0.025744,"29":0.045052,"30":0.06436,"31":0.19308,"32":0.148028,"33":0.173772,"34":0.205952,"35":8.59206,"36":0.502008,"37":0.019308,"38":0.006436,"39":null},"chrome":{"4":null,"5":null,"6":0.006436,"7":0.006436,"8":null,"9":0.006436,"10":0.012872,"11":0.057924,"12":0.019308,"13":null,"14":null,"15":null,"16":null,"17":null,"18":0.090104,"19":null,"20":0.012872,"21":0.012872,"22":0.051488,"23":0.006436,"24":0.012872,"25":0.03218,"26":0.045052,"27":0.03218,"28":0.025744,"29":0.051488,"30":0.051488,"31":0.122284,"32":0.090104,"33":0.173772,"34":0.238132,"35":0.405468,"36":0.753012,"37":0.67578,"38":0.926784,"39":2.561528,"40":34.677168,"41":0.154464,"42":0.090104,"43":null},"opera":{"9":null,"9.5-9.6":null,"10.0-10.1":0,"10.5":null,"10.6":null,"11":null,"11.1":null,"11.5":null,"11.6":null,"12":null,"12.1":0.06436,"15":null,"16":null,"17":null,"18":null,"19":null,"20":0.006436,"21":0.006436,"22":null,"23":null,"24":0.012872,"25":0.090104,"26":0.045052,"27":1.023324,"28":0.019308,"29":null},"safari":{"3.1":null,"3.2":null,"4":0.038616,"5":0.083668,"5.1":0.154464,"6":0.051488,"6.1":0.218824,"7":0.244568,"7.1":0.444084,"8":1.100556},"android":{"2.1":0,"2.2":0,"2.3":0.333687327165,"3":0,"4":0.674399650691,"4.1":2.17248012475,"4.2-4.3":3.67758559518,"4.4":6.87044644142,"4.4.3-4.4.4":3.1647608608,"37":0},"ios_saf":{"3.2":0,"4.0-4.1":0,"4.2-4.3":0,"5.0-5.1":0.0199904649061,"6.0-6.1":0.0613742343609,"7.0-7.1":0.776822452053,"8":0.166937917462,"8.1":2.46759493122},"op_mob":{"10":0,"11":0,"11.1":0,"11.5":0,"12":0.00308525373134,"12.1":0.0185115223881,"0":null},"ie":{"5.5":null,"6":0.146491377163,"7":0.0466108927336,"8":1.14529622145,"9":0.712480788927,"10":1.17858971626,"11":4.44135220761,"0":null},"ie_mob":{"10":0.212245578947,"11":0.450658421053},"bb":{"7":0.34749,"10":null},"and_uc":{"0":0.645084},"op_mini":{"5.0-8.0":2.14887922388},"and_chr":{"0":10.267784},"and_ff":{"0":0.135432}},"total":97.7643912042}