{"id":"HR","name":"Croatia","month":"2015-02","access_date":"2015-03-01","data":{"firefox":{"2":0.008539,"3":0.025617,"3.5":0.017078,"3.6":0.059773,"4":0.017078,"5":null,"6":0.017078,"7":0.008539,"8":0.008539,"9":0.017078,"10":0.017078,"11":0.017078,"12":0.059773,"13":0.025617,"14":0.017078,"15":0.017078,"16":0.034156,"17":0.017078,"18":0.034156,"19":0.025617,"20":0.042695,"21":0.025617,"22":0.025617,"23":0.025617,"24":0.025617,"25":0.025617,"26":0.051234,"27":0.230553,"28":0.051234,"29":0.051234,"30":0.102468,"31":0.196397,"32":0.162241,"33":0.187858,"34":0.350099,"35":21.424351,"36":1.434552,"37":0.034156,"38":0.025617,"39":null},"chrome":{"4":null,"5":null,"6":null,"7":null,"8":0.008539,"9":null,"10":null,"11":0.068312,"12":0.017078,"13":null,"14":null,"15":null,"16":null,"17":null,"18":0.059773,"19":null,"20":null,"21":0.017078,"22":0.111007,"23":null,"24":0.008539,"25":0.008539,"26":0.076851,"27":0.042695,"28":0.025617,"29":0.025617,"30":0.042695,"31":0.222014,"32":0.111007,"33":0.196397,"34":0.25617,"35":0.350099,"36":0.563574,"37":0.51234,"38":0.648964,"39":2.399459,"40":39.083003,"41":0.128085,"42":0.119546,"43":null},"opera":{"9":null,"9.5-9.6":null,"10.0-10.1":0,"10.5":null,"10.6":null,"11":null,"11.1":null,"11.5":null,"11.6":null,"12":0.017078,"12.1":0.555035,"15":null,"16":0.008539,"17":0.051234,"18":0.025617,"19":0.017078,"20":0.034156,"21":0.008539,"22":0.017078,"23":null,"24":0.008539,"25":0.025617,"26":0.059773,"27":2.13475,"28":0.025617,"29":null},"safari":{"3.1":null,"3.2":null,"4":0.034156,"5":0.093929,"5.1":0.17078,"6":0.017078,"6.1":0.076851,"7":0.08539,"7.1":0.196397,"8":0.486723},"android":{"2.1":0,"2.2":0,"2.3":0.0806595332155,"3":0,"4":0.163017161867,"4.1":0.525136013619,"4.2-4.3":0.888952960807,"4.4":1.66073733652,"4.4.3-4.4.4":0.76499199397,"37":0},"ios_saf":{"3.2":0,"4.0-4.1":0,"4.2-4.3":0,"5.0-5.1":0.0150766573953,"6.0-6.1":0.0462879832312,"7.0-7.1":0.585873616327,"8":0.125903314389,"8.1":1.86104142866},"op_mob":{"10":0,"11":0,"11.1":0,"11.5":0,"12":0.000691560767591,"12.1":0.00414936460554,"0":null},"ie":{"5.5":null,"6":0.0428414665523,"7":0.0856829331046,"8":1.84218306175,"9":0.92537567753,"10":0.873965917667,"11":6.21201265009,"0":null},"ie_mob":{"10":0.250260328947,"11":0.531374671053},"bb":{"7":0.00474825,"10":null},"and_uc":{"0":0.042369},"op_mini":{"5.0-8.0":0.481672074627},"and_chr":{"0":6.715775},"and_ff":{"0":0.090582}},"total":98.9911159567}