{"id":"HT","name":"Haiti","month":"2015-02","access_date":"2015-03-01","data":{"firefox":{"2":0.014763,"3":0.039368,"3.5":0.024605,"3.6":0.127946,"4":0.04921,"5":0.024605,"6":0.014763,"7":0.019684,"8":0.019684,"9":0.014763,"10":0.039368,"11":0.054131,"12":0.039368,"13":0.029526,"14":0.054131,"15":0.039368,"16":0.142709,"17":0.034447,"18":0.059052,"19":0.063973,"20":0.04921,"21":0.403522,"22":0.059052,"23":0.059052,"24":0.123025,"25":0.029526,"26":0.019684,"27":0.019684,"28":0.059052,"29":0.093499,"30":0.103341,"31":0.123025,"32":0.113183,"33":0.19684,"34":0.241129,"35":6.293959,"36":0.418285,"37":0.014763,"38":null,"39":null},"chrome":{"4":0.024605,"5":0.009842,"6":0.004921,"7":0.009842,"8":null,"9":0.009842,"10":0.019684,"11":0.068894,"12":0.039368,"13":0.019684,"14":0.009842,"15":0.009842,"16":0.009842,"17":0.009842,"18":0.009842,"19":0.004921,"20":0.014763,"21":0.019684,"22":0.009842,"23":null,"24":0.172235,"25":0.024605,"26":0.024605,"27":0.152551,"28":0.078736,"29":0.083657,"30":0.083657,"31":0.073815,"32":0.04921,"33":0.132867,"34":0.118104,"35":0.206682,"36":1.08262,"37":0.275576,"38":0.280497,"39":1.245013,"40":17.690995,"41":0.314944,"42":0.172235,"43":null},"opera":{"9":null,"9.5-9.6":0.009842,"10.0-10.1":0.019684,"10.5":null,"10.6":0.004921,"11":0.029526,"11.1":0.073815,"11.5":0.152551,"11.6":0.063973,"12":0.09842,"12.1":0.300181,"15":null,"16":null,"17":null,"18":0.009842,"19":null,"20":0.024605,"21":null,"22":0.004921,"23":null,"24":0.029526,"25":0.009842,"26":0.063973,"27":0.905464,"28":null,"29":null},"safari":{"3.1":null,"3.2":null,"4":0.024605,"5":0.177156,"5.1":0.310023,"6":0.127946,"6.1":0.433048,"7":0.280497,"7.1":0.472416,"8":0.757834},"android":{"2.1":0,"2.2":0,"2.3":0.34109928267,"3":0,"4":0.689379602869,"4.1":2.22073585612,"4.2-4.3":3.7592731469,"4.4":7.02305470423,"4.4.3-4.4.4":3.23505740721,"37":0},"ios_saf":{"3.2":0,"4.0-4.1":0,"4.2-4.3":0,"5.0-5.1":0.0234881437895,"6.0-6.1":0.0721127221609,"7.0-7.1":0.912741026207,"8":0.196146604278,"8.1":2.89934350356},"op_mob":{"10":0,"11":0,"11.1":0,"11.5":0,"12":0.018799880597,"12.1":0.112799283582,"0":null},"ie":{"5.5":0.00493180588494,"6":0.0591816706192,"7":0.0394544470795,"8":1.08499729469,"9":1.30199675362,"10":1.78038192446,"11":6.93411907422,"0":null},"ie_mob":{"10":0.385402539474,"11":0.818320460526},"bb":{"7":0.223476,"10":null},"and_uc":{"0":3.225165},"op_mini":{"5.0-8.0":13.0941168358},"and_chr":{"0":7.531324},"and_ff":{"0":0.142212}},"total":94.4067229706}