{"id":"HU","name":"Hungary","month":"2015-02","access_date":"2015-03-01","data":{"firefox":{"2":null,"3":0.018186,"3.5":0.009093,"3.6":0.063651,"4":0.009093,"5":0.009093,"6":null,"7":0.009093,"8":null,"9":0.027279,"10":0.027279,"11":0.018186,"12":0.063651,"13":0.018186,"14":0.018186,"15":0.045465,"16":0.036372,"17":0.027279,"18":0.036372,"19":0.036372,"20":0.036372,"21":0.027279,"22":0.018186,"23":0.036372,"24":0.063651,"25":0.027279,"26":0.054558,"27":0.045465,"28":0.072744,"29":0.054558,"30":0.109116,"31":0.345534,"32":0.200046,"33":0.209139,"34":3.337131,"35":27.324465,"36":1.27302,"37":0.018186,"38":0.009093,"39":null},"chrome":{"4":0.309162,"5":null,"6":0.009093,"7":0.027279,"8":null,"9":0.009093,"10":0.009093,"11":0.054558,"12":0.036372,"13":null,"14":null,"15":null,"16":0.018186,"17":null,"18":0.054558,"19":null,"20":null,"21":null,"22":0.054558,"23":null,"24":0.009093,"25":0.018186,"26":0.045465,"27":0.054558,"28":0.027279,"29":0.027279,"30":0.063651,"31":0.100023,"32":0.054558,"33":0.145488,"34":0.236418,"35":0.245511,"36":0.354627,"37":0.436464,"38":0.527394,"39":1.700391,"40":36.672069,"41":0.163674,"42":0.063651,"43":null},"opera":{"9":null,"9.5-9.6":null,"10.0-10.1":0,"10.5":null,"10.6":null,"11":null,"11.1":null,"11.5":null,"11.6":0.009093,"12":0.027279,"12.1":3.45534,"15":null,"16":null,"17":null,"18":0.009093,"19":null,"20":0.027279,"21":null,"22":0.009093,"23":null,"24":null,"25":0.018186,"26":0.081837,"27":2.155041,"28":0.054558,"29":null},"safari":{"3.1":null,"3.2":null,"4":0,"5":0.027279,"5.1":0.109116,"6":0.018186,"6.1":0.072744,"7":0.081837,"7.1":0.145488,"8":0.563766},"android":{"2.1":0,"2.2":0,"2.3":0.04487853727,"3":0,"4":0.0907018858509,"4.1":0.29218289791,"4.2-4.3":0.494608721281,"4.4":0.924025462106,"4.4.3-4.4.4":0.425637495582,"37":0},"ios_saf":{"3.2":0,"4.0-4.1":0,"4.2-4.3":0,"5.0-5.1":0.00786983472236,"6.0-6.1":0.0241617732704,"7.0-7.1":0.305819015965,"8":0.0657200232955,"8.1":0.971441352746},"op_mob":{"10":0,"11":0,"11.1":0,"11.5":0,"12":0.000868966595593,"12.1":0.00521379957356,"0":null},"ie":{"5.5":null,"6":0.0366339831933,"7":0.0732679663866,"8":1.38293286555,"9":0.576985235294,"10":0.512875764706,"11":5.04633118487,"0":null},"ie_mob":{"10":0.213443355263,"11":0.453201644737},"bb":{"7":0.01201775,"10":null},"and_uc":{"0":0.059862},"op_mini":{"5.0-8.0":0.605235233831},"and_chr":{"0":4.139377},"and_ff":{"0":0.075281}},"total":98.96855075}