{"id":"ID","name":"Indonesia","month":"2015-02","access_date":"2015-03-01","data":{"firefox":{"2":0.009692,"3":0.053306,"3.5":0.038768,"3.6":0.256838,"4":0.12115,"5":0.067844,"6":0.04846,"7":0.067844,"8":0.082382,"9":0.092074,"10":0.116304,"11":0.140534,"12":0.300452,"13":0.14538,"14":0.140534,"15":0.150226,"16":0.237454,"17":0.159918,"18":0.14538,"19":0.150226,"20":0.174456,"21":0.174456,"22":0.135688,"23":0.164764,"24":0.184148,"25":0.222916,"26":0.237454,"27":0.271376,"28":0.232608,"29":0.55729,"30":0.673594,"31":0.634826,"32":0.697824,"33":0.940124,"34":1.250268,"35":12.774056,"36":2.234006,"37":0.087228,"38":0.014538,"39":null},"chrome":{"4":0.07269,"5":0.067844,"6":0.111458,"7":0.058152,"8":0.029076,"9":0.029076,"10":0.067844,"11":0.111458,"12":0.077536,"13":0.029076,"14":0.053306,"15":0.038768,"16":0.02423,"17":0.019384,"18":0.029076,"19":0.009692,"20":0.014538,"21":0.02423,"22":0.033922,"23":0.038768,"24":0.029076,"25":0.043614,"26":0.07269,"27":0.053306,"28":0.058152,"29":0.067844,"30":0.077536,"31":0.184148,"32":0.077536,"33":0.731746,"34":0.140534,"35":0.276222,"36":0.416756,"37":0.397372,"38":0.518522,"39":1.64764,"40":12.76921,"41":0.140534,"42":0.222916,"43":null},"opera":{"9":null,"9.5-9.6":null,"10.0-10.1":0.009692,"10.5":null,"10.6":0.014538,"11":0.009692,"11.1":null,"11.5":0.009692,"11.6":0.019384,"12":0.02423,"12.1":0.135688,"15":0.014538,"16":0.009692,"17":0.009692,"18":0.019384,"19":0.014538,"20":0.02423,"21":0.014538,"22":0.009692,"23":0.004846,"24":0.019384,"25":0.029076,"26":0.067844,"27":0.620288,"28":0.004846,"29":null},"safari":{"3.1":null,"3.2":null,"4":0.019384,"5":0.04846,"5.1":0.125996,"6":0.053306,"6.1":0.062998,"7":0.125996,"7.1":0.12115,"8":0.358604},"android":{"2.1":0,"2.2":0,"2.3":0.142119446928,"3":0,"4":0.287230882212,"4.1":0.92527239921,"4.2-4.3":1.56630590456,"4.4":2.92616461254,"4.4.3-4.4.4":1.34789075455,"37":0},"ios_saf":{"3.2":0,"4.0-4.1":0,"4.2-4.3":0,"5.0-5.1":0.0103835581886,"6.0-6.1":0.0318793453158,"7.0-7.1":0.403501427854,"8":0.086711819259,"8.1":1.28173184938},"op_mob":{"10":0,"11":0,"11.1":0,"11.5":0,"12":0.0186672238806,"12.1":0.112003343284,"0":null},"ie":{"5.5":null,"6":0.0733720296296,"7":0.0366860148148,"8":0.660348266667,"9":0.220116088889,"10":0.220116088889,"11":0.592217096296,"0":null},"ie_mob":{"10":0.112212526316,"11":0.238259473684},"bb":{"7":1.1093985,"10":null},"and_uc":{"0":12.54999},"op_mini":{"5.0-8.0":13.0017214328},"and_chr":{"0":9.489706},"and_ff":{"0":0.376242}},"total":92.8735100852}