{"id":"IE","name":"Ireland","month":"2015-02","access_date":"2015-03-01","data":{"firefox":{"2":null,"3":0.01358,"3.5":0.01358,"3.6":0.06111,"4":0.01358,"5":null,"6":null,"7":null,"8":null,"9":null,"10":0.04074,"11":0.01358,"12":0.02716,"13":null,"14":0.01358,"15":0.00679,"16":0.04753,"17":0.00679,"18":0.00679,"19":0.00679,"20":0.01358,"21":0.00679,"22":0.01358,"23":0.02037,"24":0.03395,"25":0.10185,"26":0.02716,"27":0.01358,"28":0.0679,"29":0.02716,"30":0.05432,"31":0.19691,"32":0.10185,"33":0.10185,"34":0.19012,"35":8.63009,"36":0.50925,"37":0.01358,"38":null,"39":null},"chrome":{"4":null,"5":null,"6":null,"7":null,"8":null,"9":null,"10":null,"11":0.14259,"12":0.00679,"13":null,"14":null,"15":null,"16":null,"17":null,"18":0.03395,"19":null,"20":0.00679,"21":0.03395,"22":0.08827,"23":0.01358,"24":0.00679,"25":0.12222,"26":0.02716,"27":0.01358,"28":0.04074,"29":0.02037,"30":0.06111,"31":0.50246,"32":0.12901,"33":0.25802,"34":0.17654,"35":0.29876,"36":0.39382,"37":0.37345,"38":0.50246,"39":1.97589,"40":34.02469,"41":0.19691,"42":0.08148,"43":null},"opera":{"9":null,"9.5-9.6":null,"10.0-10.1":0,"10.5":null,"10.6":null,"11":null,"11.1":null,"11.5":null,"11.6":null,"12":0.00679,"12.1":0.10864,"15":null,"16":null,"17":null,"18":null,"19":null,"20":0.01358,"21":null,"22":null,"23":null,"24":null,"25":null,"26":0.01358,"27":0.46851,"28":null,"29":null},"safari":{"3.1":null,"3.2":null,"4":0.0679,"5":0.2037,"5.1":0.54999,"6":0.12222,"6.1":0.3395,"7":0.46851,"7.1":0.75369,"8":1.73145},"android":{"2.1":0,"2.2":0,"2.3":0.101068780539,"3":0,"4":0.204265324878,"4.1":0.658010955401,"4.2-4.3":1.11388434972,"4.4":2.08095299719,"4.4.3-4.4.4":0.958557592265,"37":0},"ios_saf":{"3.2":0,"4.0-4.1":0,"4.2-4.3":0,"5.0-5.1":0.0756204960337,"6.0-6.1":0.232168189577,"7.0-7.1":2.93858594236,"8":0.63149747565,"8.1":9.33448789638},"op_mob":{"10":0,"11":0,"11.1":0,"11.5":0,"12":0.000196204690832,"12.1":0.00117722814499,"0":null},"ie":{"5.5":null,"6":0.0205683333333,"7":0.0754172222222,"8":1.28894888889,"9":1.59061777778,"10":0.994136111111,"11":8.00108166667,"0":null},"ie_mob":{"10":0.363828157895,"11":0.772511842105},"bb":{"7":0.014445,"10":null},"and_uc":{"0":0.03531},"op_mini":{"5.0-8.0":0.136656567164},"and_chr":{"0":12.32367},"and_ff":{"0":0.12198}},"total":98.844575}