{"id":"IL","name":"Israel","month":"2015-02","access_date":"2015-03-01","data":{"firefox":{"2":null,"3":0.0402,"3.5":null,"3.6":0.14472,"4":null,"5":null,"6":null,"7":0.02412,"8":null,"9":null,"10":0.00804,"11":0.01608,"12":0.01608,"13":null,"14":null,"15":null,"16":0.02412,"17":null,"18":null,"19":null,"20":null,"21":0.00804,"22":null,"23":null,"24":0.01608,"25":0.01608,"26":0.02412,"27":0.01608,"28":0.02412,"29":0.02412,"30":0.02412,"31":0.15276,"32":0.10452,"33":0.07236,"34":0.15276,"35":5.7888,"36":0.33768,"37":0.00804,"38":0.00804,"39":null},"chrome":{"4":null,"5":null,"6":null,"7":null,"8":null,"9":null,"10":null,"11":0.05628,"12":0.00804,"13":null,"14":null,"15":0.01608,"16":null,"17":null,"18":0.03216,"19":null,"20":null,"21":0.02412,"22":0.05628,"23":0.00804,"24":0.00804,"25":0.00804,"26":0.0402,"27":0.06432,"28":0.0402,"29":0.08844,"30":0.04824,"31":0.08844,"32":0.04824,"33":0.10452,"34":0.05628,"35":0.402,"36":0.58692,"37":0.45024,"38":0.73164,"39":2.7738,"40":43.32756,"41":0.23316,"42":0.19296,"43":null},"opera":{"9":null,"9.5-9.6":null,"10.0-10.1":0,"10.5":null,"10.6":null,"11":null,"11.1":null,"11.5":null,"11.6":null,"12":null,"12.1":0.10452,"15":null,"16":null,"17":null,"18":null,"19":null,"20":null,"21":null,"22":null,"23":null,"24":null,"25":null,"26":0.00804,"27":0.37788,"28":null,"29":null},"safari":{"3.1":null,"3.2":null,"4":0.03216,"5":0.06432,"5.1":0.1608,"6":0.04824,"6.1":0.10452,"7":0.1608,"7.1":0.201,"8":0.61908},"android":{"2.1":0,"2.2":0,"2.3":0.0553625116956,"3":0,"4":0.111890549953,"4.1":0.360439089302,"4.2-4.3":0.610153155214,"4.4":1.13988497765,"4.4.3-4.4.4":0.525069716187,"37":0},"ios_saf":{"3.2":0,"4.0-4.1":0,"4.2-4.3":0,"5.0-5.1":0.0288751159755,"6.0-6.1":0.0886516718546,"7.0-7.1":1.12207687519,"8":0.241132547445,"8.1":3.56430378954},"op_mob":{"10":0,"11":0,"11.1":0,"11.5":0,"12":0.00214248756219,"12.1":0.0128549253731,"0":null},"ie":{"5.5":null,"6":0.048794058193,"7":0.11385280245,"8":3.58636327718,"9":2.22826199081,"10":1.65899797856,"11":13.5972775498,"0":null},"ie_mob":{"10":0.0345149122807,"11":0.0732850877193},"bb":{"7":0.72422,"10":null},"and_uc":{"0":0.18424},"op_mini":{"5.0-8.0":1.49224258706},"and_chr":{"0":7.07352},"and_ff":{"0":0.06664}},"total":97.171727657}