{"id":"IM","name":"Isle of Man","month":"2015-02","access_date":"2015-03-01","data":{"firefox":{"2":null,"3":null,"3.5":null,"3.6":null,"4":null,"5":null,"6":null,"7":null,"8":null,"9":null,"10":0.059619,"11":0.008517,"12":null,"13":null,"14":null,"15":null,"16":0.017034,"17":null,"18":0.042585,"19":0.017034,"20":null,"21":null,"22":0.110721,"23":null,"24":0.008517,"25":null,"26":0.008517,"27":null,"28":null,"29":null,"30":0.051102,"31":0.110721,"32":0.076653,"33":0.059619,"34":0.212925,"35":7.443858,"36":0.34068,"37":null,"38":null,"39":null},"chrome":{"4":null,"5":null,"6":null,"7":null,"8":null,"9":null,"10":null,"11":0.051102,"12":null,"13":null,"14":null,"15":null,"16":null,"17":null,"18":null,"19":null,"20":null,"21":0.008517,"22":0.017034,"23":0.051102,"24":null,"25":null,"26":0.008517,"27":0.017034,"28":0.017034,"29":null,"30":0.025551,"31":0.068136,"32":0.034068,"33":0.110721,"34":0.034068,"35":0.076653,"36":0.127755,"37":0.051102,"38":0.102204,"39":0.979455,"40":24.469341,"41":0.051102,"42":0.025551,"43":null},"opera":{"9":null,"9.5-9.6":null,"10.0-10.1":0,"10.5":null,"10.6":null,"11":null,"11.1":null,"11.5":null,"11.6":null,"12":null,"12.1":0.08517,"15":null,"16":null,"17":null,"18":null,"19":null,"20":null,"21":null,"22":null,"23":null,"24":null,"25":null,"26":null,"27":0.195891,"28":null,"29":null},"safari":{"3.1":null,"3.2":null,"4":0.051102,"5":0.298095,"5.1":0.638775,"6":1.166829,"6.1":0.604707,"7":0.792081,"7.1":1.371237,"8":2.333658},"android":{"2.1":0,"2.2":0,"2.3":0.0235223318432,"3":0,"4":0.0475398706726,"4.1":0.153142760474,"4.2-4.3":0.259240857262,"4.4":0.484312432477,"4.4.3-4.4.4":0.223090747271,"37":0},"ios_saf":{"3.2":0,"4.0-4.1":0,"4.2-4.3":0,"5.0-5.1":0.0489751852596,"6.0-6.1":0.150362410885,"7.0-7.1":1.90315851491,"8":0.408985757606,"8.1":6.04542813134},"op_mob":{"10":0,"11":0,"11.1":0,"11.5":0,"12":4.0052594172e-5,"12.1":0.000240315565032,"0":null},"ie":{"5.5":null,"6":null,"7":0.0340889864476,"8":2.8634748616,"9":2.32657332505,"10":1.40617069097,"11":34.8730331359,"0":null},"ie_mob":{"10":0.451079166667,"11":0.957770833333},"bb":{"7":0.008898,"10":null},"and_uc":{"0":0.001483},"op_mini":{"5.0-8.0":0.0278966318408},"and_chr":{"0":3.547295},"and_ff":{"0":0.050422}},"total":98.727919}