{"id":"IN","name":"India","month":"2015-02","access_date":"2015-03-01","data":{"firefox":{"2":0.006216,"3":0.074592,"3.5":0.021756,"3.6":0.083916,"4":0.040404,"5":0.024864,"6":0.021756,"7":0.018648,"8":0.024864,"9":0.024864,"10":0.040404,"11":0.06216,"12":0.090132,"13":0.043512,"14":0.052836,"15":0.04662,"16":0.052836,"17":0.043512,"18":0.040404,"19":0.037296,"20":0.043512,"21":0.037296,"22":0.027972,"23":0.037296,"24":0.04662,"25":0.03108,"26":0.040404,"27":0.049728,"28":0.04662,"29":0.099456,"30":0.10878,"31":0.189588,"32":0.102564,"33":0.164724,"34":0.214452,"35":4.167828,"36":1.04118,"37":0.04662,"38":0.003108,"39":null},"chrome":{"4":0.024864,"5":0.027972,"6":0.040404,"7":0.024864,"8":0.03108,"9":0.018648,"10":0.037296,"11":0.055944,"12":0.04662,"13":0.018648,"14":0.027972,"15":0.021756,"16":0.024864,"17":0.012432,"18":0.03108,"19":0.012432,"20":0.012432,"21":0.012432,"22":0.024864,"23":0.021756,"24":0.01554,"25":0.024864,"26":0.027972,"27":0.037296,"28":0.040404,"29":0.034188,"30":0.068376,"31":0.180264,"32":0.037296,"33":0.239316,"34":0.068376,"35":0.152292,"36":0.236208,"37":0.242424,"38":0.422688,"39":1.21212,"40":15.201228,"41":0.220668,"42":0.35742,"43":null},"opera":{"9":null,"9.5-9.6":0.006216,"10.0-10.1":0.006216,"10.5":null,"10.6":0.006216,"11":0.003108,"11.1":0.003108,"11.5":0.006216,"11.6":0.009324,"12":0.012432,"12.1":0.071484,"15":0.006216,"16":0.006216,"17":0.006216,"18":0.009324,"19":0.006216,"20":0.012432,"21":0.006216,"22":0.006216,"23":0.003108,"24":0.009324,"25":0.01554,"26":0.049728,"27":0.391608,"28":0.003108,"29":null},"safari":{"3.1":null,"3.2":null,"4":0.003108,"5":0.009324,"5.1":0.037296,"6":0.009324,"6.1":0.012432,"7":0.027972,"7.1":0.03108,"8":0.102564},"android":{"2.1":0,"2.2":0,"2.3":0.152470901341,"3":0,"4":0.308151716395,"4.1":0.992665815573,"4.2-4.3":1.68038982846,"4.4":3.13929561077,"4.4.3-4.4.4":1.44606612746,"37":0},"ios_saf":{"3.2":0,"4.0-4.1":0,"4.2-4.3":0,"5.0-5.1":0.00520688904508,"6.0-6.1":0.0159860628577,"7.0-7.1":0.202337881313,"8":0.043482090973,"8.1":0.642731075811},"op_mob":{"10":0,"11":0,"11.1":0,"11.5":0,"12":0.0200343141436,"12.1":0.120205884861,"0":null},"ie":{"5.5":null,"6":0.0877807304348,"7":0.0627005217391,"8":1.05963881739,"9":0.382473182609,"10":0.373068104348,"11":0.909157565217,"0":null},"ie_mob":{"10":0.271417842105,"11":0.576298157895},"bb":{"7":0.048244,"10":null},"and_uc":{"0":29.08424},"op_mini":{"5.0-8.0":13.953899801},"and_chr":{"0":7.380096},"and_ff":{"0":0.110272}},"total":90.6549189217}