{"id":"IQ","name":"Iraq","month":"2015-02","access_date":"2015-03-01","data":{"firefox":{"2":null,"3":0.013047,"3.5":0.013047,"3.6":0.04349,"4":0.017396,"5":0.034792,"6":0.082631,"7":0.008698,"8":0.017396,"9":0.030443,"10":0.047839,"11":0.060886,"12":0.113074,"13":0.069584,"14":0.021745,"15":0.060886,"16":0.030443,"17":0.021745,"18":0.021745,"19":0.026094,"20":0.026094,"21":0.030443,"22":0.021745,"23":0.034792,"24":0.034792,"25":0.039141,"26":0.039141,"27":0.052188,"28":0.021745,"29":0.104376,"30":0.108725,"31":0.113074,"32":0.108725,"33":0.169611,"34":0.243544,"35":5.536277,"36":0.8698,"37":0.034792,"38":0.004349,"39":null},"chrome":{"4":0.039141,"5":0.104376,"6":0.095678,"7":null,"8":0.034792,"9":null,"10":0.052188,"11":0.091329,"12":0.04349,"13":0.152215,"14":0.108725,"15":0.108725,"16":0.017396,"17":0.013047,"18":0.013047,"19":0.017396,"20":0.017396,"21":0.017396,"22":0.034792,"23":0.017396,"24":0.017396,"25":0.034792,"26":0.026094,"27":0.065235,"28":0.04349,"29":0.04349,"30":0.091329,"31":0.104376,"32":0.026094,"33":1.039411,"34":0.078282,"35":0.160913,"36":1.065505,"37":0.147866,"38":0.400108,"39":1.269908,"40":23.132331,"41":0.152215,"42":0.308779,"43":null},"opera":{"9":null,"9.5-9.6":null,"10.0-10.1":0,"10.5":null,"10.6":null,"11":null,"11.1":null,"11.5":0.004349,"11.6":0.008698,"12":0.004349,"12.1":0.078282,"15":0.008698,"16":null,"17":0.004349,"18":0.008698,"19":0.004349,"20":0.008698,"21":0.004349,"22":null,"23":null,"24":0.004349,"25":null,"26":0.017396,"27":0.534927,"28":0.013047,"29":0.008698},"safari":{"3.1":null,"3.2":null,"4":0.008698,"5":0.008698,"5.1":0.04349,"6":null,"6.1":0.008698,"7":0.021745,"7.1":0.034792,"8":0.126121},"android":{"2.1":0,"2.2":0,"2.3":0.31298749974,"3":0,"4":0.632564210001,"4.1":2.03771335357,"4.2-4.3":3.44945170766,"4.4":6.44424788939,"4.4.3-4.4.4":2.96843933964,"37":0},"ios_saf":{"3.2":0,"4.0-4.1":0,"4.2-4.3":0,"5.0-5.1":0.0589295063761,"6.0-6.1":0.180923923085,"7.0-7.1":2.28997994076,"8":0.49211307079,"8.1":7.27417555899},"op_mob":{"10":0,"11":0,"11.1":0,"11.5":0,"12":0.000963923240938,"12.1":0.00578353944563,"0":null},"ie":{"5.5":null,"6":0.0177892357374,"7":0.013341926803,"8":1.28971959096,"9":0.418047039828,"10":0.409152421959,"11":1.98349978471,"0":null},"ie_mob":{"10":0.0832283245614,"11":0.176717675439},"bb":{"7":0.011302,"10":null},"and_uc":{"0":0.356013},"op_mini":{"5.0-8.0":0.671372537313},"and_chr":{"0":27.804303},"and_ff":{"0":0.389919}},"total":98.252631}