{"id":"IR","name":"Iran","month":"2015-02","access_date":"2015-03-01","data":{"firefox":{"2":0.019545,"3":0.14333,"3.5":0.07818,"3.6":0.228025,"4":0.306205,"5":0.10424,"6":0.10424,"7":0.09121,"8":0.110755,"9":0.097725,"10":0.09121,"11":0.123785,"12":0.2606,"13":0.123785,"14":0.162875,"15":0.14333,"16":0.14333,"17":0.10424,"18":0.110755,"19":0.071665,"20":0.123785,"21":0.136815,"22":0.10424,"23":0.1303,"24":0.214995,"25":1.1727,"26":0.42999,"27":0.15636,"28":0.14333,"29":0.332265,"30":0.61241,"31":0.46908,"32":0.7818,"33":0.918615,"34":0.95119,"35":14.12452,"36":1.94147,"37":0.05212,"38":0.01303,"39":null},"chrome":{"4":0.058635,"5":0.058635,"6":0.071665,"7":0.02606,"8":0.032575,"9":0.02606,"10":0.045605,"11":0.28666,"12":0.058635,"13":0.045605,"14":0.123785,"15":0.06515,"16":0.058635,"17":0.02606,"18":0.032575,"19":0.01303,"20":0.019545,"21":0.02606,"22":0.084695,"23":0.03909,"24":0.032575,"25":0.02606,"26":0.045605,"27":0.045605,"28":0.03909,"29":0.084695,"30":0.071665,"31":0.084695,"32":0.05212,"33":0.214995,"34":0.084695,"35":0.110755,"36":0.31272,"37":0.20848,"38":0.371355,"39":1.08149,"40":12.40456,"41":0.09121,"42":0.11727,"43":null},"opera":{"9":null,"9.5-9.6":0.01303,"10.0-10.1":0,"10.5":null,"10.6":0.006515,"11":0.019545,"11.1":null,"11.5":0.019545,"11.6":0.045605,"12":0.045605,"12.1":0.241055,"15":0.006515,"16":0.019545,"17":0.019545,"18":0.02606,"19":0.01303,"20":0.02606,"21":0.01303,"22":0.01303,"23":0.006515,"24":0.01303,"25":0.02606,"26":0.084695,"27":0.6515,"28":0.006515,"29":null},"safari":{"3.1":null,"3.2":null,"4":0.032575,"5":0.019545,"5.1":0.110755,"6":0.02606,"6.1":0.01303,"7":0.06515,"7.1":0.045605,"8":0.18242},"android":{"2.1":0,"2.2":0,"2.3":0.232602645805,"3":0,"4":0.470102189417,"4.1":1.51436564664,"4.2-4.3":2.56352600166,"4.4":4.78916605468,"4.4.3-4.4.4":2.20605246179,"37":0},"ios_saf":{"3.2":0,"4.0-4.1":0,"4.2-4.3":0,"5.0-5.1":0.0137230404659,"6.0-6.1":0.0421321417813,"7.0-7.1":0.533272537403,"8":0.114599425645,"8.1":1.6939528547},"op_mob":{"10":0,"11":0,"11.1":0,"11.5":0,"12":0.00851063255153,"12.1":0.0510637953092,"0":null},"ie":{"5.5":null,"6":0.874965130687,"7":1.29256212488,"8":7.60954522749,"9":2.73095177154,"10":2.23381249274,"11":5.79995825266,"0":null},"ie_mob":{"10":0.0569063815789,"11":0.120828618421},"bb":{"7":0.01306875,"10":null},"and_uc":{"0":1.000195},"op_mini":{"5.0-8.0":5.92765557214},"and_chr":{"0":10.487255},"and_ff":{"0":0.986255}},"total":97.28464375}