{"id":"IS","name":"Iceland","month":"2015-02","access_date":"2015-03-01","data":{"firefox":{"2":null,"3":0.034772,"3.5":0.017386,"3.6":0.060851,"4":0.026079,"5":0.017386,"6":0.008693,"7":0.008693,"8":0.008693,"9":0.026079,"10":0.008693,"11":null,"12":0.026079,"13":null,"14":0.017386,"15":0.008693,"16":0.069544,"17":null,"18":null,"19":0.008693,"20":0.034772,"21":0.017386,"22":null,"23":0.017386,"24":0.017386,"25":0.008693,"26":0.026079,"27":0.017386,"28":0.017386,"29":0.026079,"30":0.034772,"31":0.191246,"32":0.078237,"33":0.147781,"34":0.156474,"35":11.466067,"36":0.634589,"37":0.017386,"38":null,"39":null},"chrome":{"4":0.017386,"5":0.008693,"6":null,"7":null,"8":null,"9":0.017386,"10":null,"11":0.026079,"12":0.034772,"13":0.008693,"14":0.017386,"15":0.017386,"16":0.017386,"17":null,"18":0.017386,"19":null,"20":null,"21":0.034772,"22":0.008693,"23":0.008693,"24":0.017386,"25":0.008693,"26":0.078237,"27":0.034772,"28":0.026079,"29":0.026079,"30":0.026079,"31":0.26079,"32":0.104316,"33":0.199939,"34":0.339027,"35":0.199939,"36":0.565045,"37":0.408571,"38":0.399878,"39":2.103706,"40":48.915511,"41":0.199939,"42":0.599817,"43":null},"opera":{"9":0.008693,"9.5-9.6":null,"10.0-10.1":0,"10.5":null,"10.6":null,"11":null,"11.1":null,"11.5":null,"11.6":null,"12":null,"12.1":0.365106,"15":null,"16":null,"17":null,"18":null,"19":null,"20":null,"21":null,"22":null,"23":null,"24":null,"25":0.017386,"26":0.034772,"27":0.669361,"28":0.008693,"29":null},"safari":{"3.1":null,"3.2":null,"4":0.078237,"5":0.269483,"5.1":0.78237,"6":0.399878,"6.1":0.678054,"7":0.999695,"7.1":1.486503,"8":3.30334},"android":{"2.1":0,"2.2":0,"2.3":0.0253519139204,"3":0,"4":0.0512375523443,"4.1":0.165054302734,"4.2-4.3":0.279404777628,"4.4":0.521982564508,"4.4.3-4.4.4":0.240442888866,"37":0},"ios_saf":{"3.2":0,"4.0-4.1":0,"4.2-4.3":0,"5.0-5.1":0.0343657401346,"6.0-6.1":0.10550885129,"7.0-7.1":1.33544060347,"8":0.28698407551,"8.1":4.24205872959},"op_mob":{"10":0,"11":0,"11.1":0,"11.5":0,"12":7.61719971571e-5,"12.1":0.000457031982942,"0":null},"ie":{"5.5":0.00873637824351,"6":0.0436818912176,"7":0.017472756487,"8":0.489237181637,"9":0.690173881238,"10":0.655228368263,"11":6.84058416467,"0":null},"ie_mob":{"10":0.101269570175,"11":0.215024429825},"bb":{"7":0.01078275,"10":null},"and_uc":{"0":0.011763},"op_mini":{"5.0-8.0":0.0530537960199},"and_chr":{"0":5.322377},"and_ff":{"0":0.075806}},"total":98.9304663718}