{"id":"IT","name":"Italy","month":"2015-02","access_date":"2015-03-01","data":{"firefox":{"2":0.007999,"3":0.023997,"3.5":0.007999,"3.6":0.111986,"4":0.015998,"5":0.007999,"6":null,"7":null,"8":null,"9":0.007999,"10":0.023997,"11":0.023997,"12":0.047994,"13":0.007999,"14":0.015998,"15":0.015998,"16":0.087989,"17":0.023997,"18":0.023997,"19":0.023997,"20":0.047994,"21":0.119985,"22":0.023997,"23":0.031996,"24":0.039995,"25":0.015998,"26":0.047994,"27":0.095988,"28":0.039995,"29":0.055993,"30":0.087989,"31":1.079865,"32":0.695913,"33":0.143982,"34":0.279965,"35":12.102487,"36":0.631921,"37":0.007999,"38":null,"39":null},"chrome":{"4":null,"5":null,"6":null,"7":null,"8":null,"9":null,"10":null,"11":0.087989,"12":null,"13":null,"14":null,"15":null,"16":null,"17":null,"18":0.015998,"19":null,"20":null,"21":0.023997,"22":0.199975,"23":0.007999,"24":0.055993,"25":0.031996,"26":0.15998,"27":0.063992,"28":0.047994,"29":0.039995,"30":0.031996,"31":0.23997,"32":0.087989,"33":0.191976,"34":0.207974,"35":0.447944,"36":1.375828,"37":1.711786,"38":0.63992,"39":1.823772,"40":34.243719,"41":0.199975,"42":0.119985,"43":null},"opera":{"9":null,"9.5-9.6":null,"10.0-10.1":0,"10.5":null,"10.6":null,"11":null,"11.1":0.015998,"11.5":0.039995,"11.6":0.015998,"12":0.023997,"12.1":0.167979,"15":null,"16":null,"17":null,"18":null,"19":null,"20":null,"21":null,"22":null,"23":null,"24":0.007999,"25":0.023997,"26":0.015998,"27":0.495938,"28":0.007999,"29":null},"safari":{"3.1":null,"3.2":null,"4":0.071991,"5":0.263967,"5.1":0.7999,"6":0.087989,"6.1":0.39995,"7":0.655918,"7.1":0.951881,"8":2.807649},"android":{"2.1":0,"2.2":0,"2.3":0.0986936718994,"3":0,"4":0.199465105312,"4.1":0.642547748103,"4.2-4.3":1.08770815241,"4.4":2.03205076037,"4.4.3-4.4.4":0.936031561909,"37":0},"ios_saf":{"3.2":0,"4.0-4.1":0,"4.2-4.3":0,"5.0-5.1":0.0307045704388,"6.0-6.1":0.0942684180139,"7.0-7.1":1.19316883372,"8":0.256410096998,"8.1":3.79012908083},"op_mob":{"10":0,"11":0,"11.1":0,"11.5":0,"12":0.000193415778252,"12.1":0.00116049466951,"0":null},"ie":{"5.5":null,"6":0.048459961165,"7":0.104996582524,"8":1.9464751068,"9":1.21149902913,"10":1.00150586408,"11":8.98932279612,"0":null},"ie_mob":{"10":0.418358197368,"11":0.888294802632},"bb":{"7":0.02151075,"10":null},"and_uc":{"0":0.096048},"op_mini":{"5.0-8.0":0.134714089552},"and_chr":{"0":8.019848},"and_ff":{"0":0.104052}},"total":98.2914980898}