{"id":"JE","name":"Jersey","month":"2015-02","access_date":"2015-03-01","data":{"firefox":{"2":null,"3":null,"3.5":null,"3.6":0.023718,"4":null,"5":null,"6":0.007906,"7":null,"8":null,"9":null,"10":0.007906,"11":0.007906,"12":0.023718,"13":null,"14":null,"15":0.007906,"16":0.063248,"17":null,"18":null,"19":null,"20":null,"21":null,"22":null,"23":0.015812,"24":0.007906,"25":null,"26":0.031624,"27":0.015812,"28":0.023718,"29":0.007906,"30":0.015812,"31":0.15812,"32":0.03953,"33":0.086966,"34":0.11859,"35":8.348736,"36":0.411112,"37":0.007906,"38":null,"39":null},"chrome":{"4":null,"5":null,"6":null,"7":null,"8":null,"9":null,"10":null,"11":0.055342,"12":null,"13":null,"14":null,"15":null,"16":null,"17":null,"18":null,"19":null,"20":null,"21":0.023718,"22":0.150214,"23":0.007906,"24":0.007906,"25":0.031624,"26":0.015812,"27":null,"28":null,"29":0.055342,"30":null,"31":0.063248,"32":0.055342,"33":0.11859,"34":0.071154,"35":1.051498,"36":0.19765,"37":0.11859,"38":0.173932,"39":1.059404,"40":27.536598,"41":0.102778,"42":0.126496,"43":0.015812},"opera":{"9":null,"9.5-9.6":null,"10.0-10.1":0,"10.5":null,"10.6":null,"11":null,"11.1":null,"11.5":null,"11.6":null,"12":null,"12.1":0.07906,"15":null,"16":null,"17":null,"18":null,"19":null,"20":0.007906,"21":null,"22":null,"23":null,"24":null,"25":null,"26":null,"27":0.150214,"28":null,"29":null},"safari":{"3.1":null,"3.2":null,"4":0.047436,"5":0.419018,"5.1":2.039748,"6":0.260898,"6.1":1.438892,"7":1.138464,"7.1":2.379706,"8":5.470952},"android":{"2.1":0,"2.2":0,"2.3":0.0292842166545,"3":0,"4":0.0591849431334,"4.1":0.190655663167,"4.2-4.3":0.322742893024,"4.4":0.602946608171,"4.4.3-4.4.4":0.27773767585,"37":0},"ios_saf":{"3.2":0,"4.0-4.1":0,"4.2-4.3":0,"5.0-5.1":0.0757807645346,"6.0-6.1":0.232660241992,"7.0-7.1":2.94481392007,"8":0.632835858219,"8.1":9.35427121518},"op_mob":{"10":0,"11":0,"11.1":0,"11.5":0,"12":6.54840085288e-5,"12.1":0.000392904051173,"0":null},"ie":{"5.5":null,"6":null,"7":0.07906,"8":2.601074,"9":2.419236,"10":2.751288,"11":16.254736,"0":null},"ie_mob":{"10":0.199793315789,"11":0.424218684211},"bb":{"7":0.0172755,"10":null},"and_uc":{"0":0.054444},"op_mini":{"5.0-8.0":0.0456096119403},"and_chr":{"0":5.259402},"and_ff":{"0":0.069102}},"total":98.8017195}