{"id":"JM","name":"Jamaica","month":"2015-02","access_date":"2015-03-01","data":{"firefox":{"2":null,"3":0.007633,"3.5":0.007633,"3.6":0.068697,"4":0.007633,"5":null,"6":0.007633,"7":0.015266,"8":null,"9":null,"10":0.015266,"11":0.083963,"12":0.038165,"13":0.015266,"14":0.022899,"15":0.038165,"16":0.045798,"17":0.022899,"18":null,"19":0.007633,"20":0.030532,"21":0.022899,"22":0.015266,"23":0.015266,"24":0.061064,"25":0.007633,"26":0.030532,"27":0.038165,"28":0.030532,"29":0.061064,"30":0.083963,"31":0.129761,"32":0.114495,"33":0.122128,"34":0.244256,"35":9.197765,"36":1.29761,"37":0.061064,"38":0.015266,"39":null},"chrome":{"4":null,"5":null,"6":0.030532,"7":null,"8":null,"9":0.007633,"10":0.022899,"11":0.091596,"12":0.022899,"13":null,"14":0.007633,"15":0.022899,"16":0.015266,"17":null,"18":0.053431,"19":null,"20":0.030532,"21":0.045798,"22":0.160293,"23":0.015266,"24":0.015266,"25":0.022899,"26":0.061064,"27":0.07633,"28":0.068697,"29":0.106862,"30":0.030532,"31":0.274788,"32":0.167926,"33":0.328219,"34":0.206091,"35":0.358751,"36":2.221203,"37":0.450347,"38":0.7633,"39":2.847109,"40":39.577105,"41":0.541943,"42":0.755667,"43":null},"opera":{"9":null,"9.5-9.6":null,"10.0-10.1":0,"10.5":null,"10.6":null,"11":null,"11.1":null,"11.5":null,"11.6":null,"12":null,"12.1":0.137394,"15":null,"16":null,"17":null,"18":null,"19":null,"20":null,"21":0.030532,"22":null,"23":null,"24":0.007633,"25":null,"26":0.061064,"27":1.137317,"28":0.015266,"29":null},"safari":{"3.1":null,"3.2":null,"4":0.038165,"5":0.091596,"5.1":0.297687,"6":0.068697,"6.1":0.137394,"7":0.15266,"7.1":0.412182,"8":0.870162},"android":{"2.1":0,"2.2":0,"2.3":0.186643326749,"3":0,"4":0.377215986693,"4.1":1.21514629047,"4.2-4.3":2.05700592744,"4.4":3.84288786443,"4.4.3-4.4.4":1.77016460422,"37":0},"ios_saf":{"3.2":0,"4.0-4.1":0,"4.2-4.3":0,"5.0-5.1":0.0136422766342,"6.0-6.1":0.0418841826489,"7.0-7.1":0.530134083241,"8":0.113924976805,"8.1":1.68398348067},"op_mob":{"10":0,"11":0,"11.1":0,"11.5":0,"12":0.00107667377399,"12.1":0.00646004264392,"0":null},"ie":{"5.5":null,"6":0.0309397729549,"7":0.0541446026711,"8":1.06742216694,"9":0.765759380634,"10":1.08289205342,"11":6.24983413689,"0":null},"ie_mob":{"10":0.197042368421,"11":0.418377631579},"bb":{"7":0.18995175,"10":null},"and_uc":{"0":0.755073},"op_mini":{"5.0-8.0":0.749903283582},"and_chr":{"0":9.58211},"and_ff":{"0":0.191727}},"total":98.0176818635}