{"id":"JO","name":"Jordan","month":"2015-02","access_date":"2015-03-01","data":{"firefox":{"2":null,"3":0.0288,"3.5":0.01728,"3.6":0.04608,"4":0.0288,"5":0.01152,"6":0.02304,"7":null,"8":0.01152,"9":0.01728,"10":0.03456,"11":0.0576,"12":0.06336,"13":0.04608,"14":0.0288,"15":0.02304,"16":0.03456,"17":0.01152,"18":0.01152,"19":0.0288,"20":0.01728,"21":0.01728,"22":0.01728,"23":0.0288,"24":0.02304,"25":0.01728,"26":0.09792,"27":0.03456,"28":0.02304,"29":0.06912,"30":0.07488,"31":0.2016,"32":0.15552,"33":0.13824,"34":0.21888,"35":5.8464,"36":0.55296,"37":0.02304,"38":null,"39":null},"chrome":{"4":0.03456,"5":0.03456,"6":0.05184,"7":0.0288,"8":0.08064,"9":0.03456,"10":0.05184,"11":0.0864,"12":0.04608,"13":0.05184,"14":0.09216,"15":0.06912,"16":0.03456,"17":0.01728,"18":0.0576,"19":0.0288,"20":0.01152,"21":0.01728,"22":0.0576,"23":0.04032,"24":0.01728,"25":0.04608,"26":0.04032,"27":0.0864,"28":0.0576,"29":0.06912,"30":0.10944,"31":0.144,"32":0.09216,"33":0.41472,"34":0.1152,"35":0.29376,"36":0.9504,"37":0.50112,"38":0.58176,"39":2.30976,"40":32.06016,"41":0.14976,"42":0.16704,"43":null},"opera":{"9":null,"9.5-9.6":null,"10.0-10.1":0,"10.5":null,"10.6":null,"11":null,"11.1":null,"11.5":0.01152,"11.6":0.01728,"12":0.01152,"12.1":0.13824,"15":0.00576,"16":null,"17":0.00576,"18":null,"19":0.00576,"20":0.00576,"21":null,"22":null,"23":null,"24":0.00576,"25":0.00576,"26":0.06912,"27":0.87552,"28":0.01152,"29":null},"safari":{"3.1":null,"3.2":null,"4":0.02304,"5":0.04032,"5.1":0.12096,"6":0.07488,"6.1":0.06912,"7":0.15552,"7.1":0.1728,"8":0.47232},"android":{"2.1":0,"2.2":0,"2.3":0.271520449111,"3":0,"4":0.548757118204,"4.1":1.76774102921,"4.2-4.3":2.9924411602,"4.4":5.5904631417,"4.4.3-4.4.4":2.57515710157,"37":0},"ios_saf":{"3.2":0,"4.0-4.1":0,"4.2-4.3":0,"5.0-5.1":0.0255051390702,"6.0-6.1":0.0783052515313,"7.0-7.1":0.991120755096,"8":0.212990284165,"8.1":3.14831857014},"op_mob":{"10":0,"11":0,"11.1":0,"11.5":0,"12":0.00424904051173,"12.1":0.0254942430704,"0":null},"ie":{"5.5":null,"6":0.130525714286,"7":0.0889948051948,"8":2.19520519481,"9":0.741623376623,"10":0.688226493506,"11":3.45299844156,"0":null},"ie_mob":{"10":0.507721403509,"11":1.07803859649},"bb":{"7":0.02544,"10":null},"and_uc":{"0":0.94976},"op_mini":{"5.0-8.0":2.95945671642},"and_chr":{"0":17.07168},"and_ff":{"0":0.1908}},"total":97.825494026}