{"id":"JP","name":"Japan","month":"2015-02","access_date":"2015-03-01","data":{"firefox":{"2":null,"3":0.01406,"3.5":0.00703,"3.6":0.04921,"4":null,"5":null,"6":null,"7":null,"8":null,"9":null,"10":0.01406,"11":0.01406,"12":0.04218,"13":0.00703,"14":0.01406,"15":0.01406,"16":0.06327,"17":0.01406,"18":0.00703,"19":0.01406,"20":0.01406,"21":0.01406,"22":0.02812,"23":0.01406,"24":0.02812,"25":0.01406,"26":0.02812,"27":0.03515,"28":0.0703,"29":0.03515,"30":0.04218,"31":0.23199,"32":0.1406,"33":0.09842,"34":0.19684,"35":8.56254,"36":0.53428,"37":0.01406,"38":null,"39":null},"chrome":{"4":null,"5":null,"6":null,"7":null,"8":null,"9":null,"10":null,"11":0.05624,"12":0.00703,"13":null,"14":null,"15":null,"16":null,"17":0.02812,"18":null,"19":null,"20":null,"21":0.02109,"22":0.01406,"23":0.00703,"24":null,"25":0.01406,"26":0.01406,"27":0.04921,"28":0.01406,"29":0.02109,"30":0.02812,"31":0.28823,"32":0.02109,"33":0.09139,"34":0.08436,"35":0.12654,"36":0.23199,"37":0.28823,"38":0.26011,"39":0.8436,"40":19.58558,"41":0.09139,"42":0.09139,"43":null},"opera":{"9":null,"9.5-9.6":null,"10.0-10.1":0,"10.5":null,"10.6":null,"11":null,"11.1":null,"11.5":null,"11.6":0.00703,"12":null,"12.1":0.31635,"15":null,"16":null,"17":null,"18":null,"19":null,"20":null,"21":null,"22":null,"23":null,"24":null,"25":null,"26":0.01406,"27":0.40774,"28":0.00703,"29":null},"safari":{"3.1":null,"3.2":null,"4":0.14763,"5":0.28823,"5.1":0.89281,"6":0.17575,"6.1":0.47101,"7":0.40774,"7.1":0.88578,"8":1.22322},"android":{"2.1":0,"2.2":0,"2.3":0.119911550057,"3":0,"4":0.2423475538,"4.1":0.780687302214,"4.2-4.3":1.32155150431,"4.4":2.46891570434,"4.4.3-4.4.4":1.13726638528,"37":0},"ios_saf":{"3.2":0,"4.0-4.1":0,"4.2-4.3":0,"5.0-5.1":0.109573585701,"6.0-6.1":0.336410131539,"7.0-7.1":4.25799109348,"8":0.915035557787,"8.1":13.5256096315},"op_mob":{"10":0,"11":0,"11.1":0,"11.5":0,"12":0.000173091684435,"12.1":0.00103855010661,"0":null},"ie":{"5.5":null,"6":0.0777447831157,"7":0.247369764459,"8":2.26166641791,"9":2.76347365438,"10":1.49128629431,"11":23.4647890858,"0":null},"ie_mob":{"10":0.00855828947368,"11":0.0181717105263},"bb":{"7":0.0022275,"10":null},"and_uc":{"0":0.38016},"op_mini":{"5.0-8.0":0.120558358209},"and_chr":{"0":4.22989},"and_ff":{"0":0.06237}},"total":98.2435075}