{"id":"KE","name":"Kenya","month":"2015-02","access_date":"2015-03-01","data":{"firefox":{"2":null,"3":0.017958,"3.5":0.011972,"3.6":0.065846,"4":0.026937,"5":0.026937,"6":0.014965,"7":0.017958,"8":0.026937,"9":0.02993,"10":0.041902,"11":0.056867,"12":0.092783,"13":0.062853,"14":0.056867,"15":0.056867,"16":0.101762,"17":0.038909,"18":0.101762,"19":0.05986,"20":0.080811,"21":0.05986,"22":0.035916,"23":0.050881,"24":0.050881,"25":0.047888,"26":0.083804,"27":0.05986,"28":0.062853,"29":0.191552,"30":0.257398,"31":0.236447,"32":0.194545,"33":0.365146,"34":0.407048,"35":9.586579,"36":1.613227,"37":0.062853,"38":0.014965,"39":null},"chrome":{"4":null,"5":0.005986,"6":null,"7":null,"8":null,"9":null,"10":0.005986,"11":0.020951,"12":0.005986,"13":null,"14":0.002993,"15":0.002993,"16":0.002993,"17":null,"18":0.005986,"19":0.002993,"20":0.005986,"21":0.005986,"22":0.011972,"23":0.002993,"24":0.005986,"25":0.014965,"26":0.011972,"27":0.011972,"28":0.011972,"29":0.014965,"30":0.020951,"31":0.071832,"32":0.032923,"33":0.077818,"34":0.044895,"35":0.053874,"36":0.281342,"37":0.086797,"38":0.098769,"39":0.469901,"40":9.30823,"41":0.167608,"42":0.182573,"43":null},"opera":{"9":null,"9.5-9.6":null,"10.0-10.1":0,"10.5":null,"10.6":null,"11":null,"11.1":null,"11.5":0.005986,"11.6":0.017958,"12":0.008979,"12.1":0.053874,"15":0.002993,"16":0.002993,"17":null,"18":0.005986,"19":0.014965,"20":0.011972,"21":0.005986,"22":0.008979,"23":null,"24":0.008979,"25":0.008979,"26":0.05986,"27":0.472894,"28":0.005986,"29":null},"safari":{"3.1":null,"3.2":null,"4":0.008979,"5":0.032923,"5.1":0.077818,"6":0.023944,"6.1":0.065846,"7":0.077818,"7.1":0.113734,"8":0.296307},"android":{"2.1":0,"2.2":0,"2.3":0.133146840628,"3":0,"4":0.269096772637,"4.1":0.866856009772,"4.2-4.3":1.46741833829,"4.4":2.74142337124,"4.4.3-4.4.4":1.26279266743,"37":0},"ios_saf":{"3.2":0,"4.0-4.1":0,"4.2-4.3":0,"5.0-5.1":0.00457189336279,"6.0-6.1":0.0140365147103,"7.0-7.1":0.177662171905,"8":0.038179320012,"8.1":0.56434810001},"op_mob":{"10":0,"11":0,"11.1":0,"11.5":0,"12":0.0654484676617,"12.1":0.39269080597,"0":null},"ie":{"5.5":null,"6":0.0242590526316,"7":0.0121295263158,"8":0.494278197368,"9":0.233493381579,"10":0.40330675,"11":1.36760409211,"0":null},"ie_mob":{"10":0.518241407895,"11":1.10037559211},"bb":{"7":0.084084,"10":null},"and_uc":{"0":3.678675},"op_mini":{"5.0-8.0":45.5848577264},"and_chr":{"0":3.119107},"and_ff":{"0":0.168168}},"total":91.606524}