{"id":"KG","name":"Kyrgyzstan","month":"2015-02","access_date":"2015-03-01","data":{"firefox":{"2":null,"3":0.063684,"3.5":0.028304,"3.6":0.205204,"4":0.014152,"5":null,"6":null,"7":null,"8":null,"9":0.014152,"10":0.014152,"11":null,"12":0.042456,"13":0.014152,"14":0.014152,"15":null,"16":0.021228,"17":0.014152,"18":0.007076,"19":0.014152,"20":0.014152,"21":0.10614,"22":0.007076,"23":null,"24":0.021228,"25":0.014152,"26":0.028304,"27":null,"28":0.014152,"29":0.021228,"30":0.049532,"31":0.325496,"32":0.290116,"33":0.077836,"34":0.346724,"35":4.924896,"36":0.360876,"37":0.007076,"38":0.007076,"39":null},"chrome":{"4":0.028304,"5":0.014152,"6":0.03538,"7":0.007076,"8":0.21228,"9":0.007076,"10":0.099064,"11":0.084912,"12":0.1769,"13":0.07076,"14":null,"15":0.077836,"16":0.042456,"17":0.191052,"18":0.014152,"19":null,"20":0.021228,"21":0.021228,"22":0.042456,"23":0.03538,"24":0.03538,"25":null,"26":0.014152,"27":0.155672,"28":0.360876,"29":0.14152,"30":0.042456,"31":0.410408,"32":0.056608,"33":0.254736,"34":0.049532,"35":0.24766,"36":0.622688,"37":0.544852,"38":0.346724,"39":2.144028,"40":36.986252,"41":0.148596,"42":0.785436,"43":0.007076},"opera":{"9":null,"9.5-9.6":0.028304,"10.0-10.1":0.007076,"10.5":null,"10.6":0.007076,"11":0.028304,"11.1":0.014152,"11.5":0.03538,"11.6":0.148596,"12":0.127368,"12.1":2.200636,"15":0.028304,"16":0.014152,"17":0.014152,"18":0.03538,"19":0.014152,"20":0.042456,"21":0.014152,"22":0.028304,"23":0.021228,"24":0.014152,"25":0.10614,"26":0.063684,"27":4.160688,"28":0.021228,"29":null},"safari":{"3.1":null,"3.2":null,"4":0.063684,"5":0.021228,"5.1":0.042456,"6":0.028304,"6.1":0.049532,"7":0.155672,"7.1":0.113216,"8":0.403332},"android":{"2.1":0,"2.2":0,"2.3":0.114415673147,"3":0,"4":0.231240097307,"4.1":0.744906250962,"4.2-4.3":1.26098115563,"4.4":2.35575849132,"4.4.3-4.4.4":1.08514233164,"37":0},"ios_saf":{"3.2":0,"4.0-4.1":0,"4.2-4.3":0,"5.0-5.1":0.0167019443719,"6.0-6.1":0.0512778993875,"7.0-7.1":0.649031697962,"8":0.139475886334,"8.1":2.06166457194},"op_mob":{"10":0,"11":0,"11.1":0,"11.5":0,"12":0.00913568159204,"12.1":0.0548140895522,"0":null},"ie":{"5.5":null,"6":0.0318940883352,"7":0.0478411325028,"8":2.24853322763,"9":0.845193340883,"10":1.00466378256,"11":2.854520906,"0":null},"ie_mob":{"10":0.186302403509,"11":0.395573596491},"bb":{"7":0.009503,"10":null},"and_uc":{"0":3.315816},"op_mini":{"5.0-8.0":6.36300222886},"and_chr":{"0":8.145032},"and_ff":{"0":0.090644}},"total":93.9849734779}