{"id":"KH","name":"Cambodia","month":"2015-02","access_date":"2015-03-01","data":{"firefox":{"2":null,"3":0.043668,"3.5":0.004852,"3.6":0.09704,"4":0.038816,"5":0.009704,"6":0.019408,"7":0.014556,"8":0.029112,"9":0.014556,"10":0.038816,"11":0.063076,"12":0.106744,"13":0.07278,"14":0.111596,"15":0.082484,"16":0.111596,"17":0.038816,"18":0.038816,"19":0.063076,"20":0.063076,"21":0.09704,"22":0.063076,"23":0.077632,"24":0.126152,"25":0.082484,"26":0.077632,"27":0.1213,"28":0.067928,"29":0.305676,"30":0.38816,"31":0.402716,"32":0.718096,"33":0.402716,"34":0.684132,"35":11.1596,"36":3.20232,"37":0.131004,"38":0.009704,"39":null},"chrome":{"4":0.009704,"5":0.009704,"6":0.019408,"7":null,"8":0.009704,"9":0.004852,"10":0.014556,"11":0.106744,"12":0.02426,"13":0.02426,"14":0.004852,"15":0.019408,"16":0.04852,"17":null,"18":0.004852,"19":null,"20":0.029112,"21":0.014556,"22":0.029112,"23":0.038816,"24":0.029112,"25":0.033964,"26":0.019408,"27":0.014556,"28":0.07278,"29":0.07278,"30":0.131004,"31":0.184376,"32":0.033964,"33":0.441532,"34":0.106744,"35":0.184376,"36":0.766616,"37":0.305676,"38":0.407568,"39":1.305188,"40":16.001896,"41":0.310528,"42":0.616204,"43":null},"opera":{"9":null,"9.5-9.6":null,"10.0-10.1":0,"10.5":null,"10.6":null,"11":null,"11.1":null,"11.5":null,"11.6":0.004852,"12":null,"12.1":0.053372,"15":0.009704,"16":0.004852,"17":null,"18":0.019408,"19":null,"20":0.009704,"21":0.092188,"22":0.004852,"23":null,"24":0.019408,"25":0.004852,"26":0.019408,"27":0.664724,"28":0.004852,"29":null},"safari":{"3.1":null,"3.2":null,"4":0.058224,"5":0.029112,"5.1":0.126152,"6":0.077632,"6.1":0.082484,"7":0.19408,"7.1":0.232896,"8":0.722948},"android":{"2.1":0,"2.2":0,"2.3":0.298449131926,"3":0,"4":0.603181403472,"4.1":1.94306092733,"4.2-4.3":3.28922359081,"4.4":6.14491054787,"4.4.3-4.4.4":2.83055439859,"37":0},"ios_saf":{"3.2":0,"4.0-4.1":0,"4.2-4.3":0,"5.0-5.1":0.122129954815,"6.0-6.1":0.374960387589,"7.0-7.1":4.74592719149,"8":1.01989225424,"8.1":15.0755502119},"op_mob":{"10":0,"11":0,"11.1":0,"11.5":0,"12":0.0012732793177,"12.1":0.00763967590618,"0":null},"ie":{"5.5":null,"6":0.039173202454,"7":0.0279808588957,"8":1.72362090798,"9":0.358154993865,"10":0.772271705521,"11":1.63408215951,"0":null},"ie_mob":{"10":0.281853,"11":0.598455},"bb":{"7":0.024453,"10":null},"and_uc":{"0":1.137708},"op_mini":{"5.0-8.0":0.886839044776},"and_chr":{"0":9.688704},"and_ff":{"0":0.314028}},"total":97.0104288282}