{"id":"KI","name":"Kiribati","month":"2015-02","access_date":"2015-03-01","data":{"firefox":{"2":null,"3":0.307552,"3.5":null,"3.6":0.278719,"4":0.105721,"5":0.28833,"6":0.28833,"7":null,"8":null,"9":0.442106,"10":0.403662,"11":2.527693,"12":0.528605,"13":0.086499,"14":0.249886,"15":0.009611,"16":0.038444,"17":0.076888,"18":null,"19":0.134554,"20":0.038444,"21":0.028833,"22":0.163387,"23":0.509383,"24":0.682381,"25":0.586271,"26":0.076888,"27":1.758813,"28":0.153776,"29":0.249886,"30":0.28833,"31":0.490161,"32":0.307552,"33":0.826546,"34":0.518994,"35":7.189028,"36":1.82609,"37":null,"38":0.076888,"39":null},"chrome":{"4":null,"5":null,"6":0.009611,"7":null,"8":null,"9":0.105721,"10":null,"11":0.009611,"12":0.009611,"13":null,"14":0.365218,"15":null,"16":null,"17":null,"18":3.642569,"19":1.643481,"20":0.163387,"21":0.711214,"22":0.403662,"23":0.009611,"24":0.028833,"25":0.038444,"26":0.182609,"27":0.038444,"28":0.038444,"29":0.451717,"30":0.105721,"31":0.221053,"32":0.086499,"33":4.70939,"34":0.038444,"35":0.230664,"36":9.70711,"37":0.19222,"38":0.259497,"39":0.307552,"40":9.908941,"41":0.038444,"42":5.728156,"43":null},"opera":{"9":null,"9.5-9.6":null,"10.0-10.1":0,"10.5":null,"10.6":0.019222,"11":null,"11.1":0.134554,"11.5":1.528149,"11.6":null,"12":0.663159,"12.1":0.932267,"15":null,"16":null,"17":null,"18":null,"19":null,"20":null,"21":null,"22":null,"23":null,"24":null,"25":null,"26":0.009611,"27":1.114876,"28":null,"29":null},"safari":{"3.1":null,"3.2":null,"4":0,"5":1.72998,"5.1":0.490161,"6":0.009611,"6.1":0.019222,"7":null,"7.1":0.009611,"8":0.038444},"android":{"2.1":0,"2.2":0,"2.3":0.0282992546003,"3":0,"4":0.0571942829816,"4.1":0.184243041792,"4.2-4.3":0.311887574384,"4.4":0.582666757875,"4.4.3-4.4.4":0.268396088367,"37":0},"ios_saf":{"3.2":0,"4.0-4.1":0,"4.2-4.3":0,"5.0-5.1":0.00524769163571,"6.0-6.1":0.0161113339693,"7.0-7.1":0.203923455668,"8":0.0438228283964,"8.1":0.64776769033},"op_mob":{"10":0,"11":0,"11.1":0,"11.5":0,"12":6.8012793177e-5,"12.1":0.000408076759062,"0":null},"ie":{"5.5":null,"6":0.019323745114,"7":0.821259167345,"8":1.71981331515,"9":2.53141060993,"10":11.9034269902,"11":6.73432517223,"0":null},"ie_mob":{"10":0.161165429825,"11":0.342200570175},"bb":{"7":0,"10":null},"and_uc":{"0":0.047847},"op_mini":{"5.0-8.0":0.0473709104478},"and_chr":{"0":0.58403},"and_ff":{"0":0.239624}},"total":95.124829}