{"id":"KM","name":"Comoros","month":"2015-02","access_date":"2015-03-01","data":{"firefox":{"2":null,"3":0.059824,"3.5":0.007478,"3.6":0.07478,"4":0.022434,"5":null,"6":0.014956,"7":0.007478,"8":null,"9":0.029912,"10":0.134604,"11":0.276686,"12":0.291642,"13":0.029912,"14":2.572432,"15":null,"16":0.284164,"17":null,"18":0.007478,"19":0.044868,"20":0.052346,"21":0.029912,"22":0.171994,"23":0.052346,"24":0.014956,"25":null,"26":0.022434,"27":0.014956,"28":0.044868,"29":0.07478,"30":0.284164,"31":0.157038,"32":0.478592,"33":0.732844,"34":0.553372,"35":12.091926,"36":1.039442,"37":0.014956,"38":null,"39":null},"chrome":{"4":0.03739,"5":null,"6":0.014956,"7":null,"8":null,"9":0.142082,"10":0.044868,"11":0.11217,"12":0.014956,"13":0.07478,"14":0.029912,"15":null,"16":0.007478,"17":0.014956,"18":0.029912,"19":null,"20":null,"21":null,"22":null,"23":null,"24":0.014956,"25":0.254252,"26":0.014956,"27":0.029912,"28":0.044868,"29":0.014956,"30":0.03739,"31":0.874926,"32":null,"33":0.254252,"34":0.164516,"35":0.216862,"36":5.301902,"37":0.134604,"38":0.628152,"39":1.241348,"40":29.792352,"41":0.403812,"42":0.052346,"43":0.014956},"opera":{"9":null,"9.5-9.6":null,"10.0-10.1":0,"10.5":null,"10.6":0.014956,"11":0.014956,"11.1":0.022434,"11.5":0.014956,"11.6":0.029912,"12":null,"12.1":0.029912,"15":null,"16":null,"17":null,"18":0.044868,"19":0.014956,"20":0.007478,"21":null,"22":0.007478,"23":null,"24":null,"25":null,"26":0.052346,"27":1.862022,"28":null,"29":null},"safari":{"3.1":null,"3.2":null,"4":0.142082,"5":null,"5.1":0.18695,"6":0.179472,"6.1":0.029912,"7":0.082258,"7.1":0.269208,"8":0.216862},"android":{"2.1":0,"2.2":0,"2.3":0.082644726063,"3":0,"4":0.167029341096,"4.1":0.538060663894,"4.2-4.3":0.910831875663,"4.4":1.70161141241,"4.4.3-4.4.4":0.783819980871,"37":0},"ios_saf":{"3.2":0,"4.0-4.1":0,"4.2-4.3":0,"5.0-5.1":0.0102918568129,"6.0-6.1":0.0315978060046,"7.0-7.1":0.399937944573,"8":0.0859460323326,"8.1":1.27041236028},"op_mob":{"10":0,"11":0,"11.1":0,"11.5":0,"12":0.0115327277896,"12.1":0.0691963667377,"0":null},"ie":{"5.5":null,"6":null,"7":0.0524919121951,"8":1.22231166969,"9":0.802376372125,"10":1.80722154843,"11":6.85394396376,"0":null},"ie_mob":{"10":0.14857677193,"11":0.31547122807},"bb":{"7":0.029003,"10":null},"and_uc":{"0":1.95455},"op_mini":{"5.0-8.0":8.03254490547},"and_chr":{"0":6.600014},"and_ff":{"0":0.08827}},"total":96.8970584662}