{"id":"KN","name":"Saint Kitts and Nevis","month":"2015-02","access_date":"2015-03-01","data":{"firefox":{"2":null,"3":0.034688,"3.5":null,"3.6":0.104064,"4":null,"5":null,"6":null,"7":0.008672,"8":null,"9":null,"10":null,"11":0.017344,"12":null,"13":null,"14":null,"15":null,"16":null,"17":null,"18":null,"19":null,"20":null,"21":0.026016,"22":null,"23":null,"24":null,"25":null,"26":0.017344,"27":0.017344,"28":null,"29":null,"30":null,"31":0.329536,"32":0.199456,"33":0.017344,"34":0.47696,"35":9.313728,"36":0.841184,"37":0.017344,"38":null,"39":null},"chrome":{"4":null,"5":null,"6":null,"7":null,"8":null,"9":null,"10":null,"11":0.026016,"12":0.04336,"13":null,"14":null,"15":null,"16":null,"17":null,"18":0.017344,"19":null,"20":null,"21":0.026016,"22":0.060704,"23":null,"24":0.017344,"25":null,"26":0.052032,"27":0.026016,"28":0.08672,"29":0.08672,"30":0.026016,"31":0.286176,"32":0.069376,"33":0.242816,"34":0.329536,"35":0.416256,"36":1.370176,"37":0.572352,"38":0.329536,"39":4.223264,"40":42.692256,"41":0.372896,"42":0.30352,"43":null},"opera":{"9":null,"9.5-9.6":null,"10.0-10.1":0,"10.5":null,"10.6":null,"11":null,"11.1":null,"11.5":null,"11.6":null,"12":null,"12.1":0.026016,"15":null,"16":null,"17":null,"18":null,"19":null,"20":null,"21":null,"22":null,"23":null,"24":null,"25":null,"26":null,"27":0.355552,"28":null,"29":null},"safari":{"3.1":null,"3.2":null,"4":0.034688,"5":0.034688,"5.1":0.546336,"6":0.078048,"6.1":0.56368,"7":0.73712,"7.1":1.196736,"8":2.8184},"android":{"2.1":0,"2.2":0,"2.3":0.0750743154174,"3":0,"4":0.151729142738,"4.1":0.488773306165,"4.2-4.3":0.827397981495,"4.4":1.54574064165,"4.4.3-4.4.4":0.712020612538,"37":0},"ios_saf":{"3.2":0,"4.0-4.1":0,"4.2-4.3":0,"5.0-5.1":0.0170333101717,"6.0-6.1":0.0522952505272,"7.0-7.1":0.661908456672,"8":0.142243081434,"8.1":2.10256790119},"op_mob":{"10":0,"11":0,"11.1":0,"11.5":0,"12":0.000109486851457,"12.1":0.000656921108742,"0":null},"ie":{"5.5":null,"6":null,"7":0.0357620550459,"8":2.15466381651,"9":1.29637449541,"10":0.992397027523,"11":11.1130586055,"0":null},"ie_mob":{"10":0.10034554386,"11":0.21306245614},"bb":{"7":0.120848,"10":null},"and_uc":{"0":0.17928},"op_mini":{"5.0-8.0":0.0762575920398},"and_chr":{"0":6.233968},"and_ff":{"0":0.037184}},"total":98.819488}