{"id":"KP","name":"North Korea","month":"2015-02","access_date":"2015-03-01","data":{"firefox":{"2":null,"3":null,"3.5":null,"3.6":null,"4":0.018782,"5":null,"6":null,"7":null,"8":null,"9":null,"10":null,"11":null,"12":0.018782,"13":null,"14":null,"15":null,"16":0.159647,"17":0.09391,"18":null,"19":null,"20":null,"21":null,"22":null,"23":null,"24":0.18782,"25":0.046955,"26":0.234775,"27":null,"28":0.28173,"29":0.37564,"30":0.046955,"31":0.488332,"32":1.258394,"33":0.159647,"34":0.28173,"35":16.302776,"36":1.042401,"37":0.347467,"38":null,"39":null},"chrome":{"4":null,"5":null,"6":null,"7":null,"8":null,"9":null,"10":null,"11":0.535287,"12":null,"13":null,"14":null,"15":0.140865,"16":null,"17":null,"18":null,"19":null,"20":null,"21":1.887591,"22":1.718553,"23":0.065737,"24":null,"25":0.206602,"26":null,"27":0.206602,"28":0.863972,"29":0.929709,"30":null,"31":2.8173,"32":0.328685,"33":0.441377,"34":0.046955,"35":0.09391,"36":0.46955,"37":0.741889,"38":0.300512,"39":5.953894,"40":30.661615,"41":0.112692,"42":null,"43":null},"opera":{"9":null,"9.5-9.6":null,"10.0-10.1":0,"10.5":null,"10.6":null,"11":null,"11.1":null,"11.5":null,"11.6":4.376206,"12":0.065737,"12.1":1.136311,"15":null,"16":null,"17":null,"18":null,"19":null,"20":0.046955,"21":null,"22":null,"23":0.422595,"24":null,"25":0.18782,"26":null,"27":0.09391,"28":null,"29":null},"safari":{"3.1":null,"3.2":null,"4":0,"5":null,"5.1":null,"6":null,"6.1":null,"7":null,"7.1":0.234775,"8":0.741889},"android":{"2.1":0,"2.2":0,"2.3":0.0270900218318,"3":0,"4":0.0547503599127,"4.1":0.176370300031,"4.2-4.3":0.298560556399,"4.4":0.55776929161,"4.4.3-4.4.4":0.256927470215,"37":0},"ios_saf":{"3.2":0,"4.0-4.1":0,"4.2-4.3":0,"5.0-5.1":0.00744870780199,"6.0-6.1":0.0228688397429,"7.0-7.1":0.289454171604,"8":0.0622032441008,"8.1":0.919458036751},"op_mob":{"10":0,"11":0,"11.1":0,"11.5":0,"12":0,"12.1":0,"0":null},"ie":{"5.5":null,"6":0.0676912308665,"7":null,"8":2.87204222391,"9":0.986357935484,"10":1.84700358507,"11":9.32204950791,"0":null},"ie_mob":{"10":0.0744849736842,"11":0.158153026316},"bb":{"7":0,"10":null},"and_uc":{"0":0.76734},"op_mini":{"5.0-8.0":0},"and_chr":{"0":2.577439},"and_ff":{"0":0.023142}},"total":98.5438424832}