{"id":"KR","name":"South Korea","month":"2015-02","access_date":"2015-03-01","data":{"firefox":{"2":null,"3":0.007367,"3.5":null,"3.6":null,"4":null,"5":null,"6":null,"7":null,"8":null,"9":null,"10":0.014734,"11":null,"12":null,"13":null,"14":null,"15":null,"16":null,"17":null,"18":null,"19":null,"20":null,"21":null,"22":null,"23":null,"24":null,"25":null,"26":null,"27":null,"28":null,"29":null,"30":null,"31":0.007367,"32":null,"33":0.007367,"34":0.022101,"35":0.95771,"36":0.088404,"37":null,"38":null,"39":null},"chrome":{"4":null,"5":null,"6":null,"7":null,"8":null,"9":null,"10":null,"11":0.036835,"12":null,"13":null,"14":null,"15":null,"16":null,"17":null,"18":0.088404,"19":0.022101,"20":0.007367,"21":null,"22":0.029468,"23":0.014734,"24":null,"25":0.007367,"26":0.029468,"27":0.191542,"28":0.029468,"29":0.058936,"30":0.066303,"31":0.744067,"32":0.051569,"33":0.07367,"34":0.081037,"35":0.088404,"36":0.132606,"37":0.103138,"38":0.198909,"39":0.876673,"40":15.212855,"41":0.029468,"42":0.14734,"43":0.007367},"opera":{"9":null,"9.5-9.6":null,"10.0-10.1":0,"10.5":null,"10.6":null,"11":null,"11.1":null,"11.5":null,"11.6":null,"12":null,"12.1":0.022101,"15":null,"16":null,"17":null,"18":null,"19":null,"20":null,"21":null,"22":null,"23":null,"24":null,"25":null,"26":null,"27":0.110505,"28":null,"29":null},"safari":{"3.1":null,"3.2":null,"4":0.022101,"5":0.014734,"5.1":0.051569,"6":0.029468,"6.1":0.036835,"7":0.066303,"7.1":0.095771,"8":0.383084},"android":{"2.1":0,"2.2":0,"2.3":0.110882174862,"3":0,"4":0.224098711301,"4.1":0.721901317393,"4.2-4.3":1.22203828506,"4.4":2.28300562137,"4.4.3-4.4.4":1.05162989001,"37":0},"ios_saf":{"3.2":0,"4.0-4.1":0,"4.2-4.3":0,"5.0-5.1":0.0261613230244,"6.0-6.1":0.0803198513907,"7.0-7.1":1.01661983332,"8":0.218469995783,"8.1":3.22931699649},"op_mob":{"10":0,"11":0,"11.1":0,"11.5":0,"12":0.000101053304904,"12.1":0.000606319829424,"0":null},"ie":{"5.5":null,"6":0.0665093468666,"7":0.1995280406,"8":13.176240607,"9":12.4889773561,"10":7.67074467195,"11":18.6373969775,"0":null},"ie_mob":{"10":0.0033720877193,"11":0.0071599122807},"bb":{"7":0.002633,"10":null},"and_uc":{"0":0.063192},"op_mini":{"5.0-8.0":0.0703836268657},"and_chr":{"0":15.760679},"and_ff":{"0":0.044761}},"total":98.643346}