{"id":"KW","name":"Kuwait","month":"2015-02","access_date":"2015-03-01","data":{"firefox":{"2":null,"3":0.00722,"3.5":0.00722,"3.6":0.05054,"4":0.00361,"5":null,"6":0.03249,"7":0.00722,"8":null,"9":0.01083,"10":0.01444,"11":0.02527,"12":0.03971,"13":0.01083,"14":0.01444,"15":0.01083,"16":0.01805,"17":0.00722,"18":null,"19":0.01083,"20":0.00722,"21":0.01805,"22":0.00361,"23":0.01444,"24":0.01805,"25":0.00722,"26":0.01083,"27":0.01083,"28":0.02888,"29":0.02166,"30":0.0361,"31":0.05415,"32":0.05054,"33":0.05776,"34":0.10469,"35":3.64249,"36":0.34656,"37":0.01083,"38":null,"39":null},"chrome":{"4":null,"5":0.00361,"6":0.00361,"7":0.00361,"8":0.00722,"9":0.00361,"10":0.01444,"11":0.0361,"12":0.01444,"13":0.01083,"14":0.01083,"15":0.01805,"16":0.01805,"17":0.01444,"18":0.00722,"19":0.00361,"20":0.00722,"21":0.01083,"22":0.02888,"23":0.00361,"24":0.02888,"25":0.00722,"26":0.02166,"27":0.01805,"28":0.02527,"29":0.02166,"30":0.03971,"31":0.09025,"32":0.05054,"33":0.2527,"34":0.07942,"35":0.11191,"36":0.40071,"37":0.1444,"38":0.20216,"39":0.97109,"40":16.03562,"41":0.13718,"42":0.17689,"43":null},"opera":{"9":null,"9.5-9.6":null,"10.0-10.1":0,"10.5":null,"10.6":null,"11":null,"11.1":null,"11.5":null,"11.6":0.00722,"12":null,"12.1":0.08303,"15":0.00361,"16":null,"17":0.00361,"18":0.00361,"19":0.00361,"20":0.01083,"21":0.00361,"22":null,"23":null,"24":null,"25":null,"26":0.02166,"27":0.42237,"28":0.01444,"29":null},"safari":{"3.1":null,"3.2":null,"4":0.00722,"5":0.0722,"5.1":0.2166,"6":0.09386,"6.1":0.16245,"7":0.27436,"7.1":0.33573,"8":0.91694},"android":{"2.1":0,"2.2":0,"2.3":0.187940004158,"3":0,"4":0.379836639983,"4.1":1.22358834286,"4.2-4.3":2.07129667741,"4.4":3.86958576983,"4.4.3-4.4.4":1.78246256576,"37":0},"ios_saf":{"3.2":0,"4.0-4.1":0,"4.2-4.3":0,"5.0-5.1":0.115643665027,"6.0-6.1":0.355046339994,"7.0-7.1":4.49387224621,"8":0.965726044784,"8.1":14.274891704},"op_mob":{"10":0,"11":0,"11.1":0,"11.5":0,"12":0.0118807675906,"12.1":0.0712846055437,"0":null},"ie":{"5.5":null,"6":0.0252996596244,"7":0.0831274530516,"8":2.07095785211,"9":1.21438366197,"10":0.932473169014,"11":4.91174820423,"0":null},"ie_mob":{"10":0.108433815789,"11":0.230236184211},"bb":{"7":0.0591075,"10":null},"and_uc":{"0":7.87887},"op_mini":{"5.0-8.0":8.27495462687},"and_chr":{"0":16.48724},"and_ff":{"0":0.13419}},"total":98.6212275}