{"id":"KY","name":"Cayman Islands","month":"2015-02","access_date":"2015-03-01","data":{"firefox":{"2":null,"3":0.052346,"3.5":0.059824,"3.6":0.381378,"4":null,"5":null,"6":0.022434,"7":null,"8":null,"9":null,"10":0.029912,"11":0.029912,"12":0.022434,"13":0.022434,"14":null,"15":null,"16":0.029912,"17":null,"18":0.07478,"19":0.014956,"20":0.029912,"21":0.014956,"22":null,"23":0.014956,"24":0.171994,"25":null,"26":null,"27":null,"28":0.014956,"29":0.022434,"30":0.044868,"31":0.089736,"32":0.089736,"33":0.269208,"34":0.18695,"35":7.567736,"36":0.515982,"37":0.03739,"38":null,"39":null},"chrome":{"4":null,"5":null,"6":null,"7":null,"8":null,"9":null,"10":null,"11":0.067302,"12":0.03739,"13":null,"14":null,"15":null,"16":null,"17":null,"18":null,"19":null,"20":null,"21":0.022434,"22":0.044868,"23":null,"24":null,"25":null,"26":0.029912,"27":0.029912,"28":0.029912,"29":0.007478,"30":0.03739,"31":0.119648,"32":0.059824,"33":0.029912,"34":0.171994,"35":0.134604,"36":0.620674,"37":0.284164,"38":0.216862,"39":1.503078,"40":30.427982,"41":0.104692,"42":0.11217,"43":null},"opera":{"9":null,"9.5-9.6":null,"10.0-10.1":0,"10.5":null,"10.6":null,"11":null,"11.1":null,"11.5":0.007478,"11.6":null,"12":null,"12.1":0.022434,"15":null,"16":null,"17":null,"18":null,"19":null,"20":null,"21":null,"22":null,"23":null,"24":null,"25":null,"26":null,"27":0.157038,"28":null,"29":null},"safari":{"3.1":null,"3.2":null,"4":0.03739,"5":0.321554,"5.1":1.069354,"6":0.164516,"6.1":0.85997,"7":0.568328,"7.1":1.667594,"8":3.387534},"android":{"2.1":0,"2.2":0,"2.3":0.0683973531552,"3":0,"4":0.138234650587,"4.1":0.445302767647,"4.2-4.3":0.753810828984,"4.4":1.40826550286,"4.4.3-4.4.4":0.648694896767,"37":0},"ios_saf":{"3.2":0,"4.0-4.1":0,"4.2-4.3":0,"5.0-5.1":0.061116019279,"6.0-6.1":0.187636901295,"7.0-7.1":2.37494706497,"8":0.510372371523,"8.1":7.54407564294},"op_mob":{"10":0,"11":0,"11.1":0,"11.5":0,"12":0.000150567164179,"12.1":0.000903402985075,"0":null},"ie":{"5.5":null,"6":0.007478,"7":0.082258,"8":2.063928,"9":1.83211,"10":2.490174,"11":15.098082,"0":null},"ie_mob":{"10":0.123544815789,"11":0.262321184211},"bb":{"7":0.1986075,"10":null},"and_uc":{"0":0.15132},"op_mini":{"5.0-8.0":0.104870029851},"and_chr":{"0":9.750432},"and_ff":{"0":0.171496}},"total":98.6450575}