{"id":"KZ","name":"Kazakhstan","month":"2015-02","access_date":"2015-03-01","data":{"firefox":{"2":0.007296,"3":0.03648,"3.5":0.03648,"3.6":0.167808,"4":0.029184,"5":0.014592,"6":0.007296,"7":0.014592,"8":0.014592,"9":0.03648,"10":0.043776,"11":0.043776,"12":0.07296,"13":0.014592,"14":0.029184,"15":0.014592,"16":0.021888,"17":0.021888,"18":0.014592,"19":0.021888,"20":0.03648,"21":0.021888,"22":0.014592,"23":0.029184,"24":0.03648,"25":0.021888,"26":0.029184,"27":0.014592,"28":0.058368,"29":0.043776,"30":0.07296,"31":0.306432,"32":0.14592,"33":0.138624,"34":0.196992,"35":7.522176,"36":0.386688,"37":0.007296,"38":null,"39":null},"chrome":{"4":0.021888,"5":0.043776,"6":0.014592,"7":0.007296,"8":0.051072,"9":0.021888,"10":0.03648,"11":0.087552,"12":0.124032,"13":0.03648,"14":0.021888,"15":0.160512,"16":0.10944,"17":0.379392,"18":0.058368,"19":null,"20":0.029184,"21":0.014592,"22":0.10944,"23":0.021888,"24":0.058368,"25":0.03648,"26":0.116736,"27":0.124032,"28":1.16736,"29":0.058368,"30":0.043776,"31":0.175104,"32":0.051072,"33":0.080256,"34":0.058368,"35":0.335616,"36":0.415872,"37":0.299136,"38":0.299136,"39":1.38624,"40":31.679232,"41":0.094848,"42":0.700416,"43":null},"opera":{"9":null,"9.5-9.6":0.014592,"10.0-10.1":0,"10.5":0.014592,"10.6":0.014592,"11":0.014592,"11.1":0.021888,"11.5":0.03648,"11.6":0.094848,"12":0.196992,"12.1":2.283648,"15":0.021888,"16":0.029184,"17":0.014592,"18":0.051072,"19":0.021888,"20":0.102144,"21":0.03648,"22":0.051072,"23":0.014592,"24":0.029184,"25":0.043776,"26":0.342912,"27":3.815808,"28":0.03648,"29":null},"safari":{"3.1":null,"3.2":null,"4":0.029184,"5":0.021888,"5.1":0.087552,"6":0.029184,"6.1":0.080256,"7":0.138624,"7.1":0.160512,"8":0.466944},"android":{"2.1":0,"2.2":0,"2.3":0.129948859549,"3":0,"4":0.262633484562,"4.1":0.846035469799,"4.2-4.3":1.4321732205,"4.4":2.67557862397,"4.4.3-4.4.4":1.23246234162,"37":0},"ios_saf":{"3.2":0,"4.0-4.1":0,"4.2-4.3":0,"5.0-5.1":0.0274858246812,"6.0-6.1":0.0843863038458,"7.0-7.1":1.06808950296,"8":0.22953074646,"8.1":3.39281162205},"op_mob":{"10":0,"11":0,"11.1":0,"11.5":0,"12":0.00143367732765,"12.1":0.00860206396588,"0":null},"ie":{"5.5":null,"6":0.0758614161009,"7":0.166895115422,"8":1.99515524345,"9":0.751028019399,"10":0.933095418041,"11":3.89927678758,"0":null},"ie_mob":{"10":0.140252210526,"11":0.297795789474},"bb":{"7":0.00676,"10":null},"and_uc":{"0":1.598064},"op_mini":{"5.0-8.0":0.998556258706},"and_chr":{"0":11.639712},"and_ff":{"0":0.075712}},"total":90.564408}