{"id":"LA","name":"Lao","month":"2015-02","access_date":"2015-03-01","data":{"firefox":{"2":0.008852,"3":0.039834,"3.5":0.013278,"3.6":0.079668,"4":0.039834,"5":0.026556,"6":0.048686,"7":0.026556,"8":0.075242,"9":0.035408,"10":0.039834,"11":0.057538,"12":0.115076,"13":0.11065,"14":0.084094,"15":0.048686,"16":0.08852,"17":0.030982,"18":0.048686,"19":0.017704,"20":0.04426,"21":0.04426,"22":0.035408,"23":0.030982,"24":0.04426,"25":0.061964,"26":0.070816,"27":0.039834,"28":0.048686,"29":0.123928,"30":0.252282,"31":0.239004,"32":0.159336,"33":0.225726,"34":0.39834,"35":7.710092,"36":1.90318,"37":0.057538,"38":0.02213,"39":null},"chrome":{"4":0.026556,"5":0.013278,"6":0.008852,"7":0.004426,"8":0.008852,"9":0.008852,"10":0.02213,"11":0.13278,"12":0.101798,"13":0.04426,"14":0.013278,"15":0.053112,"16":null,"17":0.004426,"18":0.013278,"19":0.004426,"20":0.097372,"21":0.017704,"22":0.013278,"23":0.026556,"24":null,"25":0.017704,"26":0.026556,"27":0.02213,"28":0.053112,"29":0.070816,"30":0.08852,"31":0.239004,"32":0.039834,"33":1.318948,"34":0.057538,"35":0.075242,"36":0.393914,"37":0.24343,"38":0.292116,"39":1.212724,"40":16.06638,"41":0.239004,"42":0.28769,"43":null},"opera":{"9":null,"9.5-9.6":null,"10.0-10.1":0,"10.5":null,"10.6":null,"11":0.013278,"11.1":null,"11.5":null,"11.6":null,"12":null,"12.1":0.026556,"15":null,"16":null,"17":null,"18":0.008852,"19":null,"20":0.026556,"21":null,"22":null,"23":null,"24":null,"25":0.004426,"26":0.02213,"27":0.318672,"28":null,"29":null},"safari":{"3.1":null,"3.2":null,"4":0.02213,"5":0.04426,"5.1":0.11065,"6":0.13278,"6.1":0.159336,"7":0.163762,"7.1":0.239004,"8":0.513416},"android":{"2.1":0,"2.2":0,"2.3":0.332834845618,"3":0,"4":0.672676740618,"4.1":2.16693002121,"4.2-4.3":3.66819035118,"4.4":6.85289429504,"4.4.3-4.4.4":3.15667574634,"37":0},"ios_saf":{"3.2":0,"4.0-4.1":0,"4.2-4.3":0,"5.0-5.1":0.0606149412592,"6.0-6.1":0.186098503866,"7.0-7.1":2.35547534893,"8":0.506187930515,"8.1":7.48222327543},"op_mob":{"10":0,"11":0,"11.1":0,"11.5":0,"12":0.00464301918977,"12.1":0.0278581151386,"0":null},"ie":{"5.5":null,"6":0.156616271669,"7":0.0875208576973,"8":1.99916064424,"9":1.19765384217,"10":0.838357689521,"11":2.8283056119,"0":null},"ie_mob":{"10":1.43664960526,"11":3.05042039474},"bb":{"7":0.002787,"10":null},"and_uc":{"0":1.332186},"op_mini":{"5.0-8.0":3.23386286567},"and_chr":{"0":14.959564},"and_ff":{"0":0.261978}},"total":94.5717599172}