{"id":"LB","name":"Lebanon","month":"2015-02","access_date":"2015-03-01","data":{"firefox":{"2":0.010558,"3":0.026395,"3.5":0.005279,"3.6":0.058069,"4":0.026395,"5":0.010558,"6":0.015837,"7":0.010558,"8":0.015837,"9":0.021116,"10":0.042232,"11":0.036953,"12":0.058069,"13":0.021116,"14":0.021116,"15":0.031674,"16":0.063348,"17":0.015837,"18":0.021116,"19":0.021116,"20":0.010558,"21":0.026395,"22":0.026395,"23":0.010558,"24":0.015837,"25":0.031674,"26":0.031674,"27":0.031674,"28":0.021116,"29":0.058069,"30":0.068627,"31":0.153091,"32":0.110859,"33":0.174207,"34":0.248113,"35":6.973559,"36":0.675712,"37":0.021116,"38":0.015837,"39":null},"chrome":{"4":0.036953,"5":0.036953,"6":0.026395,"7":0.015837,"8":0.068627,"9":0.015837,"10":0.047511,"11":0.110859,"12":0.10558,"13":0.036953,"14":0.042232,"15":0.079185,"16":0.031674,"17":0.010558,"18":0.021116,"19":0.010558,"20":0.010558,"21":0.026395,"22":0.036953,"23":0.015837,"24":0.010558,"25":0.015837,"26":0.036953,"27":0.253392,"28":0.031674,"29":0.031674,"30":0.026395,"31":0.084464,"32":0.058069,"33":0.306182,"34":0.089743,"35":0.131975,"36":0.506784,"37":0.337856,"38":0.427599,"39":1.435888,"40":23.993055,"41":0.168928,"42":0.205881,"43":null},"opera":{"9":null,"9.5-9.6":null,"10.0-10.1":0,"10.5":null,"10.6":null,"11":null,"11.1":null,"11.5":null,"11.6":null,"12":0.005279,"12.1":0.068627,"15":0.005279,"16":null,"17":null,"18":null,"19":null,"20":0.005279,"21":null,"22":null,"23":null,"24":null,"25":null,"26":0.021116,"27":0.348414,"28":null,"29":null},"safari":{"3.1":null,"3.2":null,"4":0.031674,"5":0.121417,"5.1":0.549016,"6":0.253392,"6.1":0.311461,"7":0.490947,"7.1":0.596527,"8":1.293355},"android":{"2.1":0,"2.2":0,"2.3":0.326381640503,"3":0,"4":0.659634473438,"4.1":2.12491625949,"4.2-4.3":3.59706923797,"4.4":6.72002619815,"4.4.3-4.4.4":3.09547219046,"37":0},"ios_saf":{"3.2":0,"4.0-4.1":0,"4.2-4.3":0,"5.0-5.1":0.0597963310573,"6.0-6.1":0.18358522693,"7.0-7.1":2.32366444372,"8":0.499351817251,"8.1":7.38117518104},"op_mob":{"10":0,"11":0,"11.1":0,"11.5":0,"12":0.00226822743426,"12.1":0.0136093646055,"0":null},"ie":{"5.5":null,"6":0.0531350326797,"7":0.223167137255,"8":2.09352028758,"9":1.72688856209,"10":0.988311607843,"11":4.67056937255,"0":null},"ie_mob":{"10":0.0695312192982,"11":0.147634780702},"bb":{"7":0.108583,"10":null},"and_uc":{"0":1.869516},"op_mini":{"5.0-8.0":1.57982040796},"and_chr":{"0":15.378874},"and_ff":{"0":0.160514}},"total":98.336527}