{"id":"LC","name":"Saint Lucia","month":"2015-02","access_date":"2015-03-01","data":{"firefox":{"2":null,"3":0.03658,"3.5":null,"3.6":0.07316,"4":null,"5":0.007316,"6":null,"7":null,"8":null,"9":null,"10":0.014632,"11":0.07316,"12":0.014632,"13":null,"14":0.014632,"15":null,"16":0.007316,"17":null,"18":0.058528,"19":0.007316,"20":null,"21":null,"22":null,"23":null,"24":0.03658,"25":0.007316,"26":0.007316,"27":0.007316,"28":0.029264,"29":0.058528,"30":0.051212,"31":0.058528,"32":0.051212,"33":0.051212,"34":0.175584,"35":8.362188,"36":0.84134,"37":0.029264,"38":null,"39":null},"chrome":{"4":null,"5":null,"6":null,"7":null,"8":null,"9":null,"10":null,"11":0.065844,"12":0.021948,"13":0.03658,"14":0.029264,"15":null,"16":null,"17":null,"18":0.007316,"19":null,"20":0.029264,"21":null,"22":0.131688,"23":null,"24":0.007316,"25":null,"26":0.021948,"27":0.058528,"28":0.07316,"29":0.043896,"30":0.204848,"31":0.358484,"32":0.07316,"33":0.358484,"34":0.190216,"35":0.570648,"36":1.382724,"37":0.373116,"38":0.417012,"39":1.814368,"40":37.955408,"41":0.453592,"42":0.526752,"43":null},"opera":{"9":null,"9.5-9.6":null,"10.0-10.1":0,"10.5":null,"10.6":null,"11":null,"11.1":null,"11.5":null,"11.6":null,"12":null,"12.1":0.160952,"15":null,"16":null,"17":null,"18":null,"19":0.058528,"20":0.014632,"21":0.021948,"22":0.007316,"23":null,"24":null,"25":null,"26":0.007316,"27":1.082768,"28":null,"29":null},"safari":{"3.1":null,"3.2":null,"4":0.014632,"5":0.080476,"5.1":0.343852,"6":0.014632,"6.1":0.168268,"7":0.212164,"7.1":0.69502,"8":1.0974},"android":{"2.1":0,"2.2":0,"2.3":0.213707117164,"3":0,"4":0.431913331531,"4.1":1.39134581017,"4.2-4.3":2.35527738601,"4.4":4.40011706498,"4.4.3-4.4.4":2.02684329015,"37":0},"ios_saf":{"3.2":0,"4.0-4.1":0,"4.2-4.3":0,"5.0-5.1":0.016959408776,"6.0-6.1":0.0520683602771,"7.0-7.1":0.659036674365,"8":0.141625939954,"8.1":2.09344561663},"op_mob":{"10":0,"11":0,"11.1":0,"11.5":0,"12":0.000598987917555,"12.1":0.00359392750533,"0":null},"ie":{"5.5":null,"6":null,"7":0.0219895944409,"8":1.00419147947,"9":0.586389185092,"10":0.974872020215,"11":8.99374412634,"0":null},"ie_mob":{"10":0.460612070175,"11":0.978011929825},"bb":{"7":0.36234,"10":null},"and_uc":{"0":0.485804},"op_mini":{"5.0-8.0":0.417195084577},"and_chr":{"0":9.889748},"and_ff":{"0":0.314028}},"total":97.5350584056}