{"id":"LI","name":"Liechtenstein","month":"2015-02","access_date":"2015-03-01","data":{"firefox":{"2":null,"3":null,"3.5":null,"3.6":null,"4":0.015834,"5":null,"6":null,"7":null,"8":0.023751,"9":null,"10":null,"11":null,"12":0.087087,"13":null,"14":null,"15":0.063336,"16":0.023751,"17":0.007917,"18":null,"19":0.015834,"20":0.015834,"21":0.055419,"22":null,"23":0.071253,"24":0.023751,"25":null,"26":0.023751,"27":0.015834,"28":0.007917,"29":0.047502,"30":0.118755,"31":0.490854,"32":0.071253,"33":0.641277,"34":0.435435,"35":15.960672,"36":0.546273,"37":0.031668,"38":null,"39":null},"chrome":{"4":null,"5":null,"6":null,"7":null,"8":null,"9":null,"10":null,"11":0.047502,"12":0.023751,"13":null,"14":null,"15":null,"16":null,"17":null,"18":null,"19":null,"20":0.007917,"21":null,"22":0.047502,"23":null,"24":null,"25":null,"26":null,"27":0.031668,"28":null,"29":0.015834,"30":0.015834,"31":0.047502,"32":0.007917,"33":0.015834,"34":0.039585,"35":0.07917,"36":0.261261,"37":0.031668,"38":0.07917,"39":0.411684,"40":19.119555,"41":0.071253,"42":0.015834,"43":null},"opera":{"9":null,"9.5-9.6":null,"10.0-10.1":0,"10.5":null,"10.6":null,"11":null,"11.1":null,"11.5":null,"11.6":null,"12":null,"12.1":0.229593,"15":null,"16":null,"17":null,"18":null,"19":null,"20":0.007917,"21":0.015834,"22":null,"23":0.023751,"24":0.007917,"25":0.007917,"26":0.118755,"27":0.427518,"28":null,"29":null},"safari":{"3.1":null,"3.2":null,"4":0.190008,"5":0.427518,"5.1":1.535898,"6":0.15834,"6.1":1.488396,"7":0.965874,"7.1":1.995084,"8":4.742283},"android":{"2.1":0,"2.2":0,"2.3":0.0590013702048,"3":0,"4":0.119244874519,"4.1":0.384129973386,"4.2-4.3":0.650257206362,"4.4":1.21480715916,"4.4.3-4.4.4":0.559581416363,"37":0},"ios_saf":{"3.2":0,"4.0-4.1":0,"4.2-4.3":0,"5.0-5.1":0.0586680641631,"6.0-6.1":0.180121249623,"7.0-7.1":2.27982038809,"8":0.489929798976,"8.1":7.24190349915},"op_mob":{"10":0,"11":0,"11.1":0,"11.5":0,"12":0,"12.1":0,"0":null},"ie":{"5.5":null,"6":0.0396086046512,"7":0.0396086046512,"8":1.51304869767,"9":2.043804,"10":3.12115804651,"11":19.7884588837,"0":null},"ie_mob":{"10":0.10937577193,"11":0.23223622807},"bb":{"7":0.00364525,"10":null},"and_uc":{"0":0.008332},"op_mini":{"5.0-8.0":0},"and_chr":{"0":7.077627},"and_ff":{"0":0.189553}},"total":98.9119230872}