{"id":"LK","name":"Sri Lanka","month":"2015-02","access_date":"2015-03-01","data":{"firefox":{"2":0.008378,"3":0.037701,"3.5":0.033512,"3.6":0.138237,"4":0.062835,"5":0.037701,"6":0.046079,"7":0.025134,"8":0.04189,"9":0.050268,"10":0.054457,"11":0.062835,"12":0.154993,"13":0.104725,"14":0.087969,"15":0.079591,"16":0.104725,"17":0.04189,"18":0.050268,"19":0.058646,"20":0.062835,"21":0.050268,"22":0.046079,"23":0.046079,"24":0.058646,"25":0.050268,"26":0.054457,"27":0.054457,"28":0.054457,"29":0.113103,"30":0.201072,"31":0.213639,"32":0.171749,"33":0.289041,"34":0.356065,"35":7.695193,"36":0.691185,"37":0.029323,"38":0.012567,"39":null},"chrome":{"4":0.020945,"5":0.062835,"6":0.046079,"7":0.062835,"8":0.025134,"9":0.029323,"10":0.04189,"11":0.092158,"12":0.087969,"13":0.037701,"14":0.033512,"15":0.029323,"16":0.050268,"17":0.008378,"18":0.020945,"19":0.008378,"20":0.025134,"21":0.012567,"22":0.025134,"23":0.016756,"24":0.012567,"25":0.029323,"26":0.025134,"27":0.054457,"28":0.04189,"29":0.054457,"30":0.071213,"31":0.104725,"32":0.050268,"33":0.205261,"34":0.08378,"35":0.150804,"36":0.636728,"37":0.25134,"38":0.343498,"39":1.344669,"40":19.843293,"41":0.121481,"42":0.146615,"43":null},"opera":{"9":null,"9.5-9.6":0.004189,"10.0-10.1":0,"10.5":null,"10.6":null,"11":0.004189,"11.1":null,"11.5":0.008378,"11.6":0.016756,"12":0.012567,"12.1":0.104725,"15":0.050268,"16":0.016756,"17":0.008378,"18":0.020945,"19":0.012567,"20":0.025134,"21":0.012567,"22":0.016756,"23":0.004189,"24":0.008378,"25":0.016756,"26":0.071213,"27":0.804288,"28":0.004189,"29":null},"safari":{"3.1":null,"3.2":null,"4":0.012567,"5":0.020945,"5.1":0.050268,"6":0.029323,"6.1":0.020945,"7":0.058646,"7.1":0.058646,"8":0.188505},"android":{"2.1":0,"2.2":0,"2.3":0.336770980351,"3":0,"4":0.680631876079,"4.1":2.19255632997,"4.2-4.3":3.71157069924,"4.4":6.93393723755,"4.4.3-4.4.4":3.19400687681,"37":0},"ios_saf":{"3.2":0,"4.0-4.1":0,"4.2-4.3":0,"5.0-5.1":0.0115076355056,"6.0-6.1":0.0353304598855,"7.0-7.1":0.44718267798,"8":0.0960988508886,"8.1":1.42048637574},"op_mob":{"10":0,"11":0,"11.1":0,"11.5":0,"12":0.0211459275053,"12.1":0.126875565032,"0":null},"ie":{"5.5":null,"6":0.0824733843458,"7":0.0607698621495,"8":1.02440624766,"9":0.368959877336,"10":0.646764961449,"11":1.53226866706,"0":null},"ie_mob":{"10":0.548859144737,"11":1.16538585526},"bb":{"7":0.04212975,"10":null},"and_uc":{"0":6.27588},"op_mini":{"5.0-8.0":14.7281385075},"and_chr":{"0":7.806853},"and_ff":{"0":0.191763}},"total":91.18687075}