{"id":"LR","name":"Liberia","month":"2015-02","access_date":"2015-03-01","data":{"firefox":{"2":0.005866,"3":0.061593,"3.5":0.014665,"3.6":0.11732,"4":0.067459,"5":0.032263,"6":0.032263,"7":0.038129,"8":0.002933,"9":0.023464,"10":0.108521,"11":0.032263,"12":0.108521,"13":0.014665,"14":0.041062,"15":0.026397,"16":0.073325,"17":0.079191,"18":0.041062,"19":0.049861,"20":0.070392,"21":0.061593,"22":0.049861,"23":0.014665,"24":0.064526,"25":0.011732,"26":0.032263,"27":0.023464,"28":0.011732,"29":0.08799,"30":0.164248,"31":0.152516,"32":0.134918,"33":0.187712,"34":0.222908,"35":5.552169,"36":0.800709,"37":0.014665,"38":null,"39":0.002933},"chrome":{"4":0.008799,"5":0.011732,"6":0.005866,"7":null,"8":null,"9":0.008799,"10":0.005866,"11":0.02933,"12":0.017598,"13":0.061593,"14":0.005866,"15":0.002933,"16":null,"17":null,"18":null,"19":0.008799,"20":0.020531,"21":0.011732,"22":0.005866,"23":null,"24":null,"25":0.002933,"26":0.020531,"27":null,"28":0.005866,"29":0.026397,"30":0.041062,"31":0.131985,"32":0.014665,"33":0.170114,"34":0.014665,"35":0.049861,"36":0.551404,"37":0.073325,"38":0.249305,"39":0.349027,"40":8.922186,"41":0.070392,"42":0.079191,"43":null},"opera":{"9":null,"9.5-9.6":null,"10.0-10.1":0,"10.5":null,"10.6":0.005866,"11":0.005866,"11.1":null,"11.5":0.005866,"11.6":0.011732,"12":0.008799,"12.1":0.085057,"15":null,"16":null,"17":0.002933,"18":0.002933,"19":null,"20":0.005866,"21":0.002933,"22":0.005866,"23":null,"24":0.020531,"25":null,"26":0.046928,"27":0.519141,"28":0.090923,"29":null},"safari":{"3.1":null,"3.2":null,"4":0.008799,"5":0.026397,"5.1":0.102655,"6":0.032263,"6.1":0.076258,"7":0.079191,"7.1":0.102655,"8":0.448749},"android":{"2.1":0,"2.2":0,"2.3":0.391553971307,"3":0,"4":0.791351184115,"4.1":2.54922243424,"4.2-4.3":4.31533692588,"4.4":8.06189018817,"4.4.3-4.4.4":3.71358029629,"37":0},"ios_saf":{"3.2":0,"4.0-4.1":0,"4.2-4.3":0,"5.0-5.1":0.0156532737223,"6.0-6.1":0.0480582965157,"7.0-7.1":0.60828072447,"8":0.130718566523,"8.1":1.93221813877},"op_mob":{"10":0,"11":0,"11.1":0,"11.5":0,"12":0.0443307334755,"12.1":0.265984400853,"0":null},"ie":{"5.5":null,"6":0.0234922019231,"7":0.0587305048077,"8":1.02778383413,"9":0.669527754808,"10":1.43596084255,"11":4.10526228606,"0":null},"ie_mob":{"10":0.407282368421,"11":0.864777631579},"bb":{"7":0.02296775,"10":null},"and_uc":{"0":6.353233},"op_mini":{"5.0-8.0":30.8763558657},"and_chr":{"0":5.21886},"and_ff":{"0":0.098938}},"total":95.3395961743}