{"id":"LS","name":"Lesotho","month":"2015-02","access_date":"2015-03-01","data":{"firefox":{"2":null,"3":0.019626,"3.5":null,"3.6":0.078504,"4":0.075233,"5":0.019626,"6":0.006542,"7":null,"8":0.062149,"9":0.013084,"10":0.042523,"11":0.045794,"12":0.029439,"13":0.03271,"14":0.006542,"15":0.016355,"16":0.042523,"17":0.009813,"18":0.016355,"19":0.013084,"20":0.06542,"21":0.029439,"22":0.317287,"23":0.013084,"24":0.006542,"25":0.016355,"26":0.035981,"27":0.003271,"28":0.03271,"29":0.052336,"30":0.143924,"31":0.091588,"32":0.121027,"33":0.199531,"34":0.13084,"35":4.190151,"36":0.834105,"37":0.016355,"38":null,"39":0.003271},"chrome":{"4":null,"5":0.003271,"6":null,"7":null,"8":0.013084,"9":0.013084,"10":null,"11":0.009813,"12":0.03271,"13":null,"14":null,"15":null,"16":0.013084,"17":null,"18":0.006542,"19":null,"20":0.013084,"21":null,"22":0.157008,"23":null,"24":0.013084,"25":null,"26":0.049065,"27":0.075233,"28":0.006542,"29":0.006542,"30":0.058878,"31":0.173363,"32":0.022897,"33":0.085046,"34":0.049065,"35":0.068691,"36":0.618219,"37":0.107943,"38":0.13084,"39":0.677097,"40":10.264398,"41":0.042523,"42":0.026168,"43":null},"opera":{"9":null,"9.5-9.6":null,"10.0-10.1":0,"10.5":null,"10.6":0.006542,"11":0.006542,"11.1":0.006542,"11.5":0.003271,"11.6":0.03271,"12":0.006542,"12.1":0.078504,"15":0.157008,"16":0.006542,"17":0.006542,"18":null,"19":null,"20":null,"21":0.003271,"22":0.009813,"23":null,"24":0.009813,"25":0.009813,"26":0.035981,"27":0.549528,"28":0.013084,"29":null},"safari":{"3.1":null,"3.2":null,"4":0.006542,"5":0.009813,"5.1":0.071962,"6":null,"6.1":0.026168,"7":0.016355,"7.1":0.058878,"8":0.075233},"android":{"2.1":0,"2.2":0,"2.3":0.0521027050629,"3":0,"4":0.10530230918,"4.1":0.339216032436,"4.2-4.3":0.574226654746,"4.4":1.07276727477,"4.4.3-4.4.4":0.494153023807,"37":0},"ios_saf":{"3.2":0,"4.0-4.1":0,"4.2-4.3":0,"5.0-5.1":0.00450604488402,"6.0-6.1":0.0138343483281,"7.0-7.1":0.175103323125,"8":0.0376294274526,"8.1":0.55621985621},"op_mob":{"10":0,"11":0,"11.1":0,"11.5":0,"12":0.0540998208955,"12.1":0.324598925373,"0":null},"ie":{"5.5":null,"6":0.062167273743,"7":0.183229859453,"8":2.04170414819,"9":1.06338757718,"10":2.21511812232,"11":5.56233501911,"0":null},"ie_mob":{"10":0.616175710526,"11":1.30831828947},"bb":{"7":0.215328,"10":null},"and_uc":{"0":3.83553},"op_mini":{"5.0-8.0":37.6805252537},"and_chr":{"0":3.242529},"and_ff":{"0":0.114393}},"total":82.721893}