{"id":"LT","name":"Lithuania","month":"2015-02","access_date":"2015-03-01","data":{"firefox":{"2":null,"3":0.027267,"3.5":0.018178,"3.6":0.072712,"4":null,"5":null,"6":0.018178,"7":null,"8":null,"9":0.009089,"10":0.018178,"11":0.054534,"12":0.036356,"13":0.009089,"14":0.018178,"15":0.018178,"16":0.018178,"17":0.027267,"18":0.018178,"19":0.027267,"20":0.027267,"21":0.036356,"22":0.018178,"23":0.018178,"24":0.045445,"25":0.018178,"26":0.036356,"27":0.027267,"28":0.045445,"29":0.036356,"30":0.072712,"31":0.963434,"32":0.63623,"33":0.172691,"34":0.490806,"35":19.895821,"36":1.308816,"37":0.027267,"38":0.018178,"39":null},"chrome":{"4":null,"5":null,"6":null,"7":null,"8":null,"9":null,"10":null,"11":0.054534,"12":null,"13":null,"14":null,"15":null,"16":null,"17":null,"18":0.036356,"19":null,"20":null,"21":0.018178,"22":0.045445,"23":null,"24":0.018178,"25":0.009089,"26":0.054534,"27":0.027267,"28":0.036356,"29":0.054534,"30":0.036356,"31":0.190869,"32":0.109068,"33":0.145424,"34":0.227225,"35":0.372649,"36":1.172481,"37":1.526952,"38":0.81801,"39":2.235894,"40":37.101298,"41":0.290848,"42":0.236314,"43":null},"opera":{"9":null,"9.5-9.6":null,"10.0-10.1":0,"10.5":null,"10.6":null,"11":null,"11.1":null,"11.5":0.009089,"11.6":0.018178,"12":0.036356,"12.1":0.927078,"15":0.018178,"16":0.018178,"17":0.054534,"18":0.045445,"19":0.027267,"20":0.054534,"21":0.018178,"22":0.018178,"23":0.009089,"24":0.018178,"25":0.027267,"26":0.099979,"27":4.489966,"28":0.063623,"29":0.009089},"safari":{"3.1":null,"3.2":null,"4":0.036356,"5":0.072712,"5.1":0.172691,"6":0.054534,"6.1":0.099979,"7":0.354471,"7.1":0.263581,"8":1.008879},"android":{"2.1":0,"2.2":0,"2.3":0.0418374311259,"3":0,"4":0.0845556502755,"4.1":0.27238369633,"4.2-4.3":0.461092530409,"4.4":0.861410687182,"4.4.3-4.4.4":0.396795004678,"37":0},"ios_saf":{"3.2":0,"4.0-4.1":0,"4.2-4.3":0,"5.0-5.1":0.00762819570238,"6.0-6.1":0.0234198990863,"7.0-7.1":0.296429008435,"8":0.0637021255146,"8.1":0.941613771262},"op_mob":{"10":0,"11":0,"11.1":0,"11.5":0,"12":0.000577549395878,"12.1":0.00346529637527,"0":null},"ie":{"5.5":null,"6":0.102366342258,"7":0.158202528944,"8":2.34511984081,"9":1.17255992041,"10":1.01435739146,"11":8.04971691389,"0":null},"ie_mob":{"10":0.146131592105,"11":0.310279407895},"bb":{"7":0.00614925,"10":null},"and_uc":{"0":0.140294},"op_mini":{"5.0-8.0":0.402263154229},"and_chr":{"0":4.459051},"and_ff":{"0":0.061037}},"total":98.9516931878}