{"id":"LU","name":"Luxembourg","month":"2015-02","access_date":"2015-03-01","data":{"firefox":{"2":null,"3":0.023967,"3.5":0.007989,"3.6":0.047934,"4":0.015978,"5":0.015978,"6":null,"7":null,"8":0.007989,"9":0.015978,"10":0.071901,"11":0.023967,"12":0.063912,"13":0.007989,"14":0.015978,"15":0.015978,"16":0.103857,"17":0.07989,"18":0.015978,"19":0.023967,"20":0.023967,"21":0.023967,"22":0.103857,"23":0.023967,"24":0.191736,"25":0.039945,"26":0.055923,"27":0.039945,"28":0.071901,"29":0.423417,"30":0.15978,"31":1.214328,"32":0.175758,"33":0.207714,"34":0.463362,"35":17.647701,"36":0.926724,"37":0.023967,"38":null,"39":null},"chrome":{"4":null,"5":null,"6":null,"7":null,"8":null,"9":null,"10":0.007989,"11":0.071901,"12":0.015978,"13":null,"14":null,"15":null,"16":null,"17":null,"18":0.015978,"19":null,"20":null,"21":0.023967,"22":0.055923,"23":0.039945,"24":0.007989,"25":0.007989,"26":0.023967,"27":0.023967,"28":0.031956,"29":0.031956,"30":0.031956,"31":0.295593,"32":0.111846,"33":0.111846,"34":0.095868,"35":0.15978,"36":0.407439,"37":0.31956,"38":0.311571,"39":0.910746,"40":24.534219,"41":0.183747,"42":0.103857,"43":null},"opera":{"9":null,"9.5-9.6":null,"10.0-10.1":0,"10.5":null,"10.6":null,"11":null,"11.1":null,"11.5":null,"11.6":null,"12":0.007989,"12.1":0.231681,"15":null,"16":null,"17":null,"18":0.007989,"19":0.015978,"20":null,"21":null,"22":null,"23":null,"24":null,"25":null,"26":0.015978,"27":0.591186,"28":0.015978,"29":null},"safari":{"3.1":null,"3.2":null,"4":0.07989,"5":0.23967,"5.1":1.430031,"6":0.183747,"6.1":0.926724,"7":0.711021,"7.1":1.557855,"8":4.71351},"android":{"2.1":0,"2.2":0,"2.3":0.0469519056035,"3":0,"4":0.0948922723776,"4.1":0.305681617008,"4.2-4.3":0.517459422809,"4.4":0.966715024847,"4.4.3-4.4.4":0.445301757355,"37":0},"ios_saf":{"3.2":0,"4.0-4.1":0,"4.2-4.3":0,"5.0-5.1":0.0566171516216,"6.0-6.1":0.173824588312,"7.0-7.1":2.20012264635,"8":0.472802880209,"8.1":6.98874173351},"op_mob":{"10":0,"11":0,"11.1":0,"11.5":0,"12":0.000100049751244,"12.1":0.000600298507463,"0":null},"ie":{"5.5":null,"6":0.561020763952,"7":0.0721312410796,"8":3.22186210156,"9":2.79708923742,"10":1.27431859241,"11":9.59345506359,"0":null},"ie_mob":{"10":0.111389995614,"11":0.236513004386},"bb":{"7":0.016088,"10":null},"and_uc":{"0":0.070385},"op_mini":{"5.0-8.0":0.0696846517413},"and_chr":{"0":7.120181},"and_ff":{"0":0.166913}},"total":98.624792}