{"id":"LV","name":"Latvia","month":"2015-02","access_date":"2015-03-01","data":{"firefox":{"2":null,"3":0.027288,"3.5":0.009096,"3.6":0.09096,"4":0.018192,"5":null,"6":0.009096,"7":null,"8":0.009096,"9":0.018192,"10":0.027288,"11":0.054576,"12":0.04548,"13":0.009096,"14":0.018192,"15":0.027288,"16":0.036384,"17":0.036384,"18":0.018192,"19":0.072768,"20":0.04548,"21":0.036384,"22":0.018192,"23":0.027288,"24":0.063672,"25":0.027288,"26":0.072768,"27":0.027288,"28":0.04548,"29":0.072768,"30":0.145536,"31":0.472992,"32":0.27288,"33":0.254688,"34":0.509376,"35":20.866224,"36":1.382592,"37":0.063672,"38":0.027288,"39":null},"chrome":{"4":null,"5":null,"6":null,"7":null,"8":0.009096,"9":null,"10":null,"11":0.063672,"12":null,"13":null,"14":null,"15":0.009096,"16":null,"17":0.018192,"18":0.027288,"19":null,"20":null,"21":0.018192,"22":0.072768,"23":null,"24":0.018192,"25":0.018192,"26":0.054576,"27":0.036384,"28":0.063672,"29":0.036384,"30":0.027288,"31":0.154632,"32":0.100056,"33":0.154632,"34":0.191016,"35":0.618528,"36":0.809544,"37":0.609432,"38":0.400224,"39":1.655472,"40":42.66024,"41":0.191016,"42":0.418416,"43":null},"opera":{"9":null,"9.5-9.6":null,"10.0-10.1":0,"10.5":null,"10.6":null,"11":null,"11.1":null,"11.5":null,"11.6":0.027288,"12":0.04548,"12.1":0.964176,"15":null,"16":0.009096,"17":0.009096,"18":0.018192,"19":null,"20":0.027288,"21":0.018192,"22":null,"23":0.009096,"24":null,"25":0.009096,"26":0.063672,"27":2.155752,"28":0.027288,"29":null},"safari":{"3.1":null,"3.2":null,"4":0.036384,"5":0.072768,"5.1":0.336552,"6":0.072768,"6.1":0.163728,"7":0.263784,"7.1":0.491184,"8":1.573608},"android":{"2.1":0,"2.2":0,"2.3":0.0405517163946,"3":0,"4":0.0819571531344,"4.1":0.264013016738,"4.2-4.3":0.446922600686,"4.4":0.834938497557,"4.4.3-4.4.4":0.38460101549,"37":0},"ios_saf":{"3.2":0,"4.0-4.1":0,"4.2-4.3":0,"5.0-5.1":0.0101048482779,"6.0-6.1":0.0310236569937,"7.0-7.1":0.39267085852,"8":0.0843843470228,"8.1":1.24732828919},"op_mob":{"10":0,"11":0,"11.1":0,"11.5":0,"12":0.000406061122957,"12.1":0.00243636673774,"0":null},"ie":{"5.5":null,"6":0.0462191586998,"7":0.0831944856597,"8":1.56220756405,"9":1.02606532314,"10":0.776481866157,"11":6.17487960229,"0":null},"ie_mob":{"10":0.163532807018,"11":0.347227192982},"bb":{"7":0.007006,"10":null},"and_uc":{"0":0.094016},"op_mini":{"5.0-8.0":0.282821572139},"and_chr":{"0":4.423872},"and_ff":{"0":0.0904}},"total":98.689374}