{"id":"LY","name":"Libya","month":"2015-02","access_date":"2015-03-01","data":{"firefox":{"2":0.008908,"3":0.026724,"3.5":0.013362,"3.6":0.075718,"4":0.031178,"5":0.031178,"6":0.08908,"7":0.053448,"8":0.080172,"9":0.048994,"10":0.071264,"11":0.057902,"12":0.262786,"13":0.071264,"14":0.031178,"15":0.035632,"16":0.048994,"17":0.026724,"18":0.026724,"19":0.031178,"20":0.040086,"21":0.017816,"22":0.026724,"23":0.048994,"24":0.040086,"25":0.04454,"26":0.053448,"27":0.057902,"28":0.035632,"29":0.097988,"30":0.146982,"31":0.187068,"32":0.253878,"33":0.236062,"34":0.298418,"35":6.34695,"36":0.547842,"37":0.035632,"38":null,"39":null},"chrome":{"4":0.06681,"5":0.048994,"6":0.13362,"7":0.017816,"8":0.06681,"9":0.053448,"10":0.035632,"11":0.169252,"12":0.057902,"13":0.13362,"14":0.093534,"15":0.187068,"16":0.204884,"17":0.026724,"18":0.02227,"19":0.026724,"20":0.017816,"21":0.031178,"22":0.031178,"23":0.040086,"24":0.02227,"25":0.040086,"26":0.026724,"27":0.040086,"28":0.026724,"29":0.040086,"30":0.097988,"31":0.11135,"32":0.057902,"33":0.864076,"34":0.120258,"35":0.138074,"36":0.966518,"37":0.24497,"38":0.365228,"39":1.340654,"40":20.942708,"41":0.102442,"42":0.13362,"43":null},"opera":{"9":null,"9.5-9.6":null,"10.0-10.1":0,"10.5":null,"10.6":null,"11":null,"11.1":null,"11.5":0.026724,"11.6":0.031178,"12":0.02227,"12.1":0.213792,"15":0.013362,"16":null,"17":0.008908,"18":0.02227,"19":0.004454,"20":0.013362,"21":0.017816,"22":0.008908,"23":0.004454,"24":null,"25":0.004454,"26":0.026724,"27":0.819536,"28":0.004454,"29":null},"safari":{"3.1":null,"3.2":null,"4":0.008908,"5":0.008908,"5.1":0.040086,"6":0.013362,"6.1":0.026724,"7":0.062356,"7.1":0.04454,"8":0.120258},"android":{"2.1":0,"2.2":0,"2.3":0.22895483938,"3":0,"4":0.462729780642,"4.1":1.49061650691,"4.2-4.3":2.52332333507,"4.4":4.7140596403,"4.4.3-4.4.4":2.1714558977,"37":0},"ios_saf":{"3.2":0,"4.0-4.1":0,"4.2-4.3":0,"5.0-5.1":0.0254256172306,"6.0-6.1":0.0780611055327,"7.0-7.1":0.988030564314,"8":0.212326207049,"8.1":3.13850250587},"op_mob":{"10":0,"11":0,"11.1":0,"11.5":0,"12":0.0264016403696,"12.1":0.158409842217,"0":null},"ie":{"5.5":null,"6":0.0674123852459,"7":0.0269649540984,"8":1.21342293443,"9":0.669629693443,"10":0.840407736066,"11":2.65604797869,"0":null},"ie_mob":{"10":0.0479437105263,"11":0.101798289474},"bb":{"7":0.0041595,"10":null},"and_uc":{"0":1.902278},"op_mini":{"5.0-8.0":18.3887425174},"and_chr":{"0":13.092438},"and_ff":{"0":0.22184}},"total":93.804777182}