{"id":"MA","name":"Morocco","month":"2015-02","access_date":"2015-03-01","data":{"firefox":{"2":0.022803,"3":0.235631,"3.5":0.068409,"3.6":0.296439,"4":0.053207,"5":0.045606,"6":0.022803,"7":0.030404,"8":0.030404,"9":0.030404,"10":0.068409,"11":0.068409,"12":0.159621,"13":0.068409,"14":0.07601,"15":0.068409,"16":0.106414,"17":0.068409,"18":0.060808,"19":0.068409,"20":0.098813,"21":0.068409,"22":0.060808,"23":0.083611,"24":0.091212,"25":0.098813,"26":0.121616,"27":0.114015,"28":0.106414,"29":0.182424,"30":0.296439,"31":0.623282,"32":0.60808,"33":0.577676,"34":0.729696,"35":12.807685,"36":0.83611,"37":0.030404,"38":null,"39":null},"chrome":{"4":0.068409,"5":0.083611,"6":0.182424,"7":0.07601,"8":0.060808,"9":0.022803,"10":0.068409,"11":0.121616,"12":0.159621,"13":0.07601,"14":0.068409,"15":0.015202,"16":0.038005,"17":0.045606,"18":0.015202,"19":0.022803,"20":0.007601,"21":0.038005,"22":0.106414,"23":0.060808,"24":0.060808,"25":0.07601,"26":0.114015,"27":0.121616,"28":0.106414,"29":0.167222,"30":0.30404,"31":0.646085,"32":0.136818,"33":0.638484,"34":0.212828,"35":0.45606,"36":1.200958,"37":1.086943,"38":0.942524,"39":2.835173,"40":35.223034,"41":0.372449,"42":0.136818,"43":null},"opera":{"9":null,"9.5-9.6":0.007601,"10.0-10.1":0,"10.5":null,"10.6":null,"11":null,"11.1":null,"11.5":null,"11.6":0.022803,"12":0.015202,"12.1":0.129217,"15":0.007601,"16":0.007601,"17":0.007601,"18":0.015202,"19":0.015202,"20":0.030404,"21":0.015202,"22":0.015202,"23":null,"24":0.015202,"25":0.030404,"26":0.114015,"27":1.67222,"28":0.015202,"29":null},"safari":{"3.1":null,"3.2":null,"4":0.098813,"5":0.083611,"5.1":0.159621,"6":0.07601,"6.1":0.091212,"7":0.235631,"7.1":0.121616,"8":0.387651},"android":{"2.1":0,"2.2":0,"2.3":0.16642111654,"3":0,"4":0.336345835534,"4.1":1.08348905874,"4.2-4.3":1.8341358844,"4.4":3.4265231995,"4.4.3-4.4.4":1.57837290529,"37":0},"ios_saf":{"3.2":0,"4.0-4.1":0,"4.2-4.3":0,"5.0-5.1":0.0165453675068,"6.0-6.1":0.0507971809419,"7.0-7.1":0.642947175921,"8":0.138168332162,"8.1":2.04233694347},"op_mob":{"10":0,"11":0,"11.1":0,"11.5":0,"12":0.00349193461265,"12.1":0.0209516076759,"0":null},"ie":{"5.5":null,"6":0.149757274566,"7":0.229040537572,"8":2.23754986705,"9":0.55498284104,"10":0.581410595376,"11":2.3256423815,"0":null},"ie_mob":{"10":0.212763942982,"11":0.451759057018},"bb":{"7":0.0443815,"10":null},"and_uc":{"0":0.448613},"op_mini":{"5.0-8.0":2.43213245771},"and_chr":{"0":7.469878},"and_ff":{"0":0.122349}},"total":97.3518319971}