{"id":"MC","name":"Monaco","month":"2015-02","access_date":"2015-03-01","data":{"firefox":{"2":null,"3":0.026124,"3.5":0.078372,"3.6":0.034832,"4":0.034832,"5":null,"6":null,"7":0.026124,"8":null,"9":null,"10":null,"11":null,"12":null,"13":null,"14":null,"15":null,"16":0.487648,"17":null,"18":0.017416,"19":0.182868,"20":0.008708,"21":0.017416,"22":null,"23":null,"24":0.017416,"25":0.008708,"26":0.165452,"27":0.200284,"28":0.026124,"29":0.008708,"30":0.017416,"31":0.139328,"32":0.052248,"33":0.095788,"34":0.34832,"35":14.67298,"36":0.574728,"37":0.008708,"38":null,"39":null},"chrome":{"4":null,"5":null,"6":null,"7":null,"8":null,"9":null,"10":null,"11":0.060956,"12":null,"13":null,"14":null,"15":null,"16":null,"17":null,"18":0.052248,"19":null,"20":null,"21":0.165452,"22":null,"23":0.069664,"24":null,"25":0.026124,"26":0.08708,"27":0.017416,"28":0.008708,"29":null,"30":0.008708,"31":0.095788,"32":0.060956,"33":0.069664,"34":0.113204,"35":0.095788,"36":0.2177,"37":0.17416,"38":0.287364,"39":0.862092,"40":28.422912,"41":0.139328,"42":0.095788,"43":null},"opera":{"9":null,"9.5-9.6":null,"10.0-10.1":0,"10.5":null,"10.6":null,"11":null,"11.1":null,"11.5":null,"11.6":0.008708,"12":null,"12.1":0.113204,"15":null,"16":null,"17":null,"18":null,"19":null,"20":null,"21":null,"22":null,"23":null,"24":null,"25":null,"26":null,"27":0.26124,"28":null,"29":null},"safari":{"3.1":null,"3.2":null,"4":0.13062,"5":0.383152,"5.1":1.811264,"6":0.731472,"6.1":1.532608,"7":1.602272,"7.1":3.970848,"8":8.333556},"android":{"2.1":0,"2.2":0,"2.3":0.0147252271546,"3":0,"4":0.0297604590914,"4.1":0.0958689788959,"4.2-4.3":0.162287503483,"4.4":0.303184676993,"4.4.3-4.4.4":0.139657154382,"37":0},"ios_saf":{"3.2":0,"4.0-4.1":0,"4.2-4.3":0,"5.0-5.1":0.0473409868461,"6.0-6.1":0.145345135054,"7.0-7.1":1.83965413797,"8":0.395338767346,"8.1":5.84370497279},"op_mob":{"10":0,"11":0,"11.1":0,"11.5":0,"12":2.38749111585e-5,"12.1":0.000143249466951,"0":null},"ie":{"5.5":null,"6":null,"7":0.026124,"8":1.950592,"9":2.35116,"10":1.26266,"11":12.49598,"0":null},"ie_mob":{"10":0.127823,"11":0.271405},"bb":{"7":0.036822,"10":null},"and_uc":{"0":0.002584},"op_mini":{"5.0-8.0":0.0166288756219},"and_chr":{"0":3.093564},"and_ff":{"0":0.313956}},"total":98.226926}