{"id":"MD","name":"Moldova","month":"2015-02","access_date":"2015-03-01","data":{"firefox":{"2":null,"3":0.027192,"3.5":0.018128,"3.6":0.099704,"4":0.018128,"5":null,"6":null,"7":null,"8":null,"9":0.018128,"10":0.009064,"11":0.027192,"12":0.036256,"13":0.009064,"14":0.018128,"15":0.018128,"16":0.036256,"17":0.027192,"18":0.009064,"19":0.009064,"20":0.04532,"21":0.018128,"22":0.081576,"23":0.018128,"24":0.027192,"25":0.018128,"26":0.04532,"27":0.027192,"28":0.027192,"29":0.036256,"30":0.072512,"31":0.217536,"32":0.154088,"33":0.172216,"34":0.190344,"35":8.828336,"36":0.616352,"37":0.018128,"38":null,"39":null},"chrome":{"4":0.027192,"5":0.063448,"6":0.027192,"7":0.018128,"8":0.072512,"9":0.027192,"10":0.036256,"11":0.054384,"12":0.117832,"13":0.054384,"14":0.027192,"15":0.054384,"16":0.09064,"17":0.09064,"18":0.108768,"19":null,"20":0.036256,"21":0.027192,"22":0.036256,"23":0.018128,"24":0.04532,"25":0.027192,"26":0.072512,"27":0.108768,"28":0.308176,"29":0.036256,"30":0.054384,"31":0.13596,"32":0.117832,"33":0.145024,"34":0.163152,"35":0.335368,"36":0.552904,"37":0.344432,"38":0.380688,"39":2.075656,"40":57.87364,"41":0.13596,"42":0.86108,"43":null},"opera":{"9":null,"9.5-9.6":null,"10.0-10.1":0,"10.5":null,"10.6":null,"11":null,"11.1":0.009064,"11.5":0.018128,"11.6":0.036256,"12":0.04532,"12.1":0.933592,"15":0.009064,"16":0.018128,"17":null,"18":0.027192,"19":0.027192,"20":0.036256,"21":0.009064,"22":0.027192,"23":0.009064,"24":0.018128,"25":0.04532,"26":0.09064,"27":3.589344,"28":0.036256,"29":null},"safari":{"3.1":null,"3.2":null,"4":0.018128,"5":0.018128,"5.1":0.04532,"6":0.018128,"6.1":0.036256,"7":0.072512,"7.1":0.117832,"8":0.489456},"android":{"2.1":0,"2.2":0,"2.3":0.0472378833559,"3":0,"4":0.0954702484666,"4.1":0.307543482691,"4.2-4.3":0.520611198669,"4.4":0.972603156253,"4.4.3-4.4.4":0.448014030565,"37":0},"ios_saf":{"3.2":0,"4.0-4.1":0,"4.2-4.3":0,"5.0-5.1":0.0086732491214,"6.0-6.1":0.0266283964253,"7.0-7.1":0.337039417612,"8":0.0724292382769,"8.1":1.07061369856},"op_mob":{"10":0,"11":0,"11.1":0,"11.5":0,"12":0.00106173134328,"12.1":0.0063703880597,"0":null},"ie":{"5.5":null,"6":0.0458584554455,"7":0.10088860198,"8":1.07308785743,"9":0.41272609901,"10":0.431069481188,"11":2.56807350495,"0":null},"ie_mob":{"10":0.147744315789,"11":0.313703684211},"bb":{"7":0.010296,"10":null},"and_uc":{"0":0.174096},"op_mini":{"5.0-8.0":0.739495880597},"and_chr":{"0":4.129512},"and_ff":{"0":0.04212}},"total":95.66084}