{"id":"ME","name":"Montenegro","month":"2015-02","access_date":"2015-03-01","data":{"firefox":{"2":0.014778,"3":0.044334,"3.5":0.051723,"3.6":0.059112,"4":0.022167,"5":null,"6":0.022167,"7":null,"8":0.029556,"9":0.007389,"10":0.029556,"11":0.022167,"12":0.036945,"13":0.029556,"14":0.036945,"15":0.022167,"16":0.022167,"17":0.014778,"18":0.029556,"19":0.014778,"20":0.044334,"21":0.051723,"22":0.014778,"23":0.029556,"24":0.022167,"25":0.014778,"26":0.07389,"27":0.014778,"28":0.036945,"29":0.029556,"30":0.059112,"31":0.251226,"32":0.088668,"33":0.118224,"34":0.162558,"35":13.536648,"36":1.233963,"37":0.036945,"38":0.007389,"39":null},"chrome":{"4":0.007389,"5":null,"6":0.044334,"7":0.007389,"8":0.051723,"9":0.014778,"10":0.206892,"11":0.118224,"12":0.029556,"13":null,"14":0.036945,"15":0.014778,"16":0.051723,"17":null,"18":0.214281,"19":null,"20":null,"21":null,"22":0.118224,"23":null,"24":0.029556,"25":0.022167,"26":0.103446,"27":0.07389,"28":0.051723,"29":0.029556,"30":0.036945,"31":0.199503,"32":0.133002,"33":0.325116,"34":0.162558,"35":0.206892,"36":0.598509,"37":0.472896,"38":0.628065,"39":2.135421,"40":40.033602,"41":0.162558,"42":0.273393,"43":null},"opera":{"9":null,"9.5-9.6":null,"10.0-10.1":0,"10.5":null,"10.6":null,"11":null,"11.1":null,"11.5":0.007389,"11.6":null,"12":0.029556,"12.1":0.923625,"15":0.014778,"16":0.014778,"17":0.014778,"18":0.014778,"19":0.007389,"20":0.036945,"21":0.029556,"22":null,"23":null,"24":0.140391,"25":0.014778,"26":0.066501,"27":2.128032,"28":0.036945,"29":null},"safari":{"3.1":null,"3.2":null,"4":0.007389,"5":0.044334,"5.1":0.110835,"6":0.014778,"6.1":0.022167,"7":0.044334,"7.1":0.110835,"8":0.354672},"android":{"2.1":0,"2.2":0,"2.3":0.204026618152,"3":0,"4":0.412348533527,"4.1":1.3283206666,"4.2-4.3":2.24858809689,"4.4":4.20080068531,"4.4.3-4.4.4":1.93503139952,"37":0},"ios_saf":{"3.2":0,"4.0-4.1":0,"4.2-4.3":0,"5.0-5.1":0.0161095999598,"6.0-6.1":0.0494592981223,"7.0-7.1":0.626013401948,"8":0.134529290893,"8.1":1.98854640908},"op_mob":{"10":0,"11":0,"11.1":0,"11.5":0,"12":0.002238,"12.1":0.013428,"0":null},"ie":{"5.5":null,"6":0.0888017375566,"7":0.059201158371,"8":1.31722577376,"9":0.636412452489,"10":0.399607819005,"11":2.40504705882,"0":null},"ie_mob":{"10":0.180571263158,"11":0.383404736842},"bb":{"7":0.01370775,"10":null},"and_uc":{"0":0.099218},"op_mini":{"5.0-8.0":1.558767},"and_chr":{"0":9.531012},"and_ff":{"0":0.07833}},"total":97.03242275}