{"id":"MG","name":"Madagascar","month":"2015-02","access_date":"2015-03-01","data":{"firefox":{"2":0.032635,"3":0.293715,"3.5":0.019581,"3.6":0.646173,"4":0.117486,"5":0.026108,"6":0.052216,"7":0.032635,"8":0.032635,"9":0.071797,"10":0.06527,"11":0.039162,"12":0.182756,"13":0.150121,"14":0.124013,"15":0.084851,"16":0.215391,"17":0.104432,"18":0.110959,"19":0.117486,"20":0.215391,"21":0.802821,"22":0.182756,"23":0.104432,"24":0.137067,"25":0.117486,"26":0.19581,"27":0.365512,"28":0.535214,"29":0.574376,"30":0.691862,"31":0.815875,"32":0.744078,"33":1.416359,"34":1.3054,"35":20.644901,"36":1.605642,"37":0.06527,"38":0.026108,"39":null},"chrome":{"4":0.006527,"5":0.045689,"6":0.013054,"7":0.032635,"8":null,"9":null,"10":0.019581,"11":0.026108,"12":0.019581,"13":0.006527,"14":0.006527,"15":0.013054,"16":0.026108,"17":null,"18":0.013054,"19":null,"20":0.013054,"21":0.019581,"22":0.006527,"23":0.032635,"24":0.006527,"25":0.026108,"26":0.019581,"27":0.013054,"28":0.013054,"29":0.13054,"30":0.026108,"31":0.254553,"32":0.078324,"33":0.176229,"34":0.659227,"35":0.137067,"36":0.626592,"37":0.358985,"38":0.221918,"39":1.514264,"40":17.068105,"41":0.287188,"42":0.104432,"43":null},"opera":{"9":null,"9.5-9.6":0.006527,"10.0-10.1":0.013054,"10.5":null,"10.6":null,"11":0.006527,"11.1":null,"11.5":0.013054,"11.6":0.039162,"12":0.013054,"12.1":0.274134,"15":0.019581,"16":null,"17":null,"18":null,"19":0.026108,"20":0.078324,"21":0.013054,"22":0.019581,"23":0.019581,"24":0.032635,"25":0.019581,"26":0.104432,"27":1.338035,"28":null,"29":null},"safari":{"3.1":null,"3.2":null,"4":0.052216,"5":0.071797,"5.1":0.163175,"6":0.058743,"6.1":0.078324,"7":0.228445,"7.1":0.228445,"8":0.404674},"android":{"2.1":0,"2.2":0,"2.3":0.0869856700281,"3":0,"4":0.17580261732,"4.1":0.566322493814,"4.2-4.3":0.958673647573,"4.4":1.79098916395,"4.4.3-4.4.4":0.824990407319,"37":0},"ios_saf":{"3.2":0,"4.0-4.1":0,"4.2-4.3":0,"5.0-5.1":0.00620181062356,"6.0-6.1":0.0190406466513,"7.0-7.1":0.241000184758,"8":0.0517905588915,"8.1":0.765542799076},"op_mob":{"10":0,"11":0,"11.1":0,"11.5":0,"12":0.0230545984364,"12.1":0.138327590618,"0":null},"ie":{"5.5":null,"6":0.110127374517,"7":0.0807600746461,"8":1.88684901673,"9":0.792917096525,"10":1.0278554955,"11":1.73267069241,"0":null},"ie_mob":{"10":0.115644807018,"11":0.245547192982},"bb":{"7":0.05122675,"10":null},"and_uc":{"0":7.852453},"op_mini":{"5.0-8.0":16.0575278109},"and_chr":{"0":2.148958},"and_ff":{"0":0.152812}},"total":96.3141945003}