{"id":"MH","name":"Marshall Islands","month":"2015-02","access_date":"2015-03-01","data":{"firefox":{"2":null,"3":0.008848,"3.5":0.017696,"3.6":0.035392,"4":0.017696,"5":null,"6":0.017696,"7":null,"8":0.070784,"9":null,"10":0.008848,"11":0.194656,"12":0.194656,"13":null,"14":0.017696,"15":0.04424,"16":0.008848,"17":null,"18":null,"19":null,"20":null,"21":null,"22":null,"23":0.035392,"24":null,"25":0.168112,"26":0.079632,"27":null,"28":null,"29":0.185808,"30":0.017696,"31":0.318528,"32":0.097328,"33":0.026544,"34":0.291984,"35":15.802528,"36":2.946384,"37":0.04424,"38":null,"39":0.017696},"chrome":{"4":null,"5":null,"6":null,"7":null,"8":null,"9":null,"10":null,"11":0.097328,"12":null,"13":null,"14":null,"15":null,"16":null,"17":null,"18":0.017696,"19":null,"20":0.017696,"21":null,"22":0.123872,"23":null,"24":0.008848,"25":null,"26":null,"27":0.008848,"28":0.026544,"29":0.008848,"30":null,"31":0.291984,"32":0.247744,"33":0.017696,"34":0.04424,"35":0.238896,"36":2.663248,"37":0.53088,"38":0.583968,"39":2.043888,"40":40.267248,"41":0.291984,"42":0.212352,"43":null},"opera":{"9":null,"9.5-9.6":null,"10.0-10.1":0,"10.5":null,"10.6":null,"11":null,"11.1":null,"11.5":null,"11.6":null,"12":null,"12.1":null,"15":null,"16":null,"17":null,"18":null,"19":null,"20":null,"21":null,"22":null,"23":null,"24":null,"25":null,"26":null,"27":0.061936,"28":null,"29":null},"safari":{"3.1":null,"3.2":null,"4":0.008848,"5":0.230048,"5.1":1.088304,"6":0.115024,"6.1":0.185808,"7":0.238896,"7.1":0.336224,"8":1.521856},"android":{"2.1":0,"2.2":0,"2.3":0.0641462438923,"3":0,"4":0.129642935024,"4.1":0.41762580892,"4.2-4.3":0.706959130055,"4.4":1.32073740056,"4.4.3-4.4.4":0.608376481547,"37":0},"ios_saf":{"3.2":0,"4.0-4.1":0,"4.2-4.3":0,"5.0-5.1":0.0263935126017,"6.0-6.1":0.0810327141279,"7.0-7.1":1.02564263882,"8":0.220408982428,"8.1":3.25797815202},"op_mob":{"10":0,"11":0,"11.1":0,"11.5":0,"12":5.73134328358e-5,"12.1":0.000343880597015,"0":null},"ie":{"5.5":null,"6":null,"7":null,"8":0.292496252632,"9":0.265905684211,"10":2.49951343158,"11":12.0278004491,"0":null},"ie_mob":{"10":0.113234526316,"11":0.240429473684},"bb":{"7":0.00288,"10":null},"and_uc":{"0":0.081792},"op_mini":{"5.0-8.0":0.0399188059701},"and_chr":{"0":3.272256},"and_ff":{"0":0.029952}},"total":98.9252038175}