{"id":"MK","name":"Macedonia","month":"2015-02","access_date":"2015-03-01","data":{"firefox":{"2":0.074646,"3":0.033176,"3.5":0.016588,"3.6":0.530816,"4":0.016588,"5":0.033176,"6":null,"7":0.024882,"8":0.008294,"9":0.008294,"10":0.049764,"11":0.024882,"12":0.033176,"13":0.033176,"14":0.016588,"15":0.008294,"16":0.033176,"17":0.099528,"18":0.033176,"19":0.016588,"20":0.058058,"21":0.016588,"22":0.04147,"23":0.024882,"24":0.04147,"25":0.016588,"26":0.066352,"27":0.016588,"28":0.04147,"29":0.08294,"30":0.058058,"31":0.24882,"32":0.190762,"33":0.356642,"34":0.340054,"35":14.315444,"36":1.459744,"37":0.033176,"38":0.008294,"39":null},"chrome":{"4":0.016588,"5":null,"6":null,"7":null,"8":null,"9":0.008294,"10":0.024882,"11":0.066352,"12":0.016588,"13":0.033176,"14":0.033176,"15":0.016588,"16":0.008294,"17":null,"18":0.033176,"19":0.008294,"20":null,"21":0.008294,"22":0.132704,"23":0.074646,"24":0.033176,"25":0.008294,"26":0.08294,"27":0.04147,"28":0.024882,"29":0.033176,"30":0.174174,"31":0.257114,"32":0.091234,"33":0.306878,"34":0.257114,"35":0.356642,"36":0.763048,"37":0.613756,"38":0.887458,"39":3.126838,"40":47.914438,"41":0.4147,"42":0.381524,"43":null},"opera":{"9":null,"9.5-9.6":null,"10.0-10.1":0,"10.5":null,"10.6":null,"11":null,"11.1":null,"11.5":null,"11.6":0.024882,"12":0.016588,"12.1":0.398112,"15":0.008294,"16":null,"17":null,"18":0.008294,"19":0.049764,"20":0.016588,"21":0.016588,"22":0.008294,"23":null,"24":null,"25":0.016588,"26":0.049764,"27":2.040324,"28":0.016588,"29":null},"safari":{"3.1":null,"3.2":null,"4":0.016588,"5":0.024882,"5.1":0.08294,"6":null,"6.1":0.024882,"7":0.058058,"7.1":0.058058,"8":0.281996},"android":{"2.1":0,"2.2":0,"2.3":0.10031861732,"3":0,"4":0.202749205531,"4.1":0.653126998025,"4.2-4.3":1.10561676141,"4.4":2.06550753134,"4.4.3-4.4.4":0.951442886371,"37":0},"ios_saf":{"3.2":0,"4.0-4.1":0,"4.2-4.3":0,"5.0-5.1":0.0150564478361,"6.0-6.1":0.046225936339,"7.0-7.1":0.585088279948,"8":0.125734546842,"8.1":1.85854678904},"op_mob":{"10":0,"11":0,"11.1":0,"11.5":0,"12":0.000877856432125,"12.1":0.00526713859275,"0":null},"ie":{"5.5":null,"6":0.0677185171625,"7":0.0507888878719,"8":0.761833318078,"9":0.304733327231,"10":0.330127771167,"11":2.18392217849,"0":null},"ie_mob":{"10":0.0961345964912,"11":0.204121403509},"bb":{"7":0.00853,"10":null},"and_uc":{"0":0.075064},"op_mini":{"5.0-8.0":0.611427004975},"and_chr":{"0":8.715894},"and_ff":{"0":0.088712}},"total":99.194754}