{"id":"ML","name":"Mali","month":"2015-02","access_date":"2015-03-01","data":{"firefox":{"2":0.01151,"3":0.094382,"3.5":0.029926,"3.6":0.050644,"4":0.032228,"5":0.01151,"6":0.009208,"7":0.020718,"8":0.02302,"9":0.01151,"10":0.020718,"11":0.043738,"12":0.048342,"13":0.04604,"14":0.048342,"15":0.025322,"16":0.064456,"17":0.052946,"18":0.025322,"19":0.036832,"20":0.027624,"21":0.041436,"22":0.09208,"23":0.02302,"24":0.032228,"25":0.027624,"26":0.043738,"27":0.043738,"28":0.04604,"29":0.066758,"30":0.151932,"31":0.117402,"32":0.117402,"33":0.227898,"34":0.324582,"35":6.873772,"36":0.423568,"37":0.055248,"38":0.002302,"39":null},"chrome":{"4":0.01151,"5":0.006906,"6":0.01151,"7":0.006906,"8":0.006906,"9":0.01151,"10":0.01151,"11":0.052946,"12":0.004604,"13":0.016114,"14":0.006906,"15":0.018416,"16":0.002302,"17":null,"18":0.006906,"19":null,"20":0.004604,"21":null,"22":null,"23":0.01151,"24":0.002302,"25":0.013812,"26":0.009208,"27":0.01151,"28":0.006906,"29":0.006906,"30":0.018416,"31":0.154234,"32":0.009208,"33":0.064456,"34":0.018416,"35":0.036832,"36":0.19567,"37":0.032228,"38":0.048342,"39":0.260126,"40":5.978294,"41":0.029926,"42":0.02302,"43":null},"opera":{"9":null,"9.5-9.6":null,"10.0-10.1":0.016114,"10.5":null,"10.6":null,"11":null,"11.1":0.004604,"11.5":null,"11.6":0.004604,"12":0.004604,"12.1":0.03453,"15":null,"16":null,"17":0.004604,"18":0.002302,"19":0.002302,"20":0.004604,"21":null,"22":null,"23":0.002302,"24":null,"25":null,"26":0.018416,"27":0.29926,"28":null,"29":null},"safari":{"3.1":null,"3.2":null,"4":0.002302,"5":0.027624,"5.1":0.110496,"6":0.085174,"6.1":0.02302,"7":0.066758,"7.1":0.055248,"8":0.154234},"android":{"2.1":0,"2.2":0,"2.3":0.331632625013,"3":0,"4":0.6702469895,"4.1":2.15910293232,"4.2-4.3":3.65494061462,"4.4":6.82814120553,"4.4.3-4.4.4":3.14527363302,"37":0},"ios_saf":{"3.2":0,"4.0-4.1":0,"4.2-4.3":0,"5.0-5.1":0.0105301590521,"6.0-6.1":0.0323294356863,"7.0-7.1":0.409198285972,"8":0.0879360650668,"8.1":1.29982805422},"op_mob":{"10":0,"11":0,"11.1":0,"11.5":0,"12":0.0180002985075,"12.1":0.108001791045,"0":null},"ie":{"5.5":null,"6":0.0253791860885,"7":0.0369151797651,"8":0.602178869919,"9":0.382994990063,"10":0.911343500452,"11":2.97628636856,"0":null},"ie_mob":{"10":0.224288657895,"11":0.476229342105},"bb":{"7":0.0789045,"10":null},"and_uc":{"0":25.349514},"op_mini":{"5.0-8.0":12.5372079104},"and_chr":{"0":4.859866},"and_ff":{"0":0.138564}},"total":84.8339205949}