{"id":"MM","name":"Myanmar","month":"2015-02","access_date":"2015-03-01","data":{"firefox":{"2":0.037785,"3":0.055418,"3.5":0.020152,"3.6":0.090684,"4":0.093203,"5":0.057937,"6":0.060456,"7":0.065494,"8":0.040304,"9":0.088165,"10":0.073051,"11":0.103279,"12":0.239305,"13":0.115874,"14":0.143583,"15":0.118393,"16":0.093203,"17":0.110836,"18":0.123431,"19":0.166254,"20":0.083127,"21":0.120912,"22":0.113355,"23":0.193963,"24":0.161216,"25":0.153659,"26":0.204039,"27":0.186406,"28":0.148621,"29":0.549142,"30":0.632269,"31":0.375331,"32":0.360217,"33":0.569294,"34":0.801042,"35":8.317738,"36":2.49381,"37":0.068013,"38":0.027709,"39":0.005038},"chrome":{"4":null,"5":0.002519,"6":0.005038,"7":null,"8":null,"9":null,"10":0.005038,"11":0.085646,"12":0.007557,"13":0.005038,"14":0.007557,"15":0.005038,"16":null,"17":0.002519,"18":0.035266,"19":0.017633,"20":0.005038,"21":0.007557,"22":0.012595,"23":0.002519,"24":0.007557,"25":0.017633,"26":0.007557,"27":0.022671,"28":0.012595,"29":0.017633,"30":0.02519,"31":0.093203,"32":0.017633,"33":0.078089,"34":0.027709,"35":0.052899,"36":0.108317,"37":0.05038,"38":0.083127,"39":0.259457,"40":3.655069,"41":0.07557,"42":0.10076,"43":null},"opera":{"9":null,"9.5-9.6":null,"10.0-10.1":0,"10.5":null,"10.6":null,"11":null,"11.1":0.002519,"11.5":0.012595,"11.6":null,"12":0.007557,"12.1":0.017633,"15":null,"16":null,"17":null,"18":0.002519,"19":0.005038,"20":0.012595,"21":null,"22":null,"23":null,"24":null,"25":0.005038,"26":0.005038,"27":0.138545,"28":null,"29":null},"safari":{"3.1":null,"3.2":null,"4":0.005038,"5":0.037785,"5.1":0.040304,"6":0.020152,"6.1":0.020152,"7":0.120912,"7.1":0.078089,"8":0.216634},"android":{"2.1":0,"2.2":0,"2.3":1.02669900405,"3":0,"4":2.07501272398,"4.1":6.68435088429,"4.2-4.3":11.3153037605,"4.4":21.1391921256,"4.4.3-4.4.4":9.73742950161,"37":0},"ios_saf":{"3.2":0,"4.0-4.1":0,"4.2-4.3":0,"5.0-5.1":0.0146863169997,"6.0-6.1":0.0450895697359,"7.0-7.1":0.570705125515,"8":0.122643629682,"8.1":1.81285835807},"op_mob":{"10":0,"11":0,"11.1":0,"11.5":0,"12":0.00211616062544,"12.1":0.0126969637527,"0":null},"ie":{"5.5":null,"6":0.00781878983834,"7":0.0130313163972,"8":0.278870170901,"9":0.218926115473,"10":0.200682272517,"11":0.403970808314,"0":null},"ie_mob":{"10":0.0191618596491,"11":0.0406861403509},"bb":{"7":0,"10":null},"and_uc":{"0":5.019751},"op_mini":{"5.0-8.0":1.47390587562},"and_chr":{"0":11.720273},"and_ff":{"0":1.339099}},"total":98.4244184734}