{"id":"MN","name":"Mongolia","month":"2015-02","access_date":"2015-03-01","data":{"firefox":{"2":null,"3":0.06999,"3.5":0.083988,"3.6":0.104985,"4":0.041994,"5":0.020997,"6":0.006999,"7":0.027996,"8":0.034995,"9":0.027996,"10":0.041994,"11":0.125982,"12":0.48993,"13":0.048993,"14":0.076989,"15":0.083988,"16":0.118983,"17":0.048993,"18":0.062991,"19":0.132981,"20":0.06999,"21":0.041994,"22":0.027996,"23":0.048993,"24":0.125982,"25":0.083988,"26":0.041994,"27":0.062991,"28":0.055992,"29":0.27996,"30":0.20997,"31":0.167976,"32":0.27996,"33":0.272961,"34":0.363948,"35":17.126553,"36":1.840737,"37":0.097986,"38":0.020997,"39":null},"chrome":{"4":0.034995,"5":null,"6":0.013998,"7":null,"8":null,"9":0.013998,"10":0.055992,"11":0.055992,"12":0.097986,"13":0.048993,"14":null,"15":null,"16":0.020997,"17":null,"18":0.020997,"19":null,"20":0.027996,"21":0.013998,"22":0.090987,"23":0.020997,"24":0.013998,"25":0.097986,"26":0.027996,"27":0.020997,"28":0.020997,"29":0.076989,"30":0.27996,"31":0.146979,"32":0.055992,"33":0.342951,"34":0.13998,"35":0.328953,"36":2.001714,"37":0.335952,"38":0.790887,"39":2.757606,"40":30.858591,"41":0.202971,"42":0.384945,"43":null},"opera":{"9":null,"9.5-9.6":null,"10.0-10.1":0,"10.5":null,"10.6":null,"11":null,"11.1":null,"11.5":0.006999,"11.6":0.027996,"12":null,"12.1":0.076989,"15":null,"16":null,"17":null,"18":0.006999,"19":0.034995,"20":0.013998,"21":null,"22":null,"23":null,"24":null,"25":null,"26":0.048993,"27":1.32981,"28":0.006999,"29":null},"safari":{"3.1":null,"3.2":null,"4":0.027996,"5":0.083988,"5.1":0.153978,"6":0.041994,"6.1":0.202971,"7":0.132981,"7.1":0.286959,"8":0.706899},"android":{"2.1":0,"2.2":0,"2.3":0.258805441314,"3":0,"4":0.523059418235,"4.1":1.68495963634,"4.2-4.3":2.85230839006,"4.4":5.32866782327,"4.4.3-4.4.4":2.45456529078,"37":0},"ios_saf":{"3.2":0,"4.0-4.1":0,"4.2-4.3":0,"5.0-5.1":0.0408104661111,"6.0-6.1":0.125295290692,"7.0-7.1":1.58588039361,"8":0.340803190682,"8.1":5.0375866589},"op_mob":{"10":0,"11":0,"11.1":0,"11.5":0,"12":0.000588682302772,"12.1":0.00353209381663,"0":null},"ie":{"5.5":null,"6":0.0306534569536,"7":0.0229900927152,"8":1.12651454305,"9":0.229900927152,"10":0.321861298013,"11":1.73958368212,"0":null},"ie_mob":{"10":0.0307470877193,"11":0.0652849122807},"bb":{"7":0.02025675,"10":null},"and_uc":{"0":0.336112},"op_mini":{"5.0-8.0":0.410017223881},"and_chr":{"0":8.180486},"and_ff":{"0":0.858286}},"total":99.07820275}