{"id":"MO","name":"Macao","month":"2015-02","access_date":"2015-03-01","data":{"firefox":{"2":null,"3":0.012482,"3.5":0.006241,"3.6":0.037446,"4":0.012482,"5":0.018723,"6":null,"7":null,"8":null,"9":0.024964,"10":0.012482,"11":0.018723,"12":0.018723,"13":0.012482,"14":0.018723,"15":0.012482,"16":0.037446,"17":null,"18":null,"19":0.012482,"20":0.006241,"21":0.018723,"22":0.012482,"23":0.006241,"24":0.012482,"25":0.012482,"26":0.031205,"27":0.024964,"28":0.012482,"29":0.018723,"30":0.043687,"31":0.156025,"32":0.112338,"33":0.099856,"34":0.280845,"35":6.297169,"36":0.430629,"37":0.006241,"38":0.006241,"39":null},"chrome":{"4":null,"5":null,"6":null,"7":null,"8":null,"9":null,"10":null,"11":0.056169,"12":0.031205,"13":null,"14":null,"15":0.006241,"16":0.006241,"17":0.031205,"18":0.087374,"19":0.006241,"20":0.049928,"21":0.068651,"22":0.18723,"23":0.012482,"24":0.024964,"25":0.031205,"26":0.068651,"27":0.12482,"28":0.093615,"29":0.06241,"30":0.349496,"31":2.527605,"32":0.112338,"33":0.324532,"34":0.330773,"35":0.386942,"36":0.542967,"37":0.480557,"38":1.216995,"39":3.170428,"40":24.489684,"41":0.156025,"42":0.156025,"43":0.012482},"opera":{"9":null,"9.5-9.6":null,"10.0-10.1":0.018723,"10.5":null,"10.6":null,"11":0.012482,"11.1":null,"11.5":null,"11.6":null,"12":0.143543,"12.1":0.06241,"15":null,"16":0.006241,"17":null,"18":null,"19":null,"20":null,"21":null,"22":null,"23":null,"24":null,"25":0.006241,"26":0.024964,"27":0.205953,"28":0.012482,"29":null},"safari":{"3.1":null,"3.2":null,"4":0.018723,"5":0.12482,"5.1":0.418147,"6":0.112338,"6.1":0.230917,"7":0.461834,"7.1":0.480557,"8":1.354297},"android":{"2.1":0,"2.2":0,"2.3":0.147014845618,"3":0,"4":0.297124740618,"4.1":0.957144021208,"4.2-4.3":1.62025835118,"4.4":3.02695829504,"4.4.3-4.4.4":1.39431974634,"37":0},"ios_saf":{"3.2":0,"4.0-4.1":0,"4.2-4.3":0,"5.0-5.1":0.0914796943468,"6.0-6.1":0.280858710714,"7.0-7.1":3.55486882418,"8":0.763935693142,"8.1":11.2921250776},"op_mob":{"10":0,"11":0,"11.1":0,"11.5":0,"12":0.000224417910448,"12.1":0.00134650746269,"0":null},"ie":{"5.5":null,"6":0.0962625298277,"7":0.673837708794,"8":3.77349116924,"9":1.81615306275,"10":1.22574287981,"11":6.93090214759,"0":null},"ie_mob":{"10":0.0409203421053,"11":0.0868856578947},"bb":{"7":0.018795,"10":null},"and_uc":{"0":0.905919},"op_mini":{"5.0-8.0":0.156307074627},"and_chr":{"0":12.309933},"and_ff":{"0":0.248094}},"total":98.455992498}