{"id":"MP","name":"Northern Mariana Islands","month":"2015-02","access_date":"2015-03-01","data":{"firefox":{"2":null,"3":null,"3.5":null,"3.6":0.032544,"4":null,"5":null,"6":null,"7":null,"8":null,"9":null,"10":null,"11":0.024408,"12":null,"13":0.008136,"14":0.016272,"15":null,"16":0.065088,"17":null,"18":0.056952,"19":0.024408,"20":0.024408,"21":0.04068,"22":null,"23":0.056952,"24":0.04068,"25":0.008136,"26":null,"27":null,"28":null,"29":0.04068,"30":0.073224,"31":0.048816,"32":0.032544,"33":0.08136,"34":0.048816,"35":8.640432,"36":0.618336,"37":null,"38":null,"39":null},"chrome":{"4":null,"5":null,"6":null,"7":null,"8":null,"9":null,"10":null,"11":0.032544,"12":null,"13":null,"14":null,"15":null,"16":null,"17":null,"18":0.008136,"19":null,"20":0.008136,"21":0.024408,"22":0.032544,"23":0.008136,"24":null,"25":null,"26":0.024408,"27":0.016272,"28":0.04068,"29":0.016272,"30":0.195264,"31":1.025136,"32":0.048816,"33":0.08136,"34":0.24408,"35":0.097632,"36":0.634608,"37":0.16272,"38":0.317304,"39":2.2374,"40":42.193296,"41":0.268488,"42":0.235944,"43":null},"opera":{"9":null,"9.5-9.6":null,"10.0-10.1":0,"10.5":null,"10.6":null,"11":null,"11.1":null,"11.5":null,"11.6":null,"12":null,"12.1":0.032544,"15":null,"16":null,"17":null,"18":null,"19":0.008136,"20":null,"21":null,"22":null,"23":null,"24":null,"25":null,"26":null,"27":0.170856,"28":null,"29":null},"safari":{"3.1":null,"3.2":null,"4":0.016272,"5":0.12204,"5.1":0.292896,"6":0.056952,"6.1":0.105768,"7":0.235944,"7.1":4.360896,"8":0.838008},"android":{"2.1":0,"2.2":0,"2.3":0.122201584364,"3":0,"4":0.246975833663,"4.1":0.795596630835,"4.2-4.3":1.34679009294,"4.4":2.51606630544,"4.4.3-4.4.4":1.15898555276,"37":0},"ios_saf":{"3.2":0,"4.0-4.1":0,"4.2-4.3":0,"5.0-5.1":0.0261699311176,"6.0-6.1":0.080346279747,"7.0-7.1":1.0169543408,"8":0.218541880912,"8.1":3.23037956743},"op_mob":{"10":0,"11":0,"11.1":0,"11.5":0,"12":7.68386638237e-5,"12.1":0.000461031982942,"0":null},"ie":{"5.5":null,"6":0.195968560825,"7":0.0489921402062,"8":2.33529201649,"9":1.23296886186,"10":1.06149637113,"11":10.9415779794,"0":null},"ie_mob":{"10":0.0226786666667,"11":0.0481533333333},"bb":{"7":0.000466,"10":null},"and_uc":{"0":0.050328},"op_mini":{"5.0-8.0":0.0535181293532},"and_chr":{"0":8.353632},"and_ff":{"0":0.035416}},"total":99.3168019299}