{"id":"MQ","name":"Martinique","month":"2015-02","access_date":"2015-03-01","data":{"firefox":{"2":0.006921,"3":0.013842,"3.5":0.020763,"3.6":0.076131,"4":0.020763,"5":null,"6":null,"7":null,"8":0.006921,"9":null,"10":null,"11":0.041526,"12":0.020763,"13":0.013842,"14":null,"15":0.027684,"16":0.055368,"17":null,"18":null,"19":null,"20":0.013842,"21":0.020763,"22":null,"23":0.006921,"24":0.027684,"25":0.013842,"26":0.020763,"27":0.020763,"28":0.027684,"29":0.034605,"30":0.020763,"31":0.20763,"32":0.131499,"33":0.117657,"34":0.249156,"35":10.616814,"36":0.699021,"37":0.020763,"38":0.006921,"39":null},"chrome":{"4":0.006921,"5":null,"6":0.006921,"7":null,"8":null,"9":null,"10":null,"11":0.076131,"12":0.013842,"13":null,"14":null,"15":null,"16":null,"17":null,"18":0.013842,"19":null,"20":null,"21":0.020763,"22":0.027684,"23":0.103815,"24":0.041526,"25":0.027684,"26":0.062289,"27":0.020763,"28":0.083052,"29":0.06921,"30":0.020763,"31":0.159183,"32":0.096894,"33":0.214551,"34":0.152262,"35":0.394497,"36":0.595206,"37":0.491391,"38":0.408339,"39":1.411884,"40":27.497133,"41":0.249156,"42":0.103815,"43":null},"opera":{"9":null,"9.5-9.6":null,"10.0-10.1":0,"10.5":null,"10.6":null,"11":null,"11.1":null,"11.5":null,"11.6":null,"12":0.041526,"12.1":0.152262,"15":null,"16":null,"17":null,"18":null,"19":null,"20":null,"21":null,"22":null,"23":null,"24":null,"25":null,"26":0.006921,"27":0.560601,"28":null,"29":null},"safari":{"3.1":null,"3.2":null,"4":0.055368,"5":0.41526,"5.1":0.657495,"6":0.186867,"6.1":0.332208,"7":0.352971,"7.1":0.948177,"8":1.751013},"android":{"2.1":0,"2.2":0,"2.3":0.179656881173,"3":0,"4":0.363096012475,"4.1":1.16966085269,"4.2-4.3":1.98000794303,"4.4":3.69904062709,"4.4.3-4.4.4":1.70390368354,"37":0},"ios_saf":{"3.2":0,"4.0-4.1":0,"4.2-4.3":0,"5.0-5.1":0.0221691710011,"6.0-6.1":0.0680632443016,"7.0-7.1":0.861486206446,"8":0.1851320245,"8.1":2.73653135375},"op_mob":{"10":0,"11":0,"11.1":0,"11.5":0,"12":0.000380771855011,"12.1":0.00228463113006,"0":null},"ie":{"5.5":null,"6":0.00704447323944,"7":0.0915781521127,"8":1.09893782535,"9":0.894648101408,"10":1.19051597746,"11":11.7149589972,"0":null},"ie_mob":{"10":0.128156622807,"11":0.272113377193},"bb":{"7":0.01462525,"10":null},"and_uc":{"0":0.040027},"op_mini":{"5.0-8.0":0.265207597015},"and_chr":{"0":19.673285},"and_ff":{"0":0.341769}},"total":99.0960817768}