{"id":"MR","name":"Mauritania","month":"2015-02","access_date":"2015-03-01","data":{"firefox":{"2":0.005912,"3":0.065032,"3.5":0.053208,"3.6":0.248304,"4":0.053208,"5":0.035472,"6":0.05912,"7":0.023648,"8":0.112328,"9":0.035472,"10":0.047296,"11":0.159624,"12":0.130064,"13":0.100504,"14":0.171448,"15":0.106416,"16":0.1478,"17":0.053208,"18":0.100504,"19":0.053208,"20":0.141888,"21":0.20692,"22":0.082768,"23":0.035472,"24":0.201008,"25":0.100504,"26":0.20692,"27":0.165536,"28":0.053208,"29":0.171448,"30":0.366544,"31":0.277864,"32":0.32516,"33":0.467048,"34":0.437488,"35":11.220976,"36":1.010952,"37":0.023648,"38":null,"39":null},"chrome":{"4":0.094592,"5":0.20692,"6":0.32516,"7":0.195096,"8":0.17736,"9":0.632584,"10":0.070944,"11":0.1478,"12":0.283776,"13":0.212832,"14":0.106416,"15":0.106416,"16":0.153712,"17":0.124152,"18":0.017736,"19":0.053208,"20":null,"21":0.02956,"22":0.070944,"23":0.053208,"24":0.035472,"25":0.035472,"26":0.076856,"27":0.053208,"28":0.053208,"29":0.124152,"30":0.112328,"31":0.242392,"32":0.11824,"33":0.372456,"34":0.135976,"35":0.283776,"36":0.833592,"37":0.271952,"38":0.478872,"39":1.06416,"40":24.511152,"41":0.20692,"42":0.224656,"43":null},"opera":{"9":null,"9.5-9.6":null,"10.0-10.1":0,"10.5":null,"10.6":null,"11":null,"11.1":null,"11.5":null,"11.6":0.035472,"12":0.041384,"12.1":0.11824,"15":0.017736,"16":0.017736,"17":0.005912,"18":0.017736,"19":0.011824,"20":0.005912,"21":0.011824,"22":null,"23":0.011824,"24":null,"25":0.011824,"26":0.047296,"27":0.721264,"28":null,"29":null},"safari":{"3.1":null,"3.2":null,"4":0.02956,"5":0.011824,"5.1":0.065032,"6":0.005912,"6.1":0.065032,"7":0.159624,"7.1":0.11824,"8":0.1478},"android":{"2.1":0,"2.2":0,"2.3":0.177323746751,"3":0,"4":0.358380625013,"4.1":1.15447091964,"4.2-4.3":1.95429434577,"4.4":3.65100261732,"4.4.3-4.4.4":1.6817757455,"37":0},"ios_saf":{"3.2":0,"4.0-4.1":0,"4.2-4.3":0,"5.0-5.1":0.0149510215885,"6.0-6.1":0.045902259263,"7.0-7.1":0.580991452957,"8":0.124854145195,"8.1":1.845533121},"op_mob":{"10":0,"11":0,"11.1":0,"11.5":0,"12":0.0163055124378,"12.1":0.0978330746269,"0":null},"ie":{"5.5":null,"6":0.128900983607,"7":0.0429669945355,"8":1.58977879781,"9":0.687471912568,"10":0.87775431694,"11":3.39439256831,"0":null},"ie_mob":{"10":0.179316175439,"11":0.380739824561},"bb":{"7":0.01533,"10":null},"and_uc":{"0":2.71852},"op_mini":{"5.0-8.0":11.3567894129},"and_chr":{"0":8.018216},"and_ff":{"0":0.2044}},"total":92.5315875738}