{"id":"MS","name":"Montserrat","month":"2015-02","access_date":"2015-03-01","data":{"firefox":{"2":null,"3":0.008111,"3.5":null,"3.6":null,"4":null,"5":null,"6":null,"7":null,"8":null,"9":null,"10":null,"11":null,"12":null,"13":null,"14":null,"15":null,"16":null,"17":null,"18":null,"19":null,"20":null,"21":null,"22":null,"23":null,"24":null,"25":0.016222,"26":null,"27":null,"28":null,"29":null,"30":null,"31":null,"32":0.008111,"33":0.202775,"34":0.089221,"35":7.072792,"36":0.178442,"37":null,"38":null,"39":null},"chrome":{"4":null,"5":null,"6":null,"7":null,"8":null,"9":null,"10":null,"11":0.032444,"12":null,"13":null,"14":null,"15":null,"16":null,"17":null,"18":null,"19":null,"20":0.056777,"21":null,"22":null,"23":null,"24":null,"25":null,"26":0.008111,"27":null,"28":0.016222,"29":0.032444,"30":null,"31":0.016222,"32":0.154109,"33":0.259552,"34":0.389328,"35":0.656991,"36":1.662755,"37":0.056777,"38":0.202775,"39":1.524868,"40":51.188521,"41":0.056777,"42":0.519104,"43":null},"opera":{"9":null,"9.5-9.6":null,"10.0-10.1":0,"10.5":null,"10.6":null,"11":null,"11.1":null,"11.5":null,"11.6":null,"12":null,"12.1":0.016222,"15":null,"16":null,"17":null,"18":null,"19":null,"20":null,"21":null,"22":null,"23":null,"24":null,"25":null,"26":null,"27":0.064888,"28":null,"29":null},"safari":{"3.1":null,"3.2":null,"4":0,"5":0.016222,"5.1":0.056777,"6":null,"6.1":0.308218,"7":0.446105,"7.1":0.316329,"8":0.957098},"android":{"2.1":0,"2.2":0,"2.3":0.0538420968916,"3":0,"4":0.108817711612,"4.1":0.35054038871,"4.2-4.3":0.593396583637,"4.4":1.10858043705,"4.4.3-4.4.4":0.510649782098,"37":0},"ios_saf":{"3.2":0,"4.0-4.1":0,"4.2-4.3":0,"5.0-5.1":0.00694106496636,"6.0-6.1":0.0213102871774,"7.0-7.1":0.269727349131,"8":0.0579639811226,"8.1":0.856795317602},"op_mob":{"10":0,"11":0,"11.1":0,"11.5":0,"12":0.000467215351812,"12.1":0.00280329211087,"0":null},"ie":{"5.5":null,"6":0.008111,"7":null,"8":1.45998,"9":0.502882,"10":0.835433,"11":9.360094,"0":null},"ie_mob":{"10":0.139711434211,"11":0.296647565789},"bb":{"7":0.273905,"10":null},"and_uc":{"0":0.107673},"op_mini":{"5.0-8.0":0.325415492537},"and_chr":{"0":14.339854},"and_ff":{"0":0.005667}},"total":98.188519}