{"id":"MT","name":"Malta","month":"2015-02","access_date":"2015-03-01","data":{"firefox":{"2":null,"3":null,"3.5":null,"3.6":0.016636,"4":null,"5":0.016636,"6":null,"7":null,"8":0.008318,"9":null,"10":null,"11":0.016636,"12":0.04159,"13":0.008318,"14":0.049908,"15":null,"16":0.058226,"17":0.008318,"18":null,"19":null,"20":0.016636,"21":0.008318,"22":null,"23":0.008318,"24":0.024954,"25":0.008318,"26":0.016636,"27":0.016636,"28":0.024954,"29":0.024954,"30":0.016636,"31":0.174678,"32":0.16636,"33":0.058226,"34":0.191314,"35":8.708946,"36":0.640486,"37":0.04159,"38":null,"39":null},"chrome":{"4":null,"5":null,"6":null,"7":null,"8":null,"9":null,"10":null,"11":0.066544,"12":null,"13":null,"14":null,"15":null,"16":null,"17":null,"18":0.049908,"19":null,"20":null,"21":0.016636,"22":0.049908,"23":0.016636,"24":0.016636,"25":0.016636,"26":0.074862,"27":0.016636,"28":0.024954,"29":0.024954,"30":0.024954,"31":0.349356,"32":0.108134,"33":0.12477,"34":0.182996,"35":0.274494,"36":0.79021,"37":0.557306,"38":3.601694,"39":2.270814,"40":44.925518,"41":0.299448,"42":0.20795,"43":null},"opera":{"9":null,"9.5-9.6":null,"10.0-10.1":0,"10.5":null,"10.6":null,"11":null,"11.1":null,"11.5":null,"11.6":null,"12":null,"12.1":0.091498,"15":0.008318,"16":null,"17":null,"18":null,"19":null,"20":null,"21":null,"22":null,"23":null,"24":null,"25":null,"26":0.008318,"27":0.657122,"28":0.016636,"29":null},"safari":{"3.1":0.016636,"3.2":null,"4":0.04159,"5":0.141406,"5.1":0.399264,"6":0.08318,"6.1":0.199632,"7":0.33272,"7.1":0.740302,"8":2.229224},"android":{"2.1":0,"2.2":0,"2.3":0.0768467137956,"3":0,"4":0.155311253145,"4.1":0.500312552448,"4.2-4.3":0.846931677305,"4.4":1.58223339141,"4.4.3-4.4.4":0.728830411893,"37":0},"ios_saf":{"3.2":0,"4.0-4.1":0,"4.2-4.3":0,"5.0-5.1":0.0235569513003,"6.0-6.1":0.0723239732905,"7.0-7.1":0.915414861934,"8":0.19672120735,"8.1":2.90783700613},"op_mob":{"10":0,"11":0,"11.1":0,"11.5":0,"12":0.000181708599858,"12.1":0.00109025159915,"0":null},"ie":{"5.5":null,"6":0.0166689643329,"7":0.0500068929987,"8":1.07514819947,"9":1.2418378428,"10":1.02514130647,"11":9.20960279392,"0":null},"ie_mob":{"10":0.199257982456,"11":0.423082017544},"bb":{"7":0.0105125,"10":null},"and_uc":{"0":0.020184},"op_mini":{"5.0-8.0":0.126560039801},"and_chr":{"0":8.104204},"and_ff":{"0":0.079054}},"total":99.0191985}