{"id":"MU","name":"Mauritius","month":"2015-02","access_date":"2015-03-01","data":{"firefox":{"2":null,"3":0.022371,"3.5":0.052199,"3.6":0.059656,"4":0.014914,"5":0.022371,"6":0.014914,"7":0.007457,"8":0.007457,"9":0.007457,"10":0.014914,"11":0.059656,"12":0.052199,"13":0.029828,"14":0.022371,"15":0.022371,"16":0.029828,"17":0.014914,"18":0.022371,"19":0.029828,"20":0.014914,"21":0.022371,"22":0.037285,"23":0.014914,"24":0.029828,"25":0.022371,"26":0.029828,"27":0.029828,"28":0.044742,"29":0.052199,"30":0.961953,"31":0.126769,"32":0.141683,"33":0.178968,"34":0.335565,"35":13.191433,"36":1.155835,"37":0.037285,"38":0.014914,"39":null},"chrome":{"4":0.007457,"5":0.007457,"6":0.007457,"7":null,"8":null,"9":null,"10":0.007457,"11":0.052199,"12":0.014914,"13":0.007457,"14":0.007457,"15":0.014914,"16":0.014914,"17":0.007457,"18":0.141683,"19":null,"20":0.022371,"21":0.007457,"22":0.111855,"23":0.044742,"24":0.014914,"25":0.044742,"26":0.082027,"27":0.044742,"28":0.096941,"29":0.037285,"30":0.067113,"31":0.275909,"32":0.216253,"33":0.335565,"34":0.186425,"35":0.328108,"36":1.170749,"37":0.663673,"38":0.641302,"39":2.252014,"40":34.272372,"41":0.283366,"42":0.365393,"43":null},"opera":{"9":null,"9.5-9.6":null,"10.0-10.1":0,"10.5":null,"10.6":null,"11":null,"11.1":null,"11.5":null,"11.6":null,"12":0.014914,"12.1":0.178968,"15":0.007457,"16":0.014914,"17":null,"18":0.007457,"19":0.007457,"20":0.022371,"21":null,"22":0.007457,"23":null,"24":0.014914,"25":0.007457,"26":0.029828,"27":1.245319,"28":0.029828,"29":null},"safari":{"3.1":null,"3.2":null,"4":0.007457,"5":0.104398,"5.1":0.305737,"6":0.067113,"6.1":0.111855,"7":0.238624,"7.1":0.290823,"8":0.768071},"android":{"2.1":0,"2.2":0,"2.3":0.134919910594,"3":0,"4":0.272680240358,"4.1":0.878399628444,"4.2-4.3":1.4869594357,"4.4":2.77792994864,"4.4.3-4.4.4":1.27960883626,"37":0},"ios_saf":{"3.2":0,"4.0-4.1":0,"4.2-4.3":0,"5.0-5.1":0.0128809754995,"6.0-6.1":0.0395468546039,"7.0-7.1":0.500550188272,"8":0.107567444523,"8.1":1.5900095371},"op_mob":{"10":0,"11":0,"11.1":0,"11.5":0,"12":0.00590294100924,"12.1":0.0354176460554,"0":null},"ie":{"5.5":null,"6":0.037285,"7":0.082027,"8":2.102874,"9":1.185663,"10":1.603255,"11":6.226595,"0":null},"ie_mob":{"10":0.322425631579,"11":0.684602368421},"bb":{"7":0.02733725,"10":null},"and_uc":{"0":1.238441},"op_mini":{"5.0-8.0":4.11139841294},"and_chr":{"0":8.131162},"and_ff":{"0":0.15258}},"total":97.31634025}