{"id":"MV","name":"Maldives","month":"2015-02","access_date":"2015-03-01","data":{"firefox":{"2":null,"3":0.061854,"3.5":0.019032,"3.6":0.07137,"4":0.066612,"5":0.028548,"6":0.02379,"7":0.019032,"8":0.019032,"9":0.014274,"10":0.033306,"11":0.066612,"12":0.109434,"13":0.052338,"14":0.033306,"15":0.099918,"16":0.085644,"17":0.080886,"18":0.02379,"19":0.019032,"20":0.038064,"21":0.033306,"22":0.033306,"23":0.057096,"24":0.066612,"25":0.066612,"26":0.038064,"27":0.061854,"28":0.161772,"29":0.114192,"30":0.14274,"31":0.152256,"32":0.180804,"33":0.328302,"34":0.442494,"35":8.431176,"36":1.822314,"37":0.07137,"38":0.004758,"39":null},"chrome":{"4":0.009516,"5":0.009516,"6":0.009516,"7":0.004758,"8":0.004758,"9":0.033306,"10":0.061854,"11":0.085644,"12":0.152256,"13":0.02379,"14":0.014274,"15":0.004758,"16":0.052338,"17":0.019032,"18":0.033306,"19":0.02379,"20":0.038064,"21":0.014274,"22":0.004758,"23":0.009516,"24":0.014274,"25":0.02379,"26":0.038064,"27":0.061854,"28":0.057096,"29":0.038064,"30":0.099918,"31":0.11895,"32":0.109434,"33":0.290238,"34":0.109434,"35":0.157014,"36":0.57096,"37":0.366366,"38":0.375882,"39":1.608204,"40":23.485488,"41":0.233142,"42":0.390156,"43":null},"opera":{"9":null,"9.5-9.6":null,"10.0-10.1":0,"10.5":null,"10.6":null,"11":null,"11.1":null,"11.5":null,"11.6":null,"12":0.004758,"12.1":0.080886,"15":0.009516,"16":0.009516,"17":null,"18":null,"19":null,"20":0.009516,"21":null,"22":null,"23":null,"24":null,"25":null,"26":0.009516,"27":0.28548,"28":null,"29":null},"safari":{"3.1":null,"3.2":null,"4":0,"5":0.033306,"5.1":0.099918,"6":0.033306,"6.1":0.114192,"7":0.133224,"7.1":0.323544,"8":0.59475},"android":{"2.1":0,"2.2":0,"2.3":0.219821763177,"3":0,"4":0.444271352947,"4.1":1.43115537395,"4.2-4.3":2.42266722154,"4.4":4.52601440815,"4.4.3-4.4.4":2.08483588024,"37":0},"ios_saf":{"3.2":0,"4.0-4.1":0,"4.2-4.3":0,"5.0-5.1":0.0410432967165,"6.0-6.1":0.126010121498,"7.0-7.1":1.59492810925,"8":0.342747530475,"8.1":5.06632694206},"op_mob":{"10":0,"11":0,"11.1":0,"11.5":0,"12":0.00517866382374,"12.1":0.0310719829424,"0":null},"ie":{"5.5":null,"6":0.0047733483871,"7":0.00954669677419,"8":0.448694748387,"9":0.238667419355,"10":0.539388367742,"11":1.71840541935,"0":null},"ie_mob":{"10":0.241683789474,"11":0.513164210526},"bb":{"7":0.010484,"10":null},"and_uc":{"0":3.884322},"op_mini":{"5.0-8.0":3.60693935323},"and_chr":{"0":21.791782},"and_ff":{"0":0.68146}},"total":95.699066}