{"id":"MW","name":"Malawi","month":"2015-02","access_date":"2015-03-01","data":{"firefox":{"2":0.055056,"3":0.020646,"3.5":0.009176,"3.6":0.043586,"4":0.02294,"5":0.016058,"6":0.016058,"7":0.020646,"8":0.059644,"9":0.020646,"10":0.038998,"11":0.038998,"12":0.082584,"13":0.073408,"14":0.041292,"15":0.050468,"16":0.048174,"17":0.146816,"18":0.027528,"19":0.041292,"20":0.038998,"21":0.04588,"22":0.036704,"23":0.036704,"24":0.032116,"25":0.020646,"26":0.084878,"27":0.073408,"28":0.038998,"29":0.14911,"30":0.268398,"31":0.146816,"32":0.167462,"33":0.220224,"34":0.3441,"35":3.828686,"36":0.63085,"37":0.05735,"38":0.009176,"39":null},"chrome":{"4":null,"5":0.004588,"6":null,"7":0.006882,"8":null,"9":null,"10":0.036704,"11":0.020646,"12":null,"13":null,"14":0.016058,"15":null,"16":0.004588,"17":0.002294,"18":0.009176,"19":0.002294,"20":0.009176,"21":0.032116,"22":0.01147,"23":0.01147,"24":0.009176,"25":0.020646,"26":0.016058,"27":0.006882,"28":0.02294,"29":0.016058,"30":0.006882,"31":0.08029,"32":0.013764,"33":0.107818,"34":0.03441,"35":0.094054,"36":0.155992,"37":0.052762,"38":0.09176,"39":0.399156,"40":6.235092,"41":0.036704,"42":0.084878,"43":null},"opera":{"9":null,"9.5-9.6":0.002294,"10.0-10.1":0,"10.5":0.009176,"10.6":0.013764,"11":0.009176,"11.1":0.004588,"11.5":0.009176,"11.6":0.029822,"12":0.038998,"12.1":0.066526,"15":0.009176,"16":0.004588,"17":null,"18":0.004588,"19":0.004588,"20":0.016058,"21":0.006882,"22":0.006882,"23":0.004588,"24":0.004588,"25":0.01147,"26":0.064232,"27":0.37851,"28":null,"29":null},"safari":{"3.1":null,"3.2":null,"4":0.004588,"5":0.064232,"5.1":0.087172,"6":0.02294,"6.1":0.043586,"7":0.199578,"7.1":0.09176,"8":0.116994},"android":{"2.1":0,"2.2":0,"2.3":0.059058771182,"3":0,"4":0.119360884915,"4.1":0.384503683959,"4.2-4.3":0.650889825554,"4.4":1.21598901507,"4.4.3-4.4.4":0.560125819316,"37":0},"ios_saf":{"3.2":0,"4.0-4.1":0,"4.2-4.3":0,"5.0-5.1":0.0055131288282,"6.0-6.1":0.0169262727181,"7.0-7.1":0.214238251833,"8":0.0460394617934,"8.1":0.680532884828},"op_mob":{"10":0,"11":0,"11.1":0,"11.5":0,"12":0.0796341435679,"12.1":0.477804861407,"0":null},"ie":{"5.5":null,"6":0.06882,"7":0.029822,"8":1.670032,"9":0.855662,"10":0.885484,"11":3.087724,"0":null},"ie_mob":{"10":0.616817982456,"11":1.30968201754},"bb":{"7":0.3679615,"10":null},"and_uc":{"0":5.579144},"op_mini":{"5.0-8.0":55.465180995},"and_chr":{"0":2.529328},"and_ff":{"0":0.069354}},"total":93.1334515}