{"id":"MX","name":"Mexico","month":"2015-02","access_date":"2015-03-01","data":{"firefox":{"2":null,"3":0.02022,"3.5":null,"3.6":0.05392,"4":null,"5":0.00674,"6":null,"7":null,"8":null,"9":null,"10":0.00674,"11":0.00674,"12":0.02696,"13":0.00674,"14":0.00674,"15":0.01348,"16":0.02696,"17":0.00674,"18":0.00674,"19":0.00674,"20":0.02022,"21":0.04044,"22":0.01348,"23":0.01348,"24":0.01348,"25":0.01348,"26":0.02022,"27":0.04718,"28":0.02696,"29":0.0337,"30":0.05392,"31":0.1011,"32":0.07414,"33":0.11458,"34":0.1685,"35":6.35582,"36":0.337,"37":0.01348,"38":null,"39":null},"chrome":{"4":null,"5":null,"6":null,"7":null,"8":null,"9":null,"10":null,"11":0.07414,"12":0.00674,"13":null,"14":null,"15":null,"16":null,"17":null,"18":0.02696,"19":null,"20":null,"21":0.02022,"22":0.11458,"23":0.01348,"24":0.01348,"25":0.01348,"26":0.04044,"27":0.05392,"28":0.04044,"29":0.04044,"30":0.02696,"31":0.15502,"32":0.08088,"33":0.14828,"34":0.19546,"35":0.4718,"36":0.41788,"37":0.45158,"38":0.66052,"39":1.96134,"40":37.09022,"41":0.18872,"42":0.05392,"43":null},"opera":{"9":null,"9.5-9.6":null,"10.0-10.1":0,"10.5":null,"10.6":null,"11":null,"11.1":null,"11.5":null,"11.6":null,"12":null,"12.1":0.05392,"15":null,"16":null,"17":null,"18":null,"19":null,"20":0.01348,"21":null,"22":null,"23":null,"24":null,"25":0.00674,"26":0.02022,"27":0.62682,"28":0.02022,"29":null},"safari":{"3.1":null,"3.2":null,"4":0.04718,"5":0.12806,"5.1":0.34374,"6":0.1011,"6.1":0.24264,"7":0.31004,"7.1":0.56616,"8":1.26038},"android":{"2.1":0,"2.2":0,"2.3":0.199361929515,"3":0,"4":0.402920952282,"4.1":1.29795108847,"4.2-4.3":2.19717831791,"4.4":4.10475720137,"4.4.3-4.4.4":1.89079051045,"37":0},"ios_saf":{"3.2":0,"4.0-4.1":0,"4.2-4.3":0,"5.0-5.1":0.0258420222914,"6.0-6.1":0.0793395421227,"7.0-7.1":1.00421191887,"8":0.215803554574,"8.1":3.18990296214},"op_mob":{"10":0,"11":0,"11.1":0,"11.5":0,"12":0.00259502487562,"12.1":0.0155701492537,"0":null},"ie":{"5.5":null,"6":0.0618326889279,"7":0.089313884007,"8":1.7725370826,"9":1.39467065026,"10":1.66948260105,"11":6.73289279438,"0":null},"ie_mob":{"10":0.435252894737,"11":0.924167105263},"bb":{"7":0.059495,"10":null},"and_uc":{"0":0.24124},"op_mini":{"5.0-8.0":1.80743482587},"and_chr":{"0":14.6744},"and_ff":{"0":0.12388}},"total":98.3710647012}