{"id":"MY","name":"Malaysia","month":"2015-02","access_date":"2015-03-01","data":{"firefox":{"2":0.005716,"3":0.040012,"3.5":0.011432,"3.6":0.080024,"4":0.02858,"5":0.022864,"6":0.011432,"7":0.017148,"8":0.017148,"9":0.022864,"10":0.022864,"11":0.080024,"12":0.074308,"13":0.02858,"14":0.02858,"15":0.02858,"16":0.05716,"17":0.02858,"18":0.02858,"19":0.02858,"20":0.02858,"21":0.05716,"22":0.034296,"23":0.034296,"24":0.051444,"25":0.02858,"26":0.040012,"27":0.045728,"28":0.045728,"29":0.080024,"30":0.102888,"31":0.17148,"32":0.148616,"33":0.211492,"34":0.34296,"35":7.756612,"36":1.046028,"37":0.02858,"38":0.005716,"39":null},"chrome":{"4":0.022864,"5":0.034296,"6":0.02858,"7":0.017148,"8":0.034296,"9":0.022864,"10":0.040012,"11":0.108604,"12":0.068592,"13":0.02858,"14":0.040012,"15":0.040012,"16":0.02858,"17":0.005716,"18":0.034296,"19":0.011432,"20":0.017148,"21":0.02858,"22":0.062876,"23":0.02858,"24":0.040012,"25":0.034296,"26":0.051444,"27":0.074308,"28":0.062876,"29":0.080024,"30":0.11432,"31":0.37154,"32":0.108604,"33":0.503008,"34":0.188628,"35":0.31438,"36":0.737364,"37":0.45728,"38":0.74308,"39":2.383572,"40":28.299916,"41":0.308664,"42":0.348676,"43":null},"opera":{"9":null,"9.5-9.6":null,"10.0-10.1":0,"10.5":null,"10.6":null,"11":null,"11.1":null,"11.5":0.011432,"11.6":0.005716,"12":0.011432,"12.1":0.062876,"15":null,"16":null,"17":null,"18":null,"19":null,"20":null,"21":null,"22":null,"23":null,"24":null,"25":0.011432,"26":0.022864,"27":0.348676,"28":0.005716,"29":null},"safari":{"3.1":null,"3.2":null,"4":0.02858,"5":0.062876,"5.1":0.17148,"6":0.051444,"6.1":0.102888,"7":0.17148,"7.1":0.222924,"8":0.634476},"android":{"2.1":0,"2.2":0,"2.3":0.246413506602,"3":0,"4":0.498014665974,"4.1":1.6042816193,"4.2-4.3":2.71573622539,"4.4":5.07352440961,"4.4.3-4.4.4":2.33703757314,"37":0},"ios_saf":{"3.2":0,"4.0-4.1":0,"4.2-4.3":0,"5.0-5.1":0.0281481899789,"6.0-6.1":0.0864198815142,"7.0-7.1":1.09382878602,"8":0.235062077719,"8.1":3.47457306477},"op_mob":{"10":0,"11":0,"11.1":0,"11.5":0,"12":0.00462805970149,"12.1":0.027768358209,"0":null},"ie":{"5.5":null,"6":0.0893154795663,"7":0.136950402002,"8":1.82799014846,"9":1.00628773645,"10":0.780021854879,"11":3.26894655213,"0":null},"ie_mob":{"10":0.119331947368,"11":0.253376052632},"bb":{"7":0.049266,"10":null},"and_uc":{"0":3.264408},"op_mini":{"5.0-8.0":3.22344358209},"and_chr":{"0":18.000452},"and_ff":{"0":0.287028}},"total":98.5068821735}