{"id":"MZ","name":"Mozambique","month":"2015-02","access_date":"2015-03-01","data":{"firefox":{"2":0.006654,"3":0.03327,"3.5":0.013308,"3.6":0.06654,"4":0.043251,"5":0.016635,"6":0.019962,"7":0.013308,"8":0.029943,"9":0.013308,"10":0.043251,"11":0.073194,"12":0.083175,"13":0.043251,"14":0.03327,"15":0.043251,"16":0.039924,"17":0.03327,"18":0.023289,"19":0.036597,"20":0.036597,"21":0.026616,"22":0.019962,"23":0.023289,"24":0.029943,"25":0.016635,"26":0.019962,"27":0.023289,"28":0.019962,"29":0.06654,"30":0.116445,"31":0.119772,"32":0.103137,"33":0.216255,"34":0.23289,"35":4.72434,"36":0.445818,"37":0.036597,"38":0.003327,"39":null},"chrome":{"4":null,"5":null,"6":null,"7":null,"8":null,"9":null,"10":0.019962,"11":0.029943,"12":0.006654,"13":null,"14":0.009981,"15":0.006654,"16":0.009981,"17":null,"18":0.013308,"19":null,"20":0.009981,"21":0.016635,"22":0.003327,"23":null,"24":null,"25":0.016635,"26":0.026616,"27":0.006654,"28":0.016635,"29":0.016635,"30":0.019962,"31":0.146388,"32":0.026616,"33":0.26616,"34":0.03327,"35":0.089829,"36":0.645438,"37":0.096483,"38":0.143061,"39":0.625476,"40":9.91446,"41":0.053232,"42":0.046578,"43":null},"opera":{"9":null,"9.5-9.6":null,"10.0-10.1":0,"10.5":null,"10.6":0.006654,"11":0.016635,"11.1":0.009981,"11.5":0.013308,"11.6":0.036597,"12":0.026616,"12.1":0.136407,"15":0.016635,"16":0.013308,"17":0.016635,"18":0.009981,"19":0.006654,"20":0.026616,"21":0.009981,"22":0.016635,"23":0.006654,"24":0.006654,"25":0.009981,"26":0.076521,"27":1.057986,"28":0.013308,"29":null},"safari":{"3.1":null,"3.2":null,"4":0.003327,"5":0.026616,"5.1":0.116445,"6":0.039924,"6.1":0.076521,"7":0.076521,"7.1":0.129753,"8":0.282795},"android":{"2.1":0,"2.2":0,"2.3":0.177414806113,"3":0,"4":0.358564660776,"4.1":1.15506376401,"4.2-4.3":1.95529791579,"4.4":3.65287748165,"4.4.3-4.4.4":1.68263937166,"37":0},"ios_saf":{"3.2":0,"4.0-4.1":0,"4.2-4.3":0,"5.0-5.1":0.00656914268501,"6.0-6.1":0.0201684205241,"7.0-7.1":0.255274579777,"8":0.0548581038257,"8.1":0.810885753188},"op_mob":{"10":0,"11":0,"11.1":0,"11.5":0,"12":0.0513636034115,"12.1":0.308181620469,"0":null},"ie":{"5.5":null,"6":0.0632511490646,"7":0.0665801569101,"8":2.61992917441,"9":0.838909977067,"10":1.5146985697,"11":5.87236983947,"0":null},"ie_mob":{"10":0.487129,"11":1.034315},"bb":{"7":0.166825,"10":null},"and_uc":{"0":3.930397},"op_mini":{"5.0-8.0":35.7747497761},"and_chr":{"0":6.688419},"and_ff":{"0":0.100095}},"total":91.2390578666}