{"id":"NA","name":"Namibia","month":"2015-02","access_date":"2015-03-01","data":{"firefox":{"2":0.013269,"3":0.013269,"3.5":0.008846,"3.6":0.061922,"4":0.035384,"5":0.008846,"6":0.013269,"7":0.008846,"8":0.008846,"9":0.022115,"10":0.013269,"11":0.084037,"12":0.08846,"13":0.066345,"14":0.035384,"15":0.026538,"16":0.022115,"17":0.013269,"18":0.026538,"19":0.008846,"20":0.017692,"21":0.101729,"22":0.022115,"23":0.048653,"24":0.030961,"25":0.017692,"26":0.017692,"27":0.048653,"28":0.026538,"29":0.075191,"30":0.084037,"31":0.106152,"32":0.137113,"33":0.194612,"34":0.163651,"35":6.28066,"36":0.667873,"37":0.04423,"38":0.022115,"39":null},"chrome":{"4":null,"5":null,"6":null,"7":null,"8":null,"9":null,"10":null,"11":0.039807,"12":0.008846,"13":null,"14":0.017692,"15":null,"16":0.008846,"17":null,"18":0.039807,"19":0.017692,"20":0.008846,"21":0.026538,"22":0.013269,"23":0.008846,"24":null,"25":0.022115,"26":0.022115,"27":0.022115,"28":0.022115,"29":0.030961,"30":0.035384,"31":0.154805,"32":0.04423,"33":0.614797,"34":0.066345,"35":0.247688,"36":0.601528,"37":0.137113,"38":0.123844,"39":0.614797,"40":15.254927,"41":0.084037,"42":0.274226,"43":null},"opera":{"9":null,"9.5-9.6":null,"10.0-10.1":0,"10.5":0.004423,"10.6":0.017692,"11":null,"11.1":null,"11.5":0.017692,"11.6":0.008846,"12":0.013269,"12.1":0.084037,"15":0.013269,"16":null,"17":null,"18":0.004423,"19":0.004423,"20":null,"21":null,"22":0.004423,"23":null,"24":null,"25":0.004423,"26":0.039807,"27":0.822678,"28":0.013269,"29":0.008846},"safari":{"3.1":0.004423,"3.2":0.008846,"4":0.008846,"5":0.035384,"5.1":0.13269,"6":0.061922,"6.1":0.070768,"7":0.141536,"7.1":0.238842,"8":0.676719},"android":{"2.1":0,"2.2":0,"2.3":0.186721369165,"3":0,"4":0.377373714523,"4.1":1.21565438767,"4.2-4.3":2.05786603701,"4.4":3.84449471671,"4.4.3-4.4.4":1.77090477492,"37":0},"ios_saf":{"3.2":0,"4.0-4.1":0,"4.2-4.3":0,"5.0-5.1":0.0173962752284,"6.0-6.1":0.0534096169294,"7.0-7.1":0.676013151421,"8":0.145274158048,"8.1":2.14737179837},"op_mob":{"10":0,"11":0,"11.1":0,"11.5":0,"12":0.0301007377399,"12.1":0.180604426439,"0":null},"ie":{"5.5":null,"6":0.0399220860906,"7":0.0532294481208,"8":1.65011289174,"9":1.49042454738,"10":1.78318651205,"11":8.79173051462,"0":null},"ie_mob":{"10":0.796385815789,"11":1.69095618421},"bb":{"7":0.22168575,"10":null},"and_uc":{"0":2.00772},"op_mini":{"5.0-8.0":20.9651638358},"and_chr":{"0":9.908588},"and_ff":{"0":0.16731}},"total":91.96119975}