{"id":"NC","name":"New Caledonia","month":"2015-02","access_date":"2015-03-01","data":{"firefox":{"2":null,"3":0.008328,"3.5":null,"3.6":0.04164,"4":null,"5":null,"6":null,"7":null,"8":0.008328,"9":0.016656,"10":0.033312,"11":0.016656,"12":0.049968,"13":0.016656,"14":0.033312,"15":0.016656,"16":0.16656,"17":0.04164,"18":0.008328,"19":0.008328,"20":0.008328,"21":0.049968,"22":0.008328,"23":0.274824,"24":0.16656,"25":0.033312,"26":0.033312,"27":0.024984,"28":0.04164,"29":0.33312,"30":0.058296,"31":0.158232,"32":0.233184,"33":0.349776,"34":0.33312,"35":19.1544,"36":1.007688,"37":null,"38":null,"39":null},"chrome":{"4":0.04164,"5":null,"6":null,"7":null,"8":0.024984,"9":null,"10":null,"11":0.066624,"12":0.024984,"13":null,"14":null,"15":null,"16":null,"17":null,"18":0.008328,"19":null,"20":null,"21":null,"22":null,"23":0.049968,"24":0.024984,"25":0.058296,"26":0.016656,"27":0.033312,"28":0.049968,"29":0.04164,"30":0.016656,"31":0.149904,"32":0.108264,"33":0.066624,"34":0.08328,"35":0.174888,"36":0.424728,"37":0.216528,"38":0.308136,"39":1.382448,"40":29.281248,"41":0.266496,"42":0.241512,"43":null},"opera":{"9":null,"9.5-9.6":null,"10.0-10.1":0,"10.5":null,"10.6":null,"11":null,"11.1":null,"11.5":0.016656,"11.6":null,"12":0.008328,"12.1":0.133248,"15":null,"16":null,"17":null,"18":null,"19":null,"20":null,"21":null,"22":null,"23":null,"24":null,"25":null,"26":null,"27":0.66624,"28":null,"29":null},"safari":{"3.1":null,"3.2":null,"4":0.199872,"5":0.699552,"5.1":1.632288,"6":0.283152,"6.1":0.882768,"7":0.949392,"7.1":1.91544,"8":2.62332},"android":{"2.1":0,"2.2":0,"2.3":0.0940258821083,"3":0,"4":0.190031256472,"4.1":0.612157979832,"4.2-4.3":1.03626419545,"4.4":1.9359434253,"4.4.3-4.4.4":0.891761260838,"37":0},"ios_saf":{"3.2":0,"4.0-4.1":0,"4.2-4.3":0,"5.0-5.1":0.0322305323828,"6.0-6.1":0.0989533888945,"7.0-7.1":1.25246717944,"8":0.269153217793,"8.1":3.97849168149},"op_mob":{"10":0,"11":0,"11.1":0,"11.5":0,"12":6.65472636816e-5,"12.1":0.00039928358209,"0":null},"ie":{"5.5":null,"6":0.0422192616372,"7":0.0337754093098,"8":1.97586144462,"9":1.1061446549,"10":1.78165284109,"11":10.8334625361,"0":null},"ie_mob":{"10":0.0620986666667,"11":0.131853333333},"bb":{"7":0.00209,"10":null},"and_uc":{"0":0.028424},"op_mini":{"5.0-8.0":0.0463501691542},"and_chr":{"0":6.142712},"and_ff":{"0":0.17556}},"total":98.6619421477}