{"id":"NE","name":"Niger","month":"2015-02","access_date":"2015-03-01","data":{"firefox":{"2":0.006825,"3":0.147875,"3.5":0.0182,"3.6":0.1729,"4":0.02275,"5":0.015925,"6":0.020475,"7":0.061425,"8":0.0728,"9":0.02275,"10":0.025025,"11":0.1092,"12":0.14105,"13":0.020475,"14":0.0273,"15":0.20475,"16":0.106925,"17":0.025025,"18":0.034125,"19":0.0273,"20":0.0273,"21":0.02275,"22":0.029575,"23":0.056875,"24":0.05005,"25":0.13195,"26":0.02275,"27":0.0728,"28":0.02275,"29":0.10465,"30":0.21385,"31":0.1638,"32":0.111475,"33":0.3003,"34":0.288925,"35":6.21985,"36":0.316225,"37":0.14105,"38":null,"39":null},"chrome":{"4":null,"5":0.006825,"6":0.00455,"7":0.01365,"8":0.002275,"9":null,"10":0.006825,"11":0.047775,"12":0.01365,"13":0.02275,"14":0.00455,"15":0.002275,"16":null,"17":null,"18":null,"19":null,"20":0.006825,"21":0.01365,"22":null,"23":0.00455,"24":0.0091,"25":0.0091,"26":0.011375,"27":0.00455,"28":0.00455,"29":0.0091,"30":0.029575,"31":0.31395,"32":0.015925,"33":0.020475,"34":0.05005,"35":0.047775,"36":0.211575,"37":0.025025,"38":0.084175,"39":0.2275,"40":4.2679,"41":0.1638,"42":0.03185,"43":null},"opera":{"9":null,"9.5-9.6":null,"10.0-10.1":0,"10.5":null,"10.6":null,"11":null,"11.1":0.00455,"11.5":null,"11.6":0.0637,"12":0.002275,"12.1":0.025025,"15":0.002275,"16":null,"17":null,"18":0.0091,"19":0.01365,"20":0.006825,"21":0.00455,"22":0.025025,"23":null,"24":null,"25":0.00455,"26":0.029575,"27":0.370825,"28":0.00455,"29":null},"safari":{"3.1":null,"3.2":null,"4":0.0182,"5":0.015925,"5.1":0.03185,"6":0.006825,"6.1":0.015925,"7":0.0091,"7.1":0.091,"8":0.047775},"android":{"2.1":0,"2.2":0,"2.3":0.370790362824,"3":0,"4":0.749386838549,"4.1":2.4140404148,"4.2-4.3":4.08650010396,"4.4":7.63437841771,"4.4.3-4.4.4":3.51665386215,"37":0},"ios_saf":{"3.2":0,"4.0-4.1":0,"4.2-4.3":0,"5.0-5.1":0.00769319710814,"6.0-6.1":0.0236194648057,"7.0-7.1":0.298954940255,"8":0.0642449442715,"8.1":0.94963745356},"op_mob":{"10":0,"11":0,"11.1":0,"11.5":0,"12":0.0488206823028,"12.1":0.292924093817,"0":null},"ie":{"5.5":null,"6":0.0300460858586,"7":0.0300460858586,"8":1.21339962121,"9":1.54159532828,"10":0.70492739899,"11":2.39906439394,"0":null},"ie_mob":{"10":0.321536184211,"11":0.682713815789},"bb":{"7":0.04635,"10":null},"and_uc":{"0":10.560075},"op_mini":{"5.0-8.0":34.0036052239},"and_chr":{"0":5.167675},"and_ff":{"0":0.208575}},"total":93.4378539141}