{"id":"NG","name":"Nigeria","month":"2015-02","access_date":"2015-03-01","data":{"firefox":{"2":0.007041,"3":0.053981,"3.5":0.011735,"3.6":0.09388,"4":0.063369,"5":0.018776,"6":0.02347,"7":0.103268,"8":0.035205,"9":0.018776,"10":0.079798,"11":0.103268,"12":0.100921,"13":0.119697,"14":0.063369,"15":0.089186,"16":0.063369,"17":0.042246,"18":0.061022,"19":0.07041,"20":0.039899,"21":0.056328,"22":0.051634,"23":0.04694,"24":0.086839,"25":0.044593,"26":0.051634,"27":0.058675,"28":0.049287,"29":0.171331,"30":0.213577,"31":0.180719,"32":0.157249,"33":0.283987,"34":0.361438,"35":5.348813,"36":1.091355,"37":0.039899,"38":0.004694,"39":null},"chrome":{"4":0.007041,"5":0.007041,"6":0.009388,"7":0.002347,"8":0.004694,"9":0.009388,"10":0.007041,"11":0.044593,"12":0.014082,"13":0.004694,"14":0.004694,"15":0.072757,"16":0.007041,"17":0.004694,"18":0.004694,"19":0.007041,"20":0.004694,"21":0.032858,"22":0.016429,"23":0.009388,"24":0.009388,"25":0.011735,"26":0.107962,"27":0.014082,"28":0.014082,"29":0.021123,"30":0.02347,"31":0.075104,"32":0.018776,"33":0.077451,"34":0.030511,"35":0.058675,"36":0.25817,"37":0.084492,"38":0.110309,"39":0.443583,"40":6.423739,"41":0.072757,"42":0.122044,"43":null},"opera":{"9":null,"9.5-9.6":0.007041,"10.0-10.1":0.004694,"10.5":null,"10.6":0.007041,"11":0.004694,"11.1":0.004694,"11.5":0.016429,"11.6":0.009388,"12":0.014082,"12.1":0.091533,"15":0.009388,"16":0.007041,"17":0.007041,"18":0.011735,"19":0.014082,"20":0.014082,"21":0.011735,"22":0.009388,"23":0.002347,"24":0.004694,"25":0.016429,"26":0.063369,"27":0.476441,"28":0.002347,"29":null},"safari":{"3.1":null,"3.2":null,"4":0.009388,"5":0.016429,"5.1":0.068063,"6":0.02347,"6.1":0.044593,"7":0.063369,"7.1":0.098574,"8":0.206536},"android":{"2.1":0,"2.2":0,"2.3":0.0751297213848,"3":0,"4":0.151841121114,"4.1":0.489134028173,"4.2-4.3":0.828008613577,"4.4":1.54688142135,"4.4.3-4.4.4":0.712546094397,"37":0},"ios_saf":{"3.2":0,"4.0-4.1":0,"4.2-4.3":0,"5.0-5.1":0.00635124460287,"6.0-6.1":0.0194994351843,"7.0-7.1":0.246807136761,"8":0.0530384637012,"8.1":0.783988719751},"op_mob":{"10":0,"11":0,"11.1":0,"11.5":0,"12":0.070710021322,"12.1":0.424260127932,"0":null},"ie":{"5.5":null,"6":0.0500693333333,"7":0.0214582857143,"8":0.689049396825,"9":0.534072888889,"10":0.731965968254,"11":1.7047415873,"0":null},"ie_mob":{"10":0.343042368421,"11":0.728377631579},"bb":{"7":0.95853825,"10":null},"and_uc":{"0":8.158098},"op_mini":{"5.0-8.0":49.2495298507},"and_chr":{"0":3.259168},"and_ff":{"0":0.321426}},"total":91.3116007103}