{"id":"NI","name":"Nicaragua","month":"2015-02","access_date":"2015-03-01","data":{"firefox":{"2":null,"3":0.020436,"3.5":0.013624,"3.6":0.115804,"4":0.013624,"5":0.006812,"6":null,"7":0.006812,"8":0.013624,"9":0.013624,"10":0.027248,"11":0.027248,"12":0.061308,"13":0.027248,"14":0.047684,"15":0.027248,"16":0.040872,"17":0.03406,"18":0.027248,"19":0.020436,"20":0.06812,"21":0.095368,"22":0.040872,"23":0.040872,"24":0.054496,"25":0.054496,"26":0.081744,"27":0.074932,"28":0.061308,"29":0.143052,"30":0.197548,"31":0.231608,"32":0.252044,"33":0.320164,"34":0.44278,"35":10.83108,"36":0.57902,"37":0.020436,"38":null,"39":null},"chrome":{"4":0.013624,"5":0.013624,"6":0.020436,"7":null,"8":null,"9":null,"10":null,"11":0.088556,"12":0.013624,"13":null,"14":null,"15":null,"16":null,"17":null,"18":0.081744,"19":null,"20":0.013624,"21":0.027248,"22":0.040872,"23":0.020436,"24":0.027248,"25":0.040872,"26":0.047684,"27":0.074932,"28":0.047684,"29":0.061308,"30":0.074932,"31":0.177112,"32":0.10218,"33":0.183924,"34":0.20436,"35":0.44278,"36":0.640328,"37":0.728884,"38":0.91962,"39":3.058588,"40":35.83112,"41":0.217984,"42":0.108992,"43":null},"opera":{"9":null,"9.5-9.6":null,"10.0-10.1":0,"10.5":null,"10.6":null,"11":null,"11.1":null,"11.5":0.03406,"11.6":0.006812,"12":0.013624,"12.1":0.06812,"15":null,"16":null,"17":null,"18":null,"19":null,"20":0.006812,"21":null,"22":null,"23":null,"24":0.006812,"25":0.006812,"26":0.03406,"27":0.790192,"28":0.013624,"29":null},"safari":{"3.1":null,"3.2":null,"4":0.040872,"5":0.047684,"5.1":0.108992,"6":0.061308,"6.1":0.061308,"7":0.177112,"7.1":0.224796,"8":0.524524},"android":{"2.1":0,"2.2":0,"2.3":0.175689655889,"3":0,"4":0.355078041376,"4.1":1.14383212808,"4.2-4.3":1.93628494438,"4.4":3.61735754652,"4.4.3-4.4.4":1.66627768375,"37":0},"ios_saf":{"3.2":0,"4.0-4.1":0,"4.2-4.3":0,"5.0-5.1":0.0137942861733,"6.0-6.1":0.0423508786023,"7.0-7.1":0.536041120594,"8":0.115194389798,"8.1":1.70274732483},"op_mob":{"10":0,"11":0,"11.1":0,"11.5":0,"12":0.00989254299929,"12.1":0.0593552579957,"0":null},"ie":{"5.5":null,"6":0.0419766486486,"7":0.0769571891892,"8":1.44819437838,"9":0.776568,"10":1.25230335135,"11":3.61698789189,"0":null},"ie_mob":{"10":0.335816649123,"11":0.713035350877},"bb":{"7":0.132302,"10":null},"and_uc":{"0":1.552556},"op_mini":{"5.0-8.0":6.890156199},"and_chr":{"0":8.071992},"and_ff":{"0":0.121144}},"total":96.0906294595}