{"id":"NL","name":"Netherlands","month":"2015-02","access_date":"2015-03-01","data":{"firefox":{"2":null,"3":0.014216,"3.5":null,"3.6":0.078188,"4":0.007108,"5":null,"6":null,"7":null,"8":null,"9":null,"10":0.014216,"11":0.007108,"12":0.021324,"13":0.007108,"14":null,"15":0.014216,"16":0.03554,"17":0.056864,"18":0.007108,"19":0.014216,"20":0.014216,"21":0.021324,"22":0.007108,"23":0.014216,"24":0.056864,"25":0.014216,"26":0.03554,"27":0.14216,"28":0.028432,"29":0.028432,"30":0.063972,"31":0.3554,"32":0.135052,"33":0.113728,"34":0.21324,"35":9.84458,"36":0.561532,"37":0.014216,"38":null,"39":null},"chrome":{"4":null,"5":null,"6":null,"7":null,"8":null,"9":null,"10":null,"11":0.07108,"12":null,"13":null,"14":null,"15":null,"16":null,"17":null,"18":0.021324,"19":null,"20":null,"21":0.014216,"22":0.028432,"23":0.007108,"24":0.03554,"25":0.007108,"26":0.021324,"27":0.056864,"28":0.021324,"29":0.03554,"30":0.03554,"31":0.163484,"32":0.056864,"33":0.10662,"34":0.10662,"35":0.277212,"36":0.305644,"37":0.369616,"38":0.597072,"39":1.556652,"40":28.311164,"41":0.163484,"42":0.085296,"43":null},"opera":{"9":null,"9.5-9.6":null,"10.0-10.1":0,"10.5":null,"10.6":null,"11":null,"11.1":null,"11.5":null,"11.6":null,"12":0.007108,"12.1":0.120836,"15":null,"16":null,"17":null,"18":null,"19":null,"20":null,"21":null,"22":null,"23":null,"24":0.007108,"25":0.007108,"26":0.014216,"27":0.42648,"28":0.014216,"29":null},"safari":{"3.1":null,"3.2":null,"4":0.042648,"5":0.135052,"5.1":0.525992,"6":0.078188,"6.1":0.3554,"7":0.3554,"7.1":0.95958,"8":2.693932},"android":{"2.1":0,"2.2":0,"2.3":0.0918561014658,"3":0,"4":0.185646015594,"4.1":0.598031565859,"4.2-4.3":1.01235092879,"4.4":1.89126878387,"4.4.3-4.4.4":0.871182604429,"37":0},"ios_saf":{"3.2":0,"4.0-4.1":0,"4.2-4.3":0,"5.0-5.1":0.0677815222412,"6.0-6.1":0.208101164776,"7.0-7.1":2.6339661713,"8":0.56603516819,"8.1":8.36685597349},"op_mob":{"10":0,"11":0,"11.1":0,"11.5":0,"12":0.000119215351812,"12.1":0.000715292110874,"0":null},"ie":{"5.5":null,"6":0.0214986002136,"7":0.0573296005696,"8":1.24691881239,"9":2.39351082378,"10":1.48340341474,"11":14.9128623482,"0":null},"ie_mob":{"10":0.128706684211,"11":0.273281315789},"bb":{"7":0.016629,"10":null},"and_uc":{"0":0.078084},"op_mini":{"5.0-8.0":0.0830334925373},"and_chr":{"0":11.703052},"and_ff":{"0":0.133032}},"total":99.1650845999}