{"id":"NO","name":"Norway","month":"2015-02","access_date":"2015-03-01","data":{"firefox":{"2":null,"3":null,"3.5":null,"3.6":0.023721,"4":0.007907,"5":null,"6":null,"7":null,"8":null,"9":null,"10":0.015814,"11":null,"12":0.015814,"13":null,"14":null,"15":0.015814,"16":0.023721,"17":0.015814,"18":null,"19":0.007907,"20":0.007907,"21":0.023721,"22":null,"23":0.015814,"24":0.023721,"25":null,"26":0.023721,"27":0.015814,"28":0.023721,"29":0.023721,"30":0.142326,"31":0.23721,"32":0.071163,"33":0.102791,"34":0.221396,"35":9.124678,"36":0.498141,"37":0.007907,"38":null,"39":null},"chrome":{"4":null,"5":null,"6":null,"7":null,"8":null,"9":null,"10":null,"11":0.023721,"12":null,"13":null,"14":null,"15":null,"16":null,"17":null,"18":0.023721,"19":null,"20":null,"21":0.007907,"22":0.023721,"23":null,"24":0.015814,"25":null,"26":0.015814,"27":0.023721,"28":0.023721,"29":0.023721,"30":0.023721,"31":0.205582,"32":0.086977,"33":0.150233,"34":0.110698,"35":0.355815,"36":0.379536,"37":0.31628,"38":0.498141,"39":3.755825,"40":31.968001,"41":0.292559,"42":0.118605,"43":null},"opera":{"9":null,"9.5-9.6":null,"10.0-10.1":0,"10.5":null,"10.6":null,"11":null,"11.1":null,"11.5":null,"11.6":null,"12":null,"12.1":0.798607,"15":null,"16":null,"17":0.007907,"18":null,"19":null,"20":0.007907,"21":null,"22":0.007907,"23":null,"24":0.015814,"25":0.015814,"26":0.039535,"27":1.510237,"28":0.015814,"29":null},"safari":{"3.1":null,"3.2":null,"4":0.031628,"5":0.110698,"5.1":0.466513,"6":0.15814,"6.1":0.521862,"7":0.782793,"7.1":1.763261,"8":3.463266},"android":{"2.1":0,"2.2":0,"2.3":0.0396884499428,"3":0,"4":0.0802124462002,"4.1":0.258392697786,"4.2-4.3":0.437408495686,"4.4":0.817164295665,"4.4.3-4.4.4":0.376413614721,"37":0},"ios_saf":{"3.2":0,"4.0-4.1":0,"4.2-4.3":0,"5.0-5.1":0.0620523325635,"6.0-6.1":0.190511547344,"7.0-7.1":2.41133187067,"8":0.518191408776,"8.1":7.65965284065},"op_mob":{"10":0,"11":0,"11.1":0,"11.5":0,"12":0.000163631840796,"12.1":0.000981791044776,"0":null},"ie":{"5.5":null,"6":0.0158465123355,"7":0.0396162808388,"8":0.927020971628,"9":2.37697685033,"10":1.75103961308,"11":14.1509355156,"0":null},"ie_mob":{"10":0.0931476798246,"11":0.197779320175},"bb":{"7":0.0052325,"10":null},"and_uc":{"0":0.014651},"op_mini":{"5.0-8.0":0.113969577114},"and_chr":{"0":7.556196},"and_ff":{"0":0.092092}},"total":99.0384702438}