{"id":"NP","name":"Nepal","month":"2015-02","access_date":"2015-03-01","data":{"firefox":{"2":0.005171,"3":0.031026,"3.5":0.020684,"3.6":0.072394,"4":0.05171,"5":0.036197,"6":0.036197,"7":0.020684,"8":0.041368,"9":0.056881,"10":0.05171,"11":0.098249,"12":0.134446,"13":0.072394,"14":0.10342,"15":0.113762,"16":0.087907,"17":0.046539,"18":0.020684,"19":0.046539,"20":0.036197,"21":0.072394,"22":0.056881,"23":0.05171,"24":0.041368,"25":0.046539,"26":0.056881,"27":0.046539,"28":0.05171,"29":0.160301,"30":0.191327,"31":0.25855,"32":0.191327,"33":0.289576,"34":0.41368,"35":9.126815,"36":2.17182,"37":0.082736,"38":0.005171,"39":null},"chrome":{"4":0.05171,"5":0.082736,"6":0.062052,"7":0.036197,"8":0.05171,"9":0.046539,"10":0.05171,"11":0.134446,"12":0.284405,"13":0.020684,"14":0.056881,"15":0.041368,"16":0.046539,"17":0.062052,"18":0.031026,"19":0.025855,"20":0.046539,"21":0.010342,"22":0.025855,"23":0.025855,"24":0.015513,"25":0.046539,"26":0.020684,"27":0.062052,"28":0.046539,"29":0.046539,"30":0.093078,"31":0.134446,"32":0.191327,"33":0.382654,"34":0.087907,"35":0.139617,"36":0.899754,"37":0.222353,"38":0.41368,"39":1.727114,"40":24.996614,"41":0.418851,"42":0.67223,"43":null},"opera":{"9":null,"9.5-9.6":0.010342,"10.0-10.1":0,"10.5":null,"10.6":null,"11":0.020684,"11.1":0.005171,"11.5":0.015513,"11.6":0.020684,"12":0.020684,"12.1":0.093078,"15":0.010342,"16":0.010342,"17":0.005171,"18":0.015513,"19":0.005171,"20":0.031026,"21":0.010342,"22":0.010342,"23":null,"24":0.010342,"25":0.005171,"26":0.046539,"27":0.77565,"28":0.010342,"29":null},"safari":{"3.1":null,"3.2":null,"4":0.010342,"5":0.025855,"5.1":0.15513,"6":0.025855,"6.1":0.046539,"7":0.082736,"7.1":0.129275,"8":0.305089},"android":{"2.1":0,"2.2":0,"2.3":0.149182413972,"3":0,"4":0.301505510344,"4.1":0.97125603202,"4.2-4.3":1.6441472361,"4.4":3.07158738663,"4.4.3-4.4.4":1.41487742094,"37":0},"ios_saf":{"3.2":0,"4.0-4.1":0,"4.2-4.3":0,"5.0-5.1":0.0174399681695,"6.0-6.1":0.0535437619239,"7.0-7.1":0.677711043779,"8":0.145639032433,"8.1":2.15276519369},"op_mob":{"10":0,"11":0,"11.1":0,"11.5":0,"12":0.0271892949538,"12.1":0.163135769723,"0":null},"ie":{"5.5":null,"6":0.0589705061224,"7":0.0268047755102,"8":0.696924163265,"9":0.187633428571,"10":0.487846914286,"11":1.16868821224,"0":null},"ie_mob":{"10":0.180896881579,"11":0.384096118421},"bb":{"7":0.02052325,"10":null},"and_uc":{"0":7.393199},"op_mini":{"5.0-8.0":18.9373439353},"and_chr":{"0":7.583377},"and_ff":{"0":0.130383}},"total":96.27141325}