{"id":"NR","name":"Nauru","month":"2015-02","access_date":"2015-03-01","data":{"firefox":{"2":null,"3":0.124831,"3.5":null,"3.6":null,"4":null,"5":null,"6":null,"7":null,"8":null,"9":0.491981,"10":null,"11":null,"12":null,"13":null,"14":null,"15":null,"16":0.124831,"17":null,"18":null,"19":null,"20":null,"21":null,"22":null,"23":null,"24":null,"25":null,"26":0.124831,"27":0.124831,"28":null,"29":null,"30":3.443867,"31":0.491981,"32":7.254884,"33":0.124831,"34":0.491981,"35":8.121358,"36":1.351112,"37":null,"38":null,"39":null},"chrome":{"4":null,"5":null,"6":null,"7":null,"8":null,"9":null,"10":null,"11":2.827055,"12":null,"13":null,"14":null,"15":null,"16":null,"17":null,"18":null,"19":null,"20":null,"21":null,"22":null,"23":null,"24":null,"25":null,"26":null,"27":null,"28":null,"29":null,"30":null,"31":null,"32":null,"33":null,"34":null,"35":null,"36":0.36715,"37":null,"38":0.491981,"39":0.491981,"40":21.896826,"41":0.124831,"42":null,"43":null},"opera":{"9":null,"9.5-9.6":null,"10.0-10.1":0,"10.5":null,"10.6":null,"11":null,"11.1":null,"11.5":null,"11.6":null,"12":null,"12.1":null,"15":null,"16":null,"17":null,"18":null,"19":null,"20":null,"21":null,"22":null,"23":null,"24":null,"25":null,"26":null,"27":null,"28":null,"29":null},"safari":{"3.1":null,"3.2":null,"4":0,"5":null,"5.1":null,"6":null,"6.1":null,"7":null,"7.1":0.124831,"8":1.108793},"android":{"2.1":0,"2.2":0,"2.3":0,"3":0,"4":0,"4.1":0,"4.2-4.3":0,"4.4":0,"4.4.3-4.4.4":0,"37":0},"ios_saf":{"3.2":0,"4.0-4.1":0,"4.2-4.3":0,"5.0-5.1":0.000699533487298,"6.0-6.1":0.00214769053118,"7.0-7.1":0.0271836258661,"8":0.0058417182448,"8.1":0.0863494318707},"op_mob":{"10":0,"11":0,"11.1":0,"11.5":0,"12":0,"12.1":0,"0":null},"ie":{"5.5":null,"6":null,"7":null,"8":7.379715,"9":2.709567,"10":1.725605,"11":11.932375,"0":null},"ie_mob":{"10":0,"11":0},"bb":{"7":0,"10":null},"and_uc":{"0":null},"op_mini":{"5.0-8.0":0},"and_chr":{"0":26.447778},"and_ff":{"0":null}},"total":100.022029}