{"id":"NU","name":"Niue","month":"2015-02","access_date":"2015-03-01","data":{"firefox":{"2":null,"3":null,"3.5":null,"3.6":0.04437,"4":null,"5":null,"6":null,"7":null,"8":null,"9":null,"10":null,"11":null,"12":null,"13":null,"14":null,"15":null,"16":null,"17":null,"18":null,"19":null,"20":null,"21":null,"22":null,"23":null,"24":null,"25":null,"26":null,"27":null,"28":0.692172,"29":1.703808,"30":null,"31":null,"32":12.06864,"33":0.04437,"34":1.37547,"35":18.023094,"36":1.135872,"37":null,"38":null,"39":null},"chrome":{"4":null,"5":null,"6":null,"7":null,"8":null,"9":null,"10":null,"11":null,"12":null,"13":null,"14":null,"15":null,"16":0.04437,"17":null,"18":null,"19":null,"20":null,"21":null,"22":null,"23":null,"24":null,"25":null,"26":null,"27":null,"28":null,"29":null,"30":null,"31":null,"32":null,"33":0.079866,"34":null,"35":0.04437,"36":null,"37":0.283968,"38":null,"39":6.682122,"40":37.466028,"41":0.124236,"42":0.04437,"43":null},"opera":{"9":null,"9.5-9.6":null,"10.0-10.1":0,"10.5":null,"10.6":null,"11":null,"11.1":null,"11.5":null,"11.6":null,"12":null,"12.1":null,"15":null,"16":null,"17":null,"18":null,"19":null,"20":null,"21":null,"22":null,"23":null,"24":null,"25":null,"26":null,"27":null,"28":null,"29":null},"safari":{"3.1":null,"3.2":null,"4":0,"5":0.079866,"5.1":0.204102,"6":0.4437,"6.1":null,"7":null,"7.1":0.079866,"8":3.23901},"android":{"2.1":0,"2.2":0,"2.3":0.127198550785,"3":0,"4":0.257074965797,"4.1":0.828129512215,"4.2-4.3":1.40186192286,"4.4":2.61895121406,"4.4.3-4.4.4":1.20637783429,"37":0},"ios_saf":{"3.2":0,"4.0-4.1":0,"4.2-4.3":0,"5.0-5.1":0.00625772888844,"6.0-6.1":0.0192123255347,"7.0-7.1":0.243173148911,"8":0.0522575254544,"8.1":0.772445271212},"op_mob":{"10":0,"11":0,"11.1":0,"11.5":0,"12":0,"12.1":0,"0":null},"ie":{"5.5":null,"6":0.04437,"7":0.124236,"8":0.159732,"9":null,"10":0.204102,"11":4.295016,"0":null},"ie_mob":{"10":0.168722210526,"11":0.358245789474},"bb":{"7":0,"10":null},"and_uc":{"0":null},"op_mini":{"5.0-8.0":0},"and_chr":{"0":3.16339},"and_ff":{"0":0.081072}},"total":100.035496}