{"id":"NZ","name":"New Zealand","month":"2015-02","access_date":"2015-03-01","data":{"firefox":{"2":null,"3":0.0156,"3.5":null,"3.6":0.039,"4":null,"5":null,"6":null,"7":null,"8":null,"9":null,"10":0.0156,"11":0.0156,"12":0.0312,"13":null,"14":null,"15":0.0156,"16":0.039,"17":0.0156,"18":0.0156,"19":0.0156,"20":0.0546,"21":0.0234,"22":0.0156,"23":0.0156,"24":0.0312,"25":0.0156,"26":0.0312,"27":0.1248,"28":0.0312,"29":0.0234,"30":0.0702,"31":0.1794,"32":0.156,"33":0.117,"34":0.2808,"35":10.2726,"36":0.6318,"37":0.0156,"38":0.0156,"39":null},"chrome":{"4":null,"5":null,"6":null,"7":null,"8":null,"9":null,"10":null,"11":0.039,"12":null,"13":null,"14":null,"15":null,"16":null,"17":null,"18":0.0078,"19":null,"20":0.0234,"21":0.039,"22":0.0624,"23":0.0156,"24":0.0156,"25":0.0234,"26":0.0624,"27":0.0312,"28":0.0312,"29":0.0312,"30":0.0936,"31":0.702,"32":0.0936,"33":0.2106,"34":0.2028,"35":0.3042,"36":0.4602,"37":0.3432,"38":0.7644,"39":2.379,"40":34.3278,"41":0.2184,"42":0.1248,"43":null},"opera":{"9":null,"9.5-9.6":null,"10.0-10.1":0,"10.5":null,"10.6":null,"11":null,"11.1":null,"11.5":null,"11.6":null,"12":null,"12.1":0.117,"15":null,"16":null,"17":null,"18":null,"19":null,"20":null,"21":null,"22":null,"23":null,"24":null,"25":null,"26":0.0078,"27":0.312,"28":null,"29":null},"safari":{"3.1":null,"3.2":null,"4":0.0702,"5":0.2496,"5.1":0.8034,"6":0.1872,"6.1":0.5694,"7":0.7332,"7.1":1.3962,"8":3.0498},"android":{"2.1":0,"2.2":0,"2.3":0.0787851127976,"3":0,"4":0.159228859549,"4.1":0.512932550161,"4.2-4.3":0.868294874727,"4.4":1.62214400665,"4.4.3-4.4.4":0.747214596112,"37":0},"ios_saf":{"3.2":0,"4.0-4.1":0,"4.2-4.3":0,"5.0-5.1":0.0520411888744,"6.0-6.1":0.159775579877,"7.0-7.1":2.02230233959,"8":0.434589577267,"8.1":6.42389131439},"op_mob":{"10":0,"11":0,"11.1":0,"11.5":0,"12":0.000190760483298,"12.1":0.00114456289979,"0":null},"ie":{"5.5":null,"6":0.0235827232796,"7":0.0628872620791,"8":1.21057979502,"9":1.55645973646,"10":1.3913806735,"11":11.8621098097,"0":null},"ie_mob":{"10":0.154260526316,"11":0.327539473684},"bb":{"7":0.00825,"10":null},"and_uc":{"0":0.2486},"op_mini":{"5.0-8.0":0.132864676617},"and_chr":{"0":8.1016},"and_ff":{"0":0.1386}},"total":98.72785}