{"id":"OM","name":"Oman","month":"2015-02","access_date":"2015-03-01","data":{"firefox":{"2":null,"3":0.016445,"3.5":null,"3.6":0.019734,"4":0.013156,"5":0.003289,"6":0.016445,"7":null,"8":0.009867,"9":0.009867,"10":0.016445,"11":0.026312,"12":0.029601,"13":0.013156,"14":0.013156,"15":0.009867,"16":0.023023,"17":0.003289,"18":0.009867,"19":0.009867,"20":0.013156,"21":0.013156,"22":0.003289,"23":0.016445,"24":0.006578,"25":0.009867,"26":0.006578,"27":0.016445,"28":0.013156,"29":0.03289,"30":0.023023,"31":0.029601,"32":0.042757,"33":0.052624,"34":0.121693,"35":2.864719,"36":0.358501,"37":0.009867,"38":0.003289,"39":null},"chrome":{"4":0.009867,"5":0.023023,"6":0.016445,"7":0.023023,"8":0.006578,"9":0.019734,"10":0.023023,"11":0.075647,"12":0.03289,"13":0.023023,"14":0.026312,"15":0.009867,"16":null,"17":0.003289,"18":0.013156,"19":0.009867,"20":0.016445,"21":0.013156,"22":0.03289,"23":0.006578,"24":0.003289,"25":0.016445,"26":0.019734,"27":0.016445,"28":0.019734,"29":0.049335,"30":0.049335,"31":0.095381,"32":0.039468,"33":0.171028,"34":0.075647,"35":0.128271,"36":0.483483,"37":0.151294,"38":0.276276,"39":0.957099,"40":15.19518,"41":0.157872,"42":0.157872,"43":null},"opera":{"9":null,"9.5-9.6":null,"10.0-10.1":0,"10.5":null,"10.6":null,"11":null,"11.1":null,"11.5":null,"11.6":null,"12":0.023023,"12.1":0.042757,"15":null,"16":null,"17":0.003289,"18":null,"19":null,"20":null,"21":null,"22":null,"23":null,"24":null,"25":null,"26":0.009867,"27":0.289432,"28":null,"29":null},"safari":{"3.1":null,"3.2":null,"4":0.013156,"5":0.023023,"5.1":0.075647,"6":0.039468,"6.1":0.062491,"7":0.078936,"7.1":0.138138,"8":0.381524},"android":{"2.1":0,"2.2":0,"2.3":0.399932064664,"3":0,"4":0.808283751741,"4.1":2.60376823152,"4.2-4.3":4.40767233371,"4.4":8.23439072086,"4.4.3-4.4.4":3.79303989749,"37":0},"ios_saf":{"3.2":0,"4.0-4.1":0,"4.2-4.3":0,"5.0-5.1":0.0264646152224,"6.0-6.1":0.0812510116478,"7.0-7.1":1.02840566171,"8":0.221002751682,"8.1":3.26675495973},"op_mob":{"10":0,"11":0,"11.1":0,"11.5":0,"12":0.000372038379531,"12.1":0.00223223027719,"0":null},"ie":{"5.5":null,"6":0.0368209075123,"7":0.0334735522839,"8":1.7807929815,"9":1.45944687958,"10":1.21174259268,"11":4.34486708645,"0":null},"ie_mob":{"10":0.184787973684,"11":0.392358026316},"bb":{"7":0.09227625,"10":null},"and_uc":{"0":18.851199},"op_mini":{"5.0-8.0":0.259124731343},"and_chr":{"0":16.102277},"and_ff":{"0":0.167775}},"total":93.30028425}