{"id":"PA","name":"Panama","month":"2015-02","access_date":"2015-03-01","data":{"firefox":{"2":0.006615,"3":0.019845,"3.5":null,"3.6":0.046305,"4":null,"5":null,"6":null,"7":null,"8":0.01323,"9":null,"10":null,"11":0.01323,"12":0.019845,"13":0.006615,"14":0.006615,"15":0.006615,"16":0.033075,"17":0.006615,"18":null,"19":null,"20":0.02646,"21":0.01323,"22":0.01323,"23":0.033075,"24":0.01323,"25":0.01323,"26":0.033075,"27":0.019845,"28":0.01323,"29":0.019845,"30":0.03969,"31":0.19845,"32":0.125685,"33":0.165375,"34":0.152145,"35":6.793605,"36":0.38367,"37":0.01323,"38":null,"39":null},"chrome":{"4":null,"5":null,"6":null,"7":null,"8":null,"9":null,"10":null,"11":0.06615,"12":null,"13":null,"14":null,"15":null,"16":null,"17":null,"18":0.02646,"19":null,"20":0.019845,"21":0.072765,"22":0.06615,"23":null,"24":null,"25":0.03969,"26":0.06615,"27":0.03969,"28":0.02646,"29":0.085995,"30":0.05292,"31":0.191835,"32":0.178605,"33":0.09261,"34":0.191835,"35":0.390285,"36":0.58212,"37":0.681345,"38":0.72765,"39":2.216025,"40":32.73102,"41":0.14553,"42":0.059535,"43":null},"opera":{"9":null,"9.5-9.6":null,"10.0-10.1":0,"10.5":null,"10.6":null,"11":null,"11.1":null,"11.5":null,"11.6":null,"12":null,"12.1":0.072765,"15":null,"16":null,"17":null,"18":null,"19":null,"20":null,"21":0.006615,"22":null,"23":null,"24":null,"25":null,"26":0.019845,"27":0.62181,"28":0.006615,"29":null},"safari":{"3.1":null,"3.2":null,"4":0.059535,"5":0.178605,"5.1":0.377055,"6":0.205065,"6.1":0.3969,"7":0.535815,"7.1":0.82026,"8":2.017575},"android":{"2.1":0,"2.2":0,"2.3":0.303354979728,"3":0,"4":0.613096380081,"4.1":1.97500057854,"4.2-4.3":3.34329119763,"4.4":6.24591937208,"4.4.3-4.4.4":2.87708249194,"37":0},"ios_saf":{"3.2":0,"4.0-4.1":0,"4.2-4.3":0,"5.0-5.1":0.0195482985239,"6.0-6.1":0.0600167059946,"7.0-7.1":0.759640021589,"8":0.163245440305,"8.1":2.41301453359},"op_mob":{"10":0,"11":0,"11.1":0,"11.5":0,"12":0.000822793176972,"12.1":0.00493675906183,"0":null},"ie":{"5.5":null,"6":0.0272111408677,"7":0.0680278521693,"8":1.68028794858,"9":1.0068122121,"10":1.39457096947,"11":8.51028430637,"0":null},"ie_mob":{"10":0.0964576535088,"11":0.204807346491},"bb":{"7":0.12778375,"10":null},"and_uc":{"0":0.280955},"op_mini":{"5.0-8.0":0.573075447761},"and_chr":{"0":13.16574},"and_ff":{"0":0.152325}},"total":98.3853431796}