{"id":"PE","name":"Peru","month":"2015-02","access_date":"2015-03-01","data":{"firefox":{"2":0.008658,"3":0.051948,"3.5":null,"3.6":0.04329,"4":0.008658,"5":null,"6":null,"7":null,"8":0.017316,"9":null,"10":0.008658,"11":0.008658,"12":0.034632,"13":0.017316,"14":0.034632,"15":0.008658,"16":0.025974,"17":0.017316,"18":0.017316,"19":0.017316,"20":0.025974,"21":0.025974,"22":0.017316,"23":0.017316,"24":0.017316,"25":0.017316,"26":0.025974,"27":0.034632,"28":0.025974,"29":0.069264,"30":0.112554,"31":0.147186,"32":0.112554,"33":0.164502,"34":0.225108,"35":5.792202,"36":0.30303,"37":0.008658,"38":null,"39":null},"chrome":{"4":0.008658,"5":null,"6":null,"7":null,"8":0.008658,"9":null,"10":null,"11":0.077922,"12":0.025974,"13":0.051948,"14":0.008658,"15":0.008658,"16":0.025974,"17":0.008658,"18":0.051948,"19":null,"20":0.025974,"21":0.025974,"22":0.155844,"23":0.051948,"24":0.034632,"25":0.077922,"26":0.138528,"27":0.08658,"28":0.060606,"29":0.12987,"30":0.138528,"31":0.277056,"32":0.12987,"33":0.320346,"34":0.354978,"35":0.640692,"36":0.831168,"37":0.943722,"38":1.108224,"39":4.060602,"40":52.874406,"41":0.268398,"42":0.08658,"43":0.008658},"opera":{"9":null,"9.5-9.6":null,"10.0-10.1":0,"10.5":null,"10.6":null,"11":null,"11.1":null,"11.5":null,"11.6":null,"12":0.008658,"12.1":0.025974,"15":null,"16":null,"17":null,"18":null,"19":null,"20":null,"21":null,"22":null,"23":null,"24":null,"25":null,"26":0.017316,"27":0.502164,"28":0.008658,"29":null},"safari":{"3.1":null,"3.2":null,"4":0.034632,"5":0.025974,"5.1":0.08658,"6":0.051948,"6.1":0.060606,"7":0.103896,"7.1":0.164502,"8":0.34632},"android":{"2.1":0,"2.2":0,"2.3":0.0606501964861,"3":0,"4":0.122577239214,"4.1":0.394864700281,"4.2-4.3":0.668429007589,"4.4":1.24875562449,"4.4.3-4.4.4":0.575219231937,"37":0},"ios_saf":{"3.2":0,"4.0-4.1":0,"4.2-4.3":0,"5.0-5.1":0.00687439803193,"6.0-6.1":0.0211056079928,"7.0-7.1":0.267136695451,"8":0.0574072537403,"8.1":0.848566044784},"op_mob":{"10":0,"11":0,"11.1":0,"11.5":0,"12":0.00133341577825,"12.1":0.00800049466951,"0":null},"ie":{"5.5":null,"6":0.0803932105263,"7":0.0982583684211,"8":3.21572842105,"9":1.85797642105,"10":1.84011126316,"11":6.14561431579,"0":null},"ie_mob":{"10":0.26339104386,"11":0.55925495614},"bb":{"7":0.050996,"10":null},"and_uc":{"0":0.155672},"op_mini":{"5.0-8.0":0.928724089552},"and_chr":{"0":7.148828},"and_ff":{"0":0.108702}},"total":98.743156}