{"id":"PF","name":"French Polynesia","month":"2015-02","access_date":"2015-03-01","data":{"firefox":{"2":0.016022,"3":0.032044,"3.5":0.032044,"3.6":0.152209,"4":0.024033,"5":0.048066,"6":0.016022,"7":0.072099,"8":null,"9":0.072099,"10":0.072099,"11":0.048066,"12":0.120165,"13":0.064088,"14":0.032044,"15":0.032044,"16":0.128176,"17":0.112154,"18":0.016022,"19":0.024033,"20":0.048066,"21":0.016022,"22":0.104143,"23":0.024033,"24":0.096132,"25":0.064088,"26":0.112154,"27":0.032044,"28":0.056077,"29":0.056077,"30":0.40055,"31":0.368506,"32":0.176242,"33":0.648891,"34":0.424583,"35":21.717821,"36":1.321815,"37":0.048066,"38":null,"39":null},"chrome":{"4":null,"5":null,"6":null,"7":0.032044,"8":0.016022,"9":null,"10":null,"11":0.048066,"12":null,"13":null,"14":null,"15":null,"16":null,"17":null,"18":0.016022,"19":null,"20":null,"21":null,"22":0.08011,"23":0.200275,"24":0.024033,"25":0.016022,"26":0.056077,"27":0.016022,"28":0.088121,"29":0.008011,"30":0.016022,"31":0.16022,"32":0.176242,"33":0.096132,"34":0.152209,"35":0.336462,"36":0.536737,"37":0.352484,"38":0.576792,"39":1.369881,"40":27.629939,"41":0.192264,"42":0.136187,"43":null},"opera":{"9":null,"9.5-9.6":null,"10.0-10.1":0,"10.5":null,"10.6":null,"11":null,"11.1":null,"11.5":null,"11.6":0.008011,"12":null,"12.1":0.192264,"15":null,"16":null,"17":null,"18":0.048066,"19":null,"20":null,"21":null,"22":null,"23":null,"24":null,"25":null,"26":null,"27":0.424583,"28":null,"29":null},"safari":{"3.1":null,"3.2":null,"4":0.032044,"5":0.48066,"5.1":1.337837,"6":0.176242,"6.1":0.64088,"7":0.696957,"7.1":1.706343,"8":2.683685},"android":{"2.1":0,"2.2":0,"2.3":0.0964910032228,"3":0,"4":0.195013395987,"4.1":0.628207215719,"4.2-4.3":1.06343242499,"4.4":1.98669897162,"4.4.3-4.4.4":0.91514098846,"37":0},"ios_saf":{"3.2":0,"4.0-4.1":0,"4.2-4.3":0,"5.0-5.1":0.0367019331258,"6.0-6.1":0.112681373632,"7.0-7.1":1.4262242434,"8":0.306493336279,"8.1":4.53043511357},"op_mob":{"10":0,"11":0,"11.1":0,"11.5":0,"12":4.80639658849e-5,"12.1":0.000288383795309,"0":null},"ie":{"5.5":null,"6":0.024033,"7":0.064088,"8":1.017397,"9":0.624858,"10":1.68231,"11":7.578406,"0":null},"ie_mob":{"10":0.245179144737,"11":0.520585855263},"bb":{"7":0.001989,"10":null},"and_uc":{"0":0.025857},"op_mini":{"5.0-8.0":0.0334765522388},"and_chr":{"0":7.820895},"and_ff":{"0":0.173043}},"total":98.698781}