{"id":"PG","name":"Papua New Guinea","month":"2015-02","access_date":"2015-03-01","data":{"firefox":{"2":0.001213,"3":0.023047,"3.5":0.004852,"3.6":0.016982,"4":0.010917,"5":0.004852,"6":0.004852,"7":0.02426,"8":0.082484,"9":0.003639,"10":0.035177,"11":0.019408,"12":0.018195,"13":0.006065,"14":0.008491,"15":0.033964,"16":0.008491,"17":0.002426,"18":0.009704,"19":0.019408,"20":0.02426,"21":0.006065,"22":0.01213,"23":0.004852,"24":0.023047,"25":0.014556,"26":0.013343,"27":0.013343,"28":0.015769,"29":0.038816,"30":0.032751,"31":0.075206,"32":0.225618,"33":0.073993,"34":0.105531,"35":1.187527,"36":0.090975,"37":0.013343,"38":0.004852,"39":0.001213},"chrome":{"4":0.002426,"5":null,"6":null,"7":null,"8":0.008491,"9":0.002426,"10":0.014556,"11":0.046094,"12":0.008491,"13":0.002426,"14":0.002426,"15":0.001213,"16":null,"17":null,"18":0.006065,"19":null,"20":0.003639,"21":0.009704,"22":0.007278,"23":0.008491,"24":0.002426,"25":0.007278,"26":0.015769,"27":0.003639,"28":0.029112,"29":0.008491,"30":0.013343,"31":0.058224,"32":0.010917,"33":0.032751,"34":0.014556,"35":0.023047,"36":0.126152,"37":0.031538,"38":0.053372,"39":0.190441,"40":3.055547,"41":0.014556,"42":0.026686,"43":null},"opera":{"9":null,"9.5-9.6":null,"10.0-10.1":0,"10.5":null,"10.6":null,"11":null,"11.1":0.001213,"11.5":0.003639,"11.6":0.003639,"12":0.002426,"12.1":0.033964,"15":null,"16":null,"17":0.002426,"18":null,"19":0.021834,"20":0.002426,"21":0.003639,"22":null,"23":null,"24":0.020621,"25":0.002426,"26":0.016982,"27":0.164968,"28":0.002426,"29":null},"safari":{"3.1":null,"3.2":null,"4":0.004852,"5":0.008491,"5.1":0.059437,"6":0.023047,"6.1":0.047307,"7":0.082484,"7.1":0.054585,"8":0.105531},"android":{"2.1":0,"2.2":0,"2.3":0.770632415012,"3":0,"4":1.55748867034,"4.1":5.01722261774,"4.2-4.3":8.49318040545,"4.4":15.8669158291,"4.4.3-4.4.4":7.30884006238,"37":0},"ios_saf":{"3.2":0,"4.0-4.1":0,"4.2-4.3":0,"5.0-5.1":0.00663855688322,"6.0-6.1":0.0203815342906,"7.0-7.1":0.257971991164,"8":0.0554377732704,"8.1":0.819454144392},"op_mob":{"10":0,"11":0,"11.1":0,"11.5":0,"12":0.00781899360341,"12.1":0.0469139616205,"0":null},"ie":{"5.5":null,"6":0.018232295754,"7":0.0352491051245,"8":0.679456888433,"9":0.84354755022,"10":0.55669276369,"11":2.00555253294,"0":null},"ie_mob":{"10":0.461394578947,"11":0.979673421053},"bb":{"7":0.035148,"10":null},"and_uc":{"0":24.946293},"op_mini":{"5.0-8.0":5.44592904478},"and_chr":{"0":5.283662},"and_ff":{"0":0.08787}},"total":88.4331491362}