{"id":"PH","name":"Philippines","month":"2015-02","access_date":"2015-03-01","data":{"firefox":{"2":null,"3":0.022839,"3.5":0.015226,"3.6":0.091356,"4":0.038065,"5":0.022839,"6":0.022839,"7":0.015226,"8":0.022839,"9":0.07613,"10":0.038065,"11":0.060904,"12":0.091356,"13":0.060904,"14":0.053291,"15":0.045678,"16":0.068517,"17":0.045678,"18":0.053291,"19":0.053291,"20":0.068517,"21":0.068517,"22":0.060904,"23":0.068517,"24":0.060904,"25":0.068517,"26":0.083743,"27":0.083743,"28":0.07613,"29":0.197938,"30":0.258842,"31":0.296907,"32":0.289294,"33":0.395876,"34":0.45678,"35":8.039328,"36":1.210467,"37":0.053291,"38":0.007613,"39":null},"chrome":{"4":0.022839,"5":0.038065,"6":0.068517,"7":0.053291,"8":0.038065,"9":0.022839,"10":0.083743,"11":0.098969,"12":0.106582,"13":0.053291,"14":0.060904,"15":0.038065,"16":0.083743,"17":0.030452,"18":0.15226,"19":0.022839,"20":0.030452,"21":0.045678,"22":0.121808,"23":0.091356,"24":0.07613,"25":0.114195,"26":0.205551,"27":0.15226,"28":0.175099,"29":0.167486,"30":0.175099,"31":0.395876,"32":0.197938,"33":0.822204,"34":0.327359,"35":0.83743,"36":1.385566,"37":0.982077,"38":1.271371,"39":4.278506,"40":42.084664,"41":0.487232,"42":0.677557,"43":null},"opera":{"9":null,"9.5-9.6":null,"10.0-10.1":0,"10.5":null,"10.6":null,"11":null,"11.1":null,"11.5":null,"11.6":null,"12":null,"12.1":0.07613,"15":null,"16":0.030452,"17":null,"18":null,"19":null,"20":0.015226,"21":null,"22":null,"23":null,"24":0.007613,"25":0.015226,"26":0.030452,"27":0.525297,"28":null,"29":null},"safari":{"3.1":null,"3.2":null,"4":0.022839,"5":0.083743,"5.1":0.167486,"6":0.053291,"6.1":0.091356,"7":0.159873,"7.1":0.190325,"8":0.53291},"android":{"2.1":0,"2.2":0,"2.3":0.138477763801,"3":0,"4":0.279870848945,"4.1":0.901563125377,"4.2-4.3":1.52617072315,"4.4":2.85118427363,"4.4.3-4.4.4":1.3133522651,"37":0},"ios_saf":{"3.2":0,"4.0-4.1":0,"4.2-4.3":0,"5.0-5.1":0.0254931312381,"6.0-6.1":0.0782683853801,"7.0-7.1":0.990654134953,"8":0.212890008234,"8.1":3.14683634019},"op_mob":{"10":0,"11":0,"11.1":0,"11.5":0,"12":0.00215797014925,"12.1":0.0129478208955,"0":null},"ie":{"5.5":null,"6":0.0233108801653,"7":0.139865280992,"8":0.986827260331,"9":0.473987896694,"10":0.419595842975,"11":1.70946454545,"0":null},"ie_mob":{"10":0.10699622807,"11":0.22718377193},"bb":{"7":0.0393855,"10":null},"and_uc":{"0":1.004927},"op_mini":{"5.0-8.0":1.50302620896},"and_chr":{"0":9.800107},"and_ff":{"0":0.11935}},"total":98.8576332066}