{"id":"PK","name":"Pakistan","month":"2015-02","access_date":"2015-03-01","data":{"firefox":{"2":0.010412,"3":0.083296,"3.5":0.031236,"3.6":0.114532,"4":0.036442,"5":0.02603,"6":0.020824,"7":0.020824,"8":0.031236,"9":0.031236,"10":0.05206,"11":0.062472,"12":0.109326,"13":0.057266,"14":0.072884,"15":0.067678,"16":0.083296,"17":0.067678,"18":0.062472,"19":0.046854,"20":0.031236,"21":0.036442,"22":0.02603,"23":0.041648,"24":0.046854,"25":0.046854,"26":0.057266,"27":0.062472,"28":0.046854,"29":0.177004,"30":0.135356,"31":0.150974,"32":0.161386,"33":0.203034,"34":0.249888,"35":5.565214,"36":1.785658,"37":0.062472,"38":0.010412,"39":null},"chrome":{"4":0.015618,"5":0.046854,"6":0.015618,"7":0.015618,"8":0.036442,"9":0.015618,"10":0.083296,"11":0.083296,"12":0.083296,"13":0.093708,"14":0.114532,"15":0.072884,"16":0.145768,"17":0.046854,"18":0.020824,"19":0.015618,"20":0.02603,"21":0.020824,"22":0.041648,"23":0.057266,"24":0.036442,"25":0.07809,"26":0.041648,"27":0.062472,"28":0.067678,"29":0.07809,"30":0.36442,"31":0.150974,"32":0.07809,"33":0.70281,"34":0.177004,"35":0.239476,"36":0.640338,"37":0.41648,"38":0.655956,"39":2.389554,"40":25.702022,"41":0.723634,"42":1.40562,"43":null},"opera":{"9":null,"9.5-9.6":null,"10.0-10.1":0.046854,"10.5":null,"10.6":null,"11":0.010412,"11.1":0.005206,"11.5":0.015618,"11.6":0.046854,"12":0.02603,"12.1":0.15618,"15":0.015618,"16":0.010412,"17":0.015618,"18":0.020824,"19":0.015618,"20":0.031236,"21":0.015618,"22":0.015618,"23":0.010412,"24":0.015618,"25":0.02603,"26":0.124944,"27":1.671126,"28":0.010412,"29":null},"safari":{"3.1":null,"3.2":null,"4":0.010412,"5":0.015618,"5.1":0.041648,"6":0.010412,"6.1":0.015618,"7":0.036442,"7.1":0.02603,"8":0.083296},"android":{"2.1":0,"2.2":0,"2.3":0.184747672315,"3":0,"4":0.373384769311,"4.1":1.20280458239,"4.2-4.3":2.03611382015,"4.4":3.80385733735,"4.4.3-4.4.4":1.75218581848,"37":0},"ios_saf":{"3.2":0,"4.0-4.1":0,"4.2-4.3":0,"5.0-5.1":0.0111948251833,"6.0-6.1":0.034370077317,"7.0-7.1":0.435026978612,"8":0.0934866103022,"8.1":1.38187350859},"op_mob":{"10":0,"11":0,"11.1":0,"11.5":0,"12":0.0128044434968,"12.1":0.0768266609808,"0":null},"ie":{"5.5":null,"6":0.129697304348,"7":0.0270202717391,"8":0.875456804348,"9":0.156717576087,"10":0.42151623913,"11":1.37262980435,"0":null},"ie_mob":{"10":0.208749263158,"11":0.443234736842},"bb":{"7":0.052734,"10":null},"and_uc":{"0":14.50185},"op_mini":{"5.0-8.0":8.91829489552},"and_chr":{"0":7.683324},"and_ff":{"0":0.129438}},"total":93.912592}