{"id":"PL","name":"Poland","month":"2015-02","access_date":"2015-03-01","data":{"firefox":{"2":null,"3":0.010752,"3.5":0.005376,"3.6":0.032256,"4":0.010752,"5":0.005376,"6":0.005376,"7":null,"8":0.005376,"9":0.010752,"10":0.016128,"11":0.021504,"12":0.05376,"13":0.010752,"14":0.016128,"15":0.016128,"16":0.021504,"17":0.021504,"18":0.016128,"19":0.010752,"20":0.021504,"21":0.021504,"22":0.05376,"23":0.021504,"24":0.032256,"25":0.016128,"26":0.032256,"27":0.02688,"28":0.043008,"29":0.037632,"30":0.069888,"31":0.204288,"32":0.172032,"33":0.177408,"34":0.311808,"35":15.552768,"36":0.849408,"37":0.016128,"38":0.005376,"39":null},"chrome":{"4":null,"5":null,"6":null,"7":null,"8":null,"9":null,"10":0.010752,"11":0.069888,"12":0.005376,"13":null,"14":0.005376,"15":null,"16":null,"17":null,"18":0.032256,"19":null,"20":null,"21":null,"22":0.032256,"23":0.010752,"24":0.010752,"25":0.005376,"26":0.032256,"27":0.016128,"28":0.02688,"29":0.016128,"30":0.02688,"31":0.129024,"32":0.059136,"33":0.102144,"34":0.166656,"35":0.327936,"36":0.231168,"37":0.317184,"38":0.365568,"39":1.311744,"40":21.3696,"41":0.059136,"42":0.037632,"43":null},"opera":{"9":null,"9.5-9.6":null,"10.0-10.1":0,"10.5":null,"10.6":null,"11":null,"11.1":null,"11.5":0.010752,"11.6":0.016128,"12":0.02688,"12.1":0.666624,"15":0.010752,"16":0.010752,"17":0.010752,"18":0.032256,"19":0.021504,"20":0.059136,"21":0.02688,"22":0.010752,"23":0.016128,"24":0.016128,"25":0.02688,"26":0.10752,"27":3.273984,"28":0.043008,"29":null},"safari":{"3.1":null,"3.2":null,"4":0,"5":0.021504,"5.1":0.069888,"6":0.010752,"6.1":0.02688,"7":0.069888,"7.1":0.096768,"8":0.333312},"android":{"2.1":0,"2.2":0,"2.3":0.335202744568,"3":0,"4":0.677462389022,"4.1":2.18234628964,"4.2-4.3":3.69428709013,"4.4":6.90164808816,"4.4.3-4.4.4":3.17913339848,"37":0},"ios_saf":{"3.2":0,"4.0-4.1":0,"4.2-4.3":0,"5.0-5.1":0.00317583693142,"6.0-6.1":0.00975037654383,"7.0-7.1":0.123411908826,"8":0.0265210241992,"8.1":0.392020853499},"op_mob":{"10":0,"11":0,"11.1":0,"11.5":0,"12":0.004068594172,"12.1":0.024411565032,"0":null},"ie":{"5.5":null,"6":0.0270891828794,"7":0.043342692607,"8":0.552619330739,"9":0.390084233463,"10":0.346741540856,"11":2.81727501946,"0":null},"ie_mob":{"10":0.657338105263,"11":1.39571789474},"bb":{"7":0.015028,"10":null},"and_uc":{"0":0.083232},"op_mini":{"5.0-8.0":2.8337758408},"and_chr":{"0":22.939584},"and_ff":{"0":0.291312}},"total":97.696212}