{"id":"PM","name":"Saint Pierre and Miquelon","month":"2015-02","access_date":"2015-03-01","data":{"firefox":{"2":null,"3":null,"3.5":null,"3.6":0.09553,"4":null,"5":null,"6":null,"7":null,"8":null,"9":null,"10":null,"11":null,"12":0.019106,"13":null,"14":null,"15":null,"16":0.019106,"17":null,"18":null,"19":null,"20":0.076424,"21":null,"22":null,"23":null,"24":null,"25":null,"26":0.047765,"27":null,"28":null,"29":0.019106,"30":null,"31":0.305696,"32":0.028659,"33":0.09553,"34":0.391673,"35":21.58978,"36":1.127254,"37":0.047765,"38":null,"39":null},"chrome":{"4":0.019106,"5":null,"6":null,"7":null,"8":null,"9":null,"10":null,"11":0.028659,"12":null,"13":null,"14":null,"15":null,"16":null,"17":null,"18":null,"19":null,"20":null,"21":null,"22":null,"23":0.038212,"24":null,"25":0.028659,"26":null,"27":null,"28":0.085977,"29":null,"30":0.133742,"31":0.105083,"32":0.152848,"33":0.038212,"34":0.057318,"35":0.28659,"36":0.105083,"37":0.372567,"38":2.063448,"39":0.840664,"40":43.580786,"41":0.277037,"42":0.019106,"43":null},"opera":{"9":null,"9.5-9.6":null,"10.0-10.1":0,"10.5":null,"10.6":null,"11":null,"11.1":null,"11.5":null,"11.6":null,"12":null,"12.1":null,"15":null,"16":null,"17":null,"18":null,"19":null,"20":0.038212,"21":null,"22":null,"23":null,"24":null,"25":null,"26":null,"27":1.490268,"28":null,"29":null},"safari":{"3.1":null,"3.2":null,"4":0.009553,"5":2.139872,"5.1":1.767305,"6":0.133742,"6.1":0.257931,"7":0.487203,"7.1":1.700434,"8":2.330932},"android":{"2.1":0,"2.2":0,"2.3":0.00800826593201,"3":0,"4":0.0161851269363,"4.1":0.0521380260942,"4.2-4.3":0.0882595203244,"4.4":0.164885980663,"4.4.3-4.4.4":0.0759520800499,"37":0},"ios_saf":{"3.2":0,"4.0-4.1":0,"4.2-4.3":0,"5.0-5.1":0.00953767567025,"6.0-6.1":0.0292823375841,"7.0-7.1":0.370630729993,"8":0.0796479582287,"8.1":1.17731729852},"op_mob":{"10":0,"11":0,"11.1":0,"11.5":0,"12":4.44776119403e-6,"12.1":2.66865671642e-5,"0":null},"ie":{"5.5":null,"6":null,"7":0.038212,"8":0.429885,"9":0.964853,"10":0.554074,"11":9.982885,"0":null},"ie_mob":{"10":0.0150274342105,"11":0.0319075657895},"bb":{"7":0,"10":null},"and_uc":{"0":null},"op_mini":{"5.0-8.0":0.00309786567164},"and_chr":{"0":2.353506},"and_ff":{"0":0.023691}},"total":98.920958}