{"id":"PR","name":"Puerto Rico","month":"2015-02","access_date":"2015-03-01","data":{"firefox":{"2":null,"3":0.019308,"3.5":null,"3.6":0.051488,"4":0.006436,"5":0.006436,"6":null,"7":null,"8":0.012872,"9":null,"10":0.006436,"11":0.019308,"12":0.025744,"13":0.025744,"14":0.012872,"15":0.012872,"16":0.025744,"17":0.019308,"18":0.012872,"19":0.006436,"20":0.012872,"21":0.019308,"22":0.012872,"23":0.025744,"24":0.03218,"25":null,"26":0.03218,"27":0.03218,"28":0.019308,"29":0.019308,"30":0.057924,"31":0.09654,"32":0.070796,"33":0.09654,"34":0.205952,"35":8.070744,"36":0.4827,"37":0.057924,"38":null,"39":null},"chrome":{"4":null,"5":null,"6":null,"7":null,"8":null,"9":null,"10":null,"11":0.083668,"12":0.012872,"13":null,"14":null,"15":null,"16":null,"17":null,"18":0.03218,"19":null,"20":0.006436,"21":0.045052,"22":0.019308,"23":null,"24":0.006436,"25":0.012872,"26":0.012872,"27":0.019308,"28":0.045052,"29":0.025744,"30":0.025744,"31":0.167336,"32":0.083668,"33":0.167336,"34":0.186644,"35":0.399032,"36":0.61142,"37":0.38616,"38":0.572804,"39":1.853568,"40":26.220264,"41":0.141592,"42":0.154464,"43":null},"opera":{"9":null,"9.5-9.6":null,"10.0-10.1":0,"10.5":null,"10.6":null,"11":null,"11.1":null,"11.5":null,"11.6":null,"12":null,"12.1":0.045052,"15":null,"16":null,"17":null,"18":null,"19":null,"20":null,"21":null,"22":null,"23":null,"24":null,"25":null,"26":0.012872,"27":0.559932,"28":0.006436,"29":null},"safari":{"3.1":null,"3.2":null,"4":0.090104,"5":0.22526,"5.1":0.604984,"6":0.141592,"6.1":0.45052,"7":0.392596,"7.1":0.823808,"8":2.194676},"android":{"2.1":0,"2.2":0,"2.3":0.182824048238,"3":0,"4":0.369497023807,"4.1":1.19028077721,"4.2-4.3":2.01491345795,"4.4":3.76425093003,"4.4.3-4.4.4":1.73394176276,"37":0},"ios_saf":{"3.2":0,"4.0-4.1":0,"4.2-4.3":0,"5.0-5.1":0.0517508259865,"6.0-6.1":0.158884114871,"7.0-7.1":2.01101893965,"8":0.432164792449,"8.1":6.38804932704},"op_mob":{"10":0,"11":0,"11.1":0,"11.5":0,"12":0.000162115138593,"12.1":0.000972690831557,"0":null},"ie":{"5.5":null,"6":0.0325424456959,"7":0.0846103588093,"8":1.28868084956,"9":1.50346099115,"10":1.48393552373,"11":11.7803653419,"0":null},"ie_mob":{"10":0.385693578947,"11":0.818938421053},"bb":{"7":0.00891,"10":null},"and_uc":{"0":0.042768},"op_mini":{"5.0-8.0":0.11291319403},"and_chr":{"0":16.592572},"and_ff":{"0":0.149688}},"total":99.0324015109}