{"id":"PS","name":"Palestinian Territory","month":"2015-02","access_date":"2015-03-01","data":{"firefox":{"2":null,"3":0.032012,"3.5":0.032012,"3.6":0.08003,"4":0.024009,"5":0.016006,"6":0.016006,"7":0.016006,"8":0.040015,"9":0.032012,"10":0.032012,"11":0.064024,"12":0.248093,"13":0.040015,"14":0.032012,"15":0.032012,"16":0.088033,"17":0.072027,"18":0.032012,"19":0.064024,"20":0.048018,"21":0.040015,"22":0.088033,"23":0.048018,"24":0.032012,"25":0.08003,"26":0.096036,"27":0.088033,"28":0.040015,"29":0.16006,"30":0.176066,"31":0.336126,"32":0.344129,"33":0.368138,"34":0.464174,"35":13.789169,"36":1.224459,"37":0.040015,"38":null,"39":null},"chrome":{"4":0.016006,"5":0.032012,"6":0.016006,"7":0.040015,"8":0.024009,"9":0.008003,"10":0.08003,"11":0.168063,"12":0.072027,"13":0.048018,"14":0.032012,"15":0.088033,"16":0.040015,"17":0.016006,"18":0.032012,"19":null,"20":0.016006,"21":0.008003,"22":0.096036,"23":0.024009,"24":0.056021,"25":0.040015,"26":0.064024,"27":0.144054,"28":0.08003,"29":0.056021,"30":0.176066,"31":0.128048,"32":0.120045,"33":0.72027,"34":0.120045,"35":0.208078,"36":1.056396,"37":0.704264,"38":1.048393,"39":2.921095,"40":39.966982,"41":0.192072,"42":0.168063,"43":null},"opera":{"9":null,"9.5-9.6":null,"10.0-10.1":0,"10.5":null,"10.6":null,"11":null,"11.1":null,"11.5":null,"11.6":0.008003,"12":0.016006,"12.1":3.289233,"15":null,"16":null,"17":null,"18":0.016006,"19":null,"20":null,"21":null,"22":null,"23":null,"24":null,"25":null,"26":0.040015,"27":0.944354,"28":0.016006,"29":null},"safari":{"3.1":null,"3.2":null,"4":0.016006,"5":0.024009,"5.1":0.056021,"6":0.016006,"6.1":0.032012,"7":0.104039,"7.1":0.144054,"8":0.272102},"android":{"2.1":0,"2.2":0,"2.3":0.126226842707,"3":0,"4":0.255111092629,"4.1":0.821803181204,"4.2-4.3":1.39115267699,"4.4":2.59894425616,"4.4.3-4.4.4":1.19716195031,"37":0},"ios_saf":{"3.2":0,"4.0-4.1":0,"4.2-4.3":0,"5.0-5.1":0.0124698703685,"6.0-6.1":0.0382846897279,"7.0-7.1":0.484574787127,"8":0.10413435606,"8.1":1.53926329672},"op_mob":{"10":0,"11":0,"11.1":0,"11.5":0,"12":0.00151016915423,"12.1":0.00906101492537,"0":null},"ie":{"5.5":null,"6":0.0993072992701,"7":0.0744804744526,"8":2.38337518248,"9":0.571016970803,"10":0.59584379562,"11":3.0702506691,"0":null},"ie_mob":{"10":0.0524300087719,"11":0.111323991228},"bb":{"7":0.00549175,"10":null},"and_uc":{"0":0.191712},"op_mini":{"5.0-8.0":1.05183281592},"and_chr":{"0":9.298317},"and_ff":{"0":0.151772}},"total":98.5119451417}