{"id":"PT","name":"Portugal","month":"2015-02","access_date":"2015-03-01","data":{"firefox":{"2":null,"3":0.01822,"3.5":null,"3.6":0.04555,"4":null,"5":null,"6":null,"7":null,"8":null,"9":null,"10":0.01822,"11":0.00911,"12":0.01822,"13":null,"14":null,"15":null,"16":0.03644,"17":0.00911,"18":null,"19":0.00911,"20":0.01822,"21":0.00911,"22":0.01822,"23":0.01822,"24":0.01822,"25":0.00911,"26":0.03644,"27":0.00911,"28":0.03644,"29":0.02733,"30":0.06377,"31":0.38262,"32":0.2733,"33":0.11843,"34":0.21864,"35":11.77012,"36":0.62859,"37":0.02733,"38":0.00911,"39":null},"chrome":{"4":null,"5":null,"6":null,"7":null,"8":null,"9":null,"10":null,"11":0.11843,"12":null,"13":null,"14":null,"15":null,"16":null,"17":null,"18":0.10932,"19":null,"20":null,"21":0.02733,"22":0.10021,"23":0.01822,"24":0.00911,"25":0.01822,"26":0.03644,"27":0.02733,"28":0.03644,"29":0.02733,"30":0.03644,"31":0.21864,"32":0.13665,"33":0.19131,"34":0.21864,"35":0.64681,"36":0.94744,"37":0.97477,"38":1.10231,"39":3.48913,"40":46.63409,"41":0.20953,"42":0.11843,"43":null},"opera":{"9":null,"9.5-9.6":null,"10.0-10.1":0,"10.5":null,"10.6":null,"11":null,"11.1":null,"11.5":null,"11.6":0.06377,"12":null,"12.1":0.11843,"15":null,"16":null,"17":null,"18":null,"19":null,"20":null,"21":null,"22":null,"23":null,"24":null,"25":0.00911,"26":0.00911,"27":1.04765,"28":0.01822,"29":null},"safari":{"3.1":null,"3.2":null,"4":0.05466,"5":0.13665,"5.1":0.38262,"6":0.04555,"6.1":0.19131,"7":0.26419,"7.1":0.4555,"8":1.51226},"android":{"2.1":0,"2.2":0,"2.3":0.0463227466473,"3":0,"4":0.0936207090134,"4.1":0.301585461067,"4.2-4.3":0.510525428839,"4.4":0.953760973074,"4.4.3-4.4.4":0.43933468136,"37":0},"ios_saf":{"3.2":0,"4.0-4.1":0,"4.2-4.3":0,"5.0-5.1":0.0110741058339,"6.0-6.1":0.0339994477357,"7.0-7.1":0.430335867055,"8":0.0924784978411,"8.1":1.36697208153},"op_mob":{"10":0,"11":0,"11.1":0,"11.5":0,"12":0.000144221748401,"12.1":0.000865330490405,"0":null},"ie":{"5.5":null,"6":0.01843864,"7":0.08297388,"8":1.69635488,"9":1.62260032,"10":1.18929228,"11":11.51493068,"0":null},"ie_mob":{"10":0.115692192982,"11":0.245647807018},"bb":{"7":0.00979,"10":null},"and_uc":{"0":0.04984},"op_mini":{"5.0-8.0":0.100450447761},"and_chr":{"0":4.40187},"and_ff":{"0":0.05518}},"total":99.00199068}