{"id":"PW","name":"Palau","month":"2015-02","access_date":"2015-03-01","data":{"firefox":{"2":null,"3":0.08624,"3.5":null,"3.6":0.2156,"4":null,"5":0.137984,"6":0.155232,"7":null,"8":0.008624,"9":0.077616,"10":0.155232,"11":0.896896,"12":0.275968,"13":null,"14":0.060368,"15":null,"16":null,"17":null,"18":0.017248,"19":0.034496,"20":0.077616,"21":null,"22":0.04312,"23":0.120736,"24":0.284592,"25":0.120736,"26":0.04312,"27":1.560944,"28":0.077616,"29":0.2156,"30":0.30184,"31":0.206976,"32":0.275968,"33":2.061136,"34":0.888272,"35":7.692608,"36":1.267728,"37":0.034496,"38":null,"39":null},"chrome":{"4":null,"5":null,"6":null,"7":null,"8":5.010544,"9":null,"10":0.206976,"11":0.060368,"12":null,"13":null,"14":0.120736,"15":null,"16":0.025872,"17":null,"18":0.698544,"19":0.51744,"20":0.094864,"21":0.2156,"22":0.146608,"23":null,"24":null,"25":0.068992,"26":null,"27":0.017248,"28":0.025872,"29":0.198352,"30":0.060368,"31":0.491568,"32":0.224224,"33":1.276352,"34":0.068992,"35":0.327712,"36":1.009008,"37":0.120736,"38":0.845152,"39":0.810656,"40":23.233056,"41":0.017248,"42":3.803184,"43":null},"opera":{"9":null,"9.5-9.6":null,"10.0-10.1":0,"10.5":null,"10.6":null,"11":null,"11.1":0.051744,"11.5":0.38808,"11.6":null,"12":0.163856,"12.1":0.379456,"15":null,"16":null,"17":null,"18":null,"19":null,"20":null,"21":null,"22":null,"23":null,"24":null,"25":null,"26":null,"27":0.155232,"28":null,"29":null},"safari":{"3.1":0.008624,"3.2":null,"4":0.04312,"5":0.500192,"5.1":1.052128,"6":0.396704,"6.1":0.319088,"7":0.319088,"7.1":0.08624,"8":0.396704},"android":{"2.1":0,"2.2":0,"2.3":0.109316111862,"3":0,"4":0.220933615553,"4.1":0.711705423017,"4.2-4.3":1.20477862231,"4.4":2.25076120844,"4.4.3-4.4.4":1.03677701882,"37":0},"ios_saf":{"3.2":0,"4.0-4.1":0,"4.2-4.3":0,"5.0-5.1":0.0116163470228,"6.0-6.1":0.0356642233156,"7.0-7.1":0.451407169395,"8":0.0970066874184,"8.1":1.43390557285},"op_mob":{"10":0,"11":0,"11.1":0,"11.5":0,"12":0.00071587206823,"12.1":0.00429523240938,"0":null},"ie":{"5.5":null,"6":0.103671164602,"7":0.302374230088,"8":1.80560611681,"9":4.73431651681,"10":1.53778894159,"11":11.0409790301,"0":null},"ie_mob":{"10":0.198693192982,"11":0.421882807018},"bb":{"7":0.006192,"10":null},"and_uc":{"0":0.79808},"op_mini":{"5.0-8.0":0.498604895522},"and_chr":{"0":6.368464},"and_ff":{"0":0.297216}},"total":97.033888}