{"id":"PY","name":"Paraguay","month":"2015-02","access_date":"2015-03-01","data":{"firefox":{"2":0.005384,"3":0.02692,"3.5":0.043072,"3.6":0.10768,"4":0.043072,"5":0.010768,"6":0.010768,"7":0.010768,"8":0.016152,"9":0.016152,"10":0.032304,"11":0.037688,"12":0.08076,"13":0.010768,"14":0.037688,"15":0.032304,"16":0.032304,"17":0.048456,"18":0.016152,"19":0.032304,"20":0.048456,"21":0.032304,"22":0.048456,"23":0.032304,"24":0.064608,"25":0.016152,"26":0.032304,"27":0.02692,"28":0.043072,"29":0.08076,"30":0.086144,"31":0.113064,"32":0.1346,"33":0.150752,"34":0.258432,"35":8.39904,"36":0.506096,"37":0.016152,"38":null,"39":null},"chrome":{"4":0.010768,"5":null,"6":0.010768,"7":0.010768,"8":0.005384,"9":0.010768,"10":0.02692,"11":0.059224,"12":0.02692,"13":0.02692,"14":null,"15":null,"16":null,"17":null,"18":0.037688,"19":0.005384,"20":null,"21":0.021536,"22":0.021536,"23":0.005384,"24":0.010768,"25":0.016152,"26":0.02692,"27":0.02692,"28":0.021536,"29":0.059224,"30":0.059224,"31":0.113064,"32":0.064608,"33":0.177672,"34":0.156136,"35":0.301504,"36":0.360728,"37":0.45764,"38":0.613776,"39":1.862864,"40":30.301152,"41":0.145368,"42":0.059224,"43":null},"opera":{"9":null,"9.5-9.6":null,"10.0-10.1":0,"10.5":null,"10.6":null,"11":null,"11.1":null,"11.5":null,"11.6":null,"12":null,"12.1":0.048456,"15":null,"16":0.005384,"17":null,"18":null,"19":null,"20":0.005384,"21":0.010768,"22":null,"23":null,"24":null,"25":null,"26":0.016152,"27":0.425336,"28":0.010768,"29":null},"safari":{"3.1":null,"3.2":null,"4":0.016152,"5":0.032304,"5.1":0.043072,"6":0.010768,"6.1":0.037688,"7":0.059224,"7.1":0.123832,"8":0.29612},"android":{"2.1":0,"2.2":0,"2.3":0.302345840524,"3":0,"4":0.611056856638,"4.1":1.9684305512,"4.2-4.3":3.33216942135,"4.4":6.225141727,"4.4.3-4.4.4":2.86751160329,"37":0},"ios_saf":{"3.2":0,"4.0-4.1":0,"4.2-4.3":0,"5.0-5.1":0.0121001401747,"6.0-6.1":0.037149553168,"7.0-7.1":0.470207201526,"8":0.101046784617,"8.1":1.49362432051},"op_mob":{"10":0,"11":0,"11.1":0,"11.5":0,"12":0.00671239232409,"12.1":0.0402743539446,"0":null},"ie":{"5.5":null,"6":0.149077769376,"7":0.0883423818526,"8":1.52390608696,"9":0.662567863894,"10":0.800602835539,"11":2.60610026465,"0":null},"ie_mob":{"10":0.750788350877,"11":1.59413964912},"bb":{"7":0.105014,"10":null},"and_uc":{"0":0.812416},"op_mini":{"5.0-8.0":4.67518125373},"and_chr":{"0":15.207248},"and_ff":{"0":0.175408}},"total":93.6154992023}