{"id":"QA","name":"Qatar","month":"2015-02","access_date":"2015-03-01","data":{"firefox":{"2":null,"3":0.02174,"3.5":null,"3.6":0.016305,"4":0.005435,"5":0.005435,"6":0.016305,"7":null,"8":null,"9":null,"10":null,"11":0.02174,"12":0.02174,"13":0.005435,"14":0.005435,"15":0.01087,"16":0.01087,"17":0.016305,"18":0.03261,"19":0.005435,"20":0.01087,"21":0.005435,"22":0.01087,"23":0.01087,"24":0.01087,"25":0.005435,"26":0.01087,"27":0.016305,"28":0.01087,"29":0.02174,"30":0.03261,"31":0.09783,"32":0.06522,"33":0.04348,"34":0.125005,"35":4.092555,"36":0.548935,"37":0.016305,"38":0.005435,"39":null},"chrome":{"4":null,"5":0.016305,"6":0.005435,"7":null,"8":null,"9":0.01087,"10":0.027175,"11":0.06522,"12":0.016305,"13":0.02174,"14":0.016305,"15":0.005435,"16":0.01087,"17":null,"18":0.01087,"19":0.016305,"20":null,"21":0.01087,"22":0.1087,"23":0.005435,"24":0.005435,"25":0.016305,"26":0.048915,"27":0.027175,"28":0.05435,"29":0.059785,"30":0.114135,"31":0.11957,"32":0.04348,"33":0.33697,"34":0.08696,"35":0.20653,"36":0.809815,"37":0.266315,"38":0.5435,"39":1.635935,"40":27.16413,"41":0.222835,"42":0.36958,"43":null},"opera":{"9":null,"9.5-9.6":null,"10.0-10.1":0,"10.5":null,"10.6":null,"11":null,"11.1":null,"11.5":null,"11.6":0.005435,"12":null,"12.1":0.048915,"15":0.005435,"16":null,"17":0.01087,"18":0.016305,"19":null,"20":0.02174,"21":0.005435,"22":null,"23":null,"24":null,"25":0.027175,"26":0.42393,"27":0.30436,"28":null,"29":null},"safari":{"3.1":null,"3.2":null,"4":0.038045,"5":0.05435,"5.1":0.20653,"6":0.08696,"6.1":0.135875,"7":0.23914,"7.1":0.35871,"8":0.85873},"android":{"2.1":0,"2.2":0,"2.3":0.15897058426,"3":0,"4":0.321287917663,"4.1":1.03498217226,"4.2-4.3":1.75202317601,"4.4":3.27312066119,"4.4.3-4.4.4":1.50771048862,"37":0},"ios_saf":{"3.2":0,"4.0-4.1":0,"4.2-4.3":0,"5.0-5.1":0.0383030956923,"6.0-6.1":0.117597223617,"7.0-7.1":1.48844485892,"8":0.319864448238,"8.1":4.72808037353},"op_mob":{"10":0,"11":0,"11.1":0,"11.5":0,"12":0.0125302274343,"12.1":0.0751813646055,"0":null},"ie":{"5.5":null,"6":0.0110882357967,"7":0.083161768475,"8":2.13448539086,"9":1.58007360103,"10":1.29177947031,"11":7.86710329774,"0":null},"ie_mob":{"10":0.204624122807,"11":0.434475877193},"bb":{"7":0.10043,"10":null},"and_uc":{"0":9.81475},"op_mini":{"5.0-8.0":8.72730340796},"and_chr":{"0":10.48995},"and_ff":{"0":0.10043}},"total":98.3324217642}