{"id":"RE","name":"Reunion","month":"2015-02","access_date":"2015-03-01","data":{"firefox":{"2":null,"3":0.020007,"3.5":0.026676,"3.6":0.153387,"4":0.080028,"5":0.013338,"6":0.026676,"7":0.060021,"8":null,"9":0.013338,"10":0.046683,"11":0.053352,"12":0.033345,"13":0.020007,"14":0.120042,"15":0.146718,"16":0.153387,"17":0.040014,"18":0.033345,"19":0.013338,"20":0.080028,"21":0.053352,"22":0.033345,"23":0.273429,"24":0.300105,"25":0.213408,"26":0.093366,"27":0.020007,"28":0.06669,"29":0.093366,"30":0.346788,"31":0.26676,"32":0.46683,"33":0.380133,"34":0.460161,"35":16.199001,"36":0.853632,"37":0.026676,"38":null,"39":null},"chrome":{"4":0.020007,"5":0.013338,"6":null,"7":null,"8":null,"9":null,"10":null,"11":0.080028,"12":0.013338,"13":null,"14":0.006669,"15":null,"16":0.006669,"17":null,"18":0.026676,"19":null,"20":null,"21":0.013338,"22":0.080028,"23":0.113373,"24":0.033345,"25":0.026676,"26":0.053352,"27":0.026676,"28":0.100035,"29":0.086697,"30":0.13338,"31":0.206739,"32":0.093366,"33":0.146718,"34":0.233415,"35":0.353457,"36":0.566865,"37":0.386802,"38":0.480168,"39":1.520532,"40":22.367826,"41":0.180063,"42":0.100035,"43":null},"opera":{"9":null,"9.5-9.6":null,"10.0-10.1":0,"10.5":null,"10.6":null,"11":null,"11.1":null,"11.5":null,"11.6":null,"12":0.006669,"12.1":0.106704,"15":null,"16":null,"17":null,"18":null,"19":null,"20":0.013338,"21":null,"22":null,"23":null,"24":0.006669,"25":0.006669,"26":0.020007,"27":0.546858,"28":null,"29":null},"safari":{"3.1":null,"3.2":null,"4":0.080028,"5":0.393471,"5.1":0.886977,"6":0.173394,"6.1":0.460161,"7":0.446823,"7.1":1.047033,"8":1.86732},"android":{"2.1":0,"2.2":0,"2.3":0.166660814014,"3":0,"4":0.336830276744,"4.1":1.08504961545,"4.2-4.3":1.83677760287,"4.4":3.43145844433,"4.4.3-4.4.4":1.5806462466,"37":0},"ios_saf":{"3.2":0,"4.0-4.1":0,"4.2-4.3":0,"5.0-5.1":0.0378056291796,"6.0-6.1":0.116069914148,"7.0-7.1":1.46911348479,"8":0.315710166483,"8.1":4.6666738054},"op_mob":{"10":0,"11":0,"11.1":0,"11.5":0,"12":0.000407201137171,"12.1":0.00244320682303,"0":null},"ie":{"5.5":null,"6":0.00682386067416,"7":0.0272954426966,"8":1.00993137978,"9":0.552732714607,"10":0.791567838202,"11":6.72150276404,"0":null},"ie_mob":{"10":0.25382804386,"11":0.53894995614},"bb":{"7":0.0049965,"10":null},"and_uc":{"0":0.03331},"op_mini":{"5.0-8.0":0.28361559204},"and_chr":{"0":18.095728},"and_ff":{"0":0.239832}},"total":98.4182715}