{"id":"RO","name":"Romania","month":"2015-02","access_date":"2015-03-01","data":{"firefox":{"2":0.007316,"3":0.080476,"3.5":0.014632,"3.6":0.065844,"4":0.021948,"5":0.007316,"6":0.007316,"7":0.007316,"8":0.014632,"9":0.014632,"10":0.029264,"11":0.029264,"12":0.051212,"13":0.021948,"14":0.021948,"15":0.021948,"16":0.029264,"17":0.03658,"18":0.021948,"19":0.021948,"20":0.021948,"21":0.021948,"22":0.021948,"23":0.021948,"24":0.051212,"25":0.021948,"26":0.043896,"27":0.029264,"28":0.043896,"29":0.051212,"30":0.080476,"31":0.460908,"32":0.25606,"33":0.160952,"34":0.307272,"35":13.980876,"36":0.95108,"37":0.029264,"38":0.014632,"39":null},"chrome":{"4":0.021948,"5":0.007316,"6":null,"7":null,"8":0.014632,"9":null,"10":0.014632,"11":0.080476,"12":0.014632,"13":null,"14":0.021948,"15":0.014632,"16":0.014632,"17":null,"18":0.080476,"19":null,"20":0.007316,"21":0.021948,"22":0.058528,"23":0.014632,"24":0.014632,"25":0.014632,"26":0.051212,"27":0.021948,"28":0.03658,"29":0.153636,"30":0.131688,"31":0.131688,"32":0.058528,"33":0.278008,"34":0.248744,"35":0.263376,"36":0.614544,"37":0.58528,"38":0.577964,"39":2.055796,"40":34.49494,"41":0.160952,"42":0.153636,"43":null},"opera":{"9":null,"9.5-9.6":0.007316,"10.0-10.1":0,"10.5":null,"10.6":null,"11":0.014632,"11.1":null,"11.5":null,"11.6":0.014632,"12":0.043896,"12.1":0.453592,"15":0.014632,"16":0.014632,"17":0.014632,"18":0.029264,"19":0.029264,"20":0.051212,"21":0.021948,"22":0.007316,"23":null,"24":0.014632,"25":0.014632,"26":0.131688,"27":2.70692,"28":0.03658,"29":null},"safari":{"3.1":null,"3.2":null,"4":0.07316,"5":0.03658,"5.1":0.102424,"6":0.014632,"6.1":0.03658,"7":0.131688,"7.1":0.102424,"8":0.409696},"android":{"2.1":0,"2.2":0,"2.3":0.149080727726,"3":0,"4":0.301299997089,"4.1":0.97059400104,"4.2-4.3":1.64302654663,"4.4":3.06949372035,"4.4.3-4.4.4":1.41391300717,"37":0},"ios_saf":{"3.2":0,"4.0-4.1":0,"4.2-4.3":0,"5.0-5.1":0.0314609322221,"6.0-6.1":0.0965905813837,"7.0-7.1":1.22256078723,"8":0.262726381364,"8.1":3.8834933178},"op_mob":{"10":0,"11":0,"11.1":0,"11.5":0,"12":0.00162909452736,"12.1":0.00977456716418,"0":null},"ie":{"5.5":null,"6":0.128109714286,"7":0.112096,"8":2.85044114286,"9":0.928795428571,"10":1.01687085714,"11":4.876176,"0":null},"ie_mob":{"10":0.226868631579,"11":0.481707368421},"bb":{"7":0.095282,"10":null},"and_uc":{"0":1.32858},"op_mini":{"5.0-8.0":1.13466433831},"and_chr":{"0":9.583564},"and_ff":{"0":0.171776}},"total":98.0522031429}