{"id":"RS","name":"Serbia","month":"2015-02","access_date":"2015-03-01","data":{"firefox":{"2":0.008867,"3":0.044335,"3.5":0.017734,"3.6":0.097537,"4":0.026601,"5":0.008867,"6":0.017734,"7":0.017734,"8":0.026601,"9":0.026601,"10":0.044335,"11":0.035468,"12":0.08867,"13":0.035468,"14":0.026601,"15":0.035468,"16":0.062069,"17":0.044335,"18":0.044335,"19":0.044335,"20":0.035468,"21":0.035468,"22":0.035468,"23":0.035468,"24":0.062069,"25":0.035468,"26":0.079803,"27":0.053202,"28":0.070936,"29":0.070936,"30":0.133005,"31":0.203941,"32":0.150739,"33":0.230542,"34":0.469951,"35":21.316268,"36":1.835469,"37":0.053202,"38":0.008867,"39":null},"chrome":{"4":0.017734,"5":0.008867,"6":0.017734,"7":null,"8":0.008867,"9":null,"10":0.017734,"11":0.070936,"12":0.035468,"13":null,"14":0.008867,"15":null,"16":0.008867,"17":0.008867,"18":0.070936,"19":null,"20":null,"21":0.008867,"22":0.08867,"23":0.017734,"24":0.017734,"25":0.017734,"26":0.070936,"27":0.053202,"28":0.035468,"29":0.035468,"30":0.053202,"31":0.159606,"32":0.08867,"33":0.186207,"34":0.390148,"35":0.186207,"36":0.399015,"37":0.336946,"38":0.602956,"39":2.190149,"40":42.765541,"41":0.257143,"42":0.257143,"43":null},"opera":{"9":null,"9.5-9.6":null,"10.0-10.1":0,"10.5":null,"10.6":null,"11":0.008867,"11.1":null,"11.5":null,"11.6":0.026601,"12":0.044335,"12.1":1.170444,"15":0.026601,"16":0.017734,"17":0.026601,"18":0.062069,"19":0.044335,"20":0.08867,"21":0.035468,"22":0.017734,"23":0.008867,"24":0.008867,"25":0.026601,"26":0.115271,"27":3.662071,"28":0.062069,"29":null},"safari":{"3.1":null,"3.2":null,"4":0.017734,"5":0.044335,"5.1":0.124138,"6":0.017734,"6.1":0.062069,"7":0.062069,"7.1":0.106404,"8":0.425616},"android":{"2.1":0,"2.2":0,"2.3":0.0646548528953,"3":0,"4":0.130670860588,"4.1":0.420937121218,"4.2-4.3":0.712564536646,"4.4":1.33120939224,"4.4.3-4.4.4":0.613200236407,"37":0},"ios_saf":{"3.2":0,"4.0-4.1":0,"4.2-4.3":0,"5.0-5.1":0.00513587227633,"6.0-6.1":0.0157680289186,"7.0-7.1":0.199578194598,"8":0.0428890386585,"8.1":0.633964865549},"op_mob":{"10":0,"11":0,"11.1":0,"11.5":0,"12":0.0018633702914,"12.1":0.0111802217484,"0":null},"ie":{"5.5":null,"6":0.0444996101485,"7":0.0622994542079,"8":1.75328463985,"9":1.1391900198,"10":0.622994542079,"11":3.56886873391,"0":null},"ie_mob":{"10":0.201331118421,"11":0.427483881579},"bb":{"7":0.0243595,"10":null},"and_uc":{"0":0.039655},"op_mini":{"5.0-8.0":1.29783740796},"and_chr":{"0":4.886926},"and_ff":{"0":0.074778}},"total":98.8040165}