{"id":"RU","name":"Russian Federation","month":"2015-02","access_date":"2015-03-01","data":{"firefox":{"2":0.017566,"3":0.052698,"3.5":0.070264,"3.6":0.298622,"4":0.026349,"5":0.017566,"6":0.017566,"7":0.017566,"8":0.035132,"9":0.035132,"10":0.035132,"11":0.035132,"12":0.079047,"13":0.035132,"14":0.035132,"15":0.043915,"16":0.043915,"17":0.043915,"18":0.026349,"19":0.035132,"20":0.043915,"21":0.079047,"22":0.035132,"23":0.043915,"24":0.210792,"25":0.939781,"26":0.105396,"27":0.210792,"28":0.079047,"29":0.070264,"30":0.08783,"31":0.342537,"32":0.245924,"33":0.228358,"34":0.324971,"35":10.135582,"36":0.649942,"37":0.017566,"38":null,"39":null},"chrome":{"4":0.017566,"5":0.017566,"6":0.008783,"7":null,"8":0.026349,"9":0.008783,"10":0.017566,"11":0.070264,"12":0.043915,"13":0.017566,"14":0.017566,"15":0.043915,"16":0.026349,"17":0.140528,"18":0.079047,"19":0.017566,"20":0.017566,"21":0.043915,"22":0.070264,"23":0.017566,"24":0.149311,"25":0.026349,"26":0.079047,"27":0.140528,"28":0.360103,"29":0.079047,"30":0.061481,"31":1.870779,"32":0.096613,"33":0.219575,"34":0.140528,"35":0.404018,"36":0.307405,"37":0.395235,"38":0.430367,"39":1.686336,"40":30.538491,"41":0.114179,"42":0.597244,"43":null},"opera":{"9":null,"9.5-9.6":0.026349,"10.0-10.1":0.035132,"10.5":0.017566,"10.6":0.035132,"11":0.017566,"11.1":0.026349,"11.5":0.070264,"11.6":0.140528,"12":0.237141,"12.1":3.996265,"15":0.026349,"16":0.210792,"17":0.061481,"18":0.421584,"19":0.061481,"20":0.122962,"21":0.043915,"22":0.043915,"23":0.026349,"24":0.052698,"25":0.079047,"26":0.166877,"27":5.717733,"28":0.061481,"29":0.008783},"safari":{"3.1":null,"3.2":null,"4":0.035132,"5":0.043915,"5.1":0.149311,"6":0.043915,"6.1":0.08783,"7":0.166877,"7.1":0.316188,"8":0.869517},"android":{"2.1":0,"2.2":0,"2.3":0.0579337041272,"3":0,"4":0.117087065183,"4.1":0.377178905292,"4.2-4.3":0.638490402329,"4.4":1.19282447656,"4.4.3-4.4.4":0.549455446512,"37":0},"ios_saf":{"3.2":0,"4.0-4.1":0,"4.2-4.3":0,"5.0-5.1":0.0147389099307,"6.0-6.1":0.045251039261,"7.0-7.1":0.57274886836,"8":0.12308282679,"8.1":1.81935035566},"op_mob":{"10":0,"11":0,"11.1":0,"11.5":0,"12":0.00184236673774,"12.1":0.0110542004264,"0":null},"ie":{"5.5":null,"6":0.0900617459016,"7":0.135092618852,"8":1.90030283852,"9":1.16179652213,"10":1.42297558525,"11":6.26829751475,"0":null},"ie_mob":{"10":0.131313232456,"11":0.278815767544},"bb":{"7":0.0054765,"10":null},"and_uc":{"0":0.567122},"op_mini":{"5.0-8.0":1.28320843284},"and_chr":{"0":4.383653},"and_ff":{"0":0.066935}},"total":89.8878423254}