{"id":"RW","name":"Rwanda","month":"2015-02","access_date":"2015-03-01","data":{"firefox":{"2":0.018664,"3":0.083988,"3.5":0.027996,"3.6":0.20997,"4":0.107318,"5":0.09332,"6":0.074656,"7":0.04666,"8":0.04666,"9":0.079322,"10":0.111984,"11":0.363948,"12":0.382612,"13":0.09332,"14":0.079322,"15":0.107318,"16":0.205304,"17":0.06999,"18":0.04666,"19":0.097986,"20":0.223968,"21":0.149312,"22":0.065324,"23":0.088654,"24":0.111984,"25":0.032662,"26":0.04666,"27":0.097986,"28":0.032662,"29":0.247298,"30":0.223968,"31":0.242632,"32":0.167976,"33":0.37328,"34":0.410608,"35":13.470742,"36":2.328334,"37":0.079322,"38":null,"39":null},"chrome":{"4":null,"5":0.018664,"6":0.041994,"7":0.004666,"8":null,"9":0.013998,"10":0.04666,"11":0.037328,"12":null,"13":null,"14":0.027996,"15":0.051326,"16":0.032662,"17":null,"18":0.037328,"19":0.027996,"20":0.004666,"21":0.018664,"22":0.009332,"23":null,"24":null,"25":0.060658,"26":0.013998,"27":null,"28":0.013998,"29":0.013998,"30":0.051326,"31":0.11665,"32":0.018664,"33":0.149312,"34":0.088654,"35":0.06999,"36":0.919202,"37":0.11665,"38":0.130648,"39":0.681236,"40":14.072656,"41":0.102652,"42":0.494596,"43":null},"opera":{"9":null,"9.5-9.6":null,"10.0-10.1":0,"10.5":null,"10.6":null,"11":0.009332,"11.1":0.004666,"11.5":0.018664,"11.6":0.083988,"12":0.018664,"12.1":0.331286,"15":0.009332,"16":null,"17":null,"18":0.004666,"19":0.027996,"20":0.02333,"21":null,"22":null,"23":null,"24":null,"25":0.013998,"26":0.041994,"27":1.171166,"28":null,"29":null},"safari":{"3.1":null,"3.2":null,"4":0.004666,"5":0.032662,"5.1":0.130648,"6":0.102652,"6.1":0.083988,"7":0.13998,"7.1":0.2333,"8":0.503928},"android":{"2.1":0,"2.2":0,"2.3":0.0704859902277,"3":0,"4":0.142455896039,"4.1":0.458900894272,"4.2-4.3":0.776829808088,"4.4":1.4512694409,"4.4.3-4.4.4":0.668503970475,"37":0},"ios_saf":{"3.2":0,"4.0-4.1":0,"4.2-4.3":0,"5.0-5.1":0.00534256953509,"6.0-6.1":0.0164026257656,"7.0-7.1":0.207610377548,"8":0.0446151420825,"8.1":0.659479285069},"op_mob":{"10":0,"11":0,"11.1":0,"11.5":0,"12":0.0589355820896,"12.1":0.353613492537,"0":null},"ie":{"5.5":null,"6":0.0141567402062,"7":0.0188756536082,"8":0.934344853608,"9":0.358637418557,"10":0.679523529897,"11":2.56708889072,"0":null},"ie_mob":{"10":0.191275368421,"11":0.406132631579},"bb":{"7":0.104013,"10":null},"and_uc":{"0":2.090928},"op_mini":{"5.0-8.0":41.0486329254},"and_chr":{"0":2.53356},"and_ff":{"0":0.149352}},"total":97.2304100866}