{"id":"SA","name":"Saudi Arabia","month":"2015-02","access_date":"2015-03-01","data":{"firefox":{"2":0.013695,"3":0.022825,"3.5":null,"3.6":0.022825,"4":0.00913,"5":0.004565,"6":0.00913,"7":null,"8":0.004565,"9":0.013695,"10":0.00913,"11":0.022825,"12":0.03652,"13":0.00913,"14":0.01826,"15":0.13695,"16":0.022825,"17":0.013695,"18":0.13695,"19":0.013695,"20":0.013695,"21":0.13695,"22":0.00913,"23":0.13695,"24":0.00913,"25":0.260205,"26":0.013695,"27":0.013695,"28":0.01826,"29":0.03652,"30":0.041085,"31":0.095865,"32":0.08217,"33":0.077605,"34":0.14608,"35":3.756995,"36":0.42911,"37":0.013695,"38":null,"39":null},"chrome":{"4":0.013695,"5":0.02739,"6":0.00913,"7":0.004565,"8":0.013695,"9":0.00913,"10":0.022825,"11":0.059345,"12":0.02739,"13":0.01826,"14":0.022825,"15":0.013695,"16":0.013695,"17":0.04565,"18":0.00913,"19":0.132385,"20":0.004565,"21":0.00913,"22":0.031955,"23":0.00913,"24":0.397155,"25":0.022825,"26":0.02739,"27":0.03652,"28":0.02739,"29":0.050215,"30":0.21912,"31":0.086735,"32":0.04565,"33":0.69388,"34":0.095865,"35":0.38346,"36":0.61171,"37":0.342375,"38":0.451935,"39":1.42428,"40":22.80674,"41":0.19173,"42":0.305855,"43":null},"opera":{"9":null,"9.5-9.6":null,"10.0-10.1":0.12782,"10.5":null,"10.6":null,"11":null,"11.1":null,"11.5":null,"11.6":0.00913,"12":0.00913,"12.1":0.041085,"15":0.004565,"16":null,"17":0.004565,"18":0.004565,"19":0.00913,"20":0.013695,"21":null,"22":0.00913,"23":0.004565,"24":0.00913,"25":0.01826,"26":0.041085,"27":0.059345,"28":null,"29":null},"safari":{"3.1":null,"3.2":null,"4":0.022825,"5":0.150645,"5.1":0.10956,"6":0.041085,"6.1":0.068475,"7":0.13695,"7.1":0.17347,"8":0.50215},"android":{"2.1":0,"2.2":0,"2.3":0.272360229754,"3":0,"4":0.550454359081,"4.1":1.77320844319,"4.2-4.3":3.00169642686,"4.4":5.60775378314,"4.4.3-4.4.4":2.58312175798,"37":0},"ios_saf":{"3.2":0,"4.0-4.1":0,"4.2-4.3":0,"5.0-5.1":0.0792607350136,"6.0-6.1":0.243344361884,"7.0-7.1":3.08004435184,"8":0.661896664324,"8.1":9.78383388694},"op_mob":{"10":0,"11":0,"11.1":0,"11.5":0,"12":0.000347654584222,"12.1":0.00208592750533,"0":null},"ie":{"5.5":null,"6":0.0280021465696,"7":0.0466702442827,"8":2.19350148129,"9":1.65679367204,"10":1.13408693607,"11":3.92030051975,"0":null},"ie_mob":{"10":0.0713462938596,"11":0.15148870614},"bb":{"7":0.36958,"10":null},"and_uc":{"0":6.581785},"op_mini":{"5.0-8.0":0.24214141791},"and_chr":{"0":17.381335},"and_ff":{"0":0.15218}},"total":97.66864}