{"id":"SB","name":"Solomon Islands","month":"2015-02","access_date":"2015-03-01","data":{"firefox":{"2":null,"3":0.027525,"3.5":null,"3.6":0.01101,"4":0.016515,"5":0.016515,"6":0.01101,"7":0.01101,"8":0.04404,"9":0.05505,"10":0.01101,"11":0.060555,"12":0.04404,"13":0.05505,"14":0.01101,"15":0.04404,"16":0.016515,"17":null,"18":0.01101,"19":0.08808,"20":0.01101,"21":0.05505,"22":0.14313,"23":0.060555,"24":0.170655,"25":0.060555,"26":0.016515,"27":null,"28":0.027525,"29":0.07707,"30":0.03303,"31":0.016515,"32":0.19818,"33":0.214695,"34":0.522975,"35":6.027975,"36":0.62757,"37":null,"38":null,"39":null},"chrome":{"4":null,"5":null,"6":null,"7":null,"8":null,"9":null,"10":null,"11":0.04404,"12":0.05505,"13":null,"14":null,"15":null,"16":null,"17":0.016515,"18":null,"19":null,"20":null,"21":null,"22":null,"23":null,"24":null,"25":null,"26":0.005505,"27":0.005505,"28":0.060555,"29":0.03303,"30":0.05505,"31":0.082575,"32":0.049545,"33":0.17616,"34":0.082575,"35":0.038535,"36":0.3303,"37":0.08808,"38":0.39636,"39":0.74868,"40":16.916865,"41":0.412875,"42":0.69363,"43":null},"opera":{"9":null,"9.5-9.6":null,"10.0-10.1":0,"10.5":null,"10.6":null,"11":null,"11.1":null,"11.5":null,"11.6":null,"12":null,"12.1":0.02202,"15":null,"16":null,"17":null,"18":null,"19":null,"20":null,"21":0.005505,"22":null,"23":null,"24":null,"25":0.04404,"26":null,"27":1.040445,"28":null,"29":null},"safari":{"3.1":null,"3.2":null,"4":0.027525,"5":0.08808,"5.1":0.23121,"6":0.071565,"6.1":0.27525,"7":0.1101,"7.1":0.23121,"8":0.34131},"android":{"2.1":0,"2.2":0,"2.3":0.106190227674,"3":0,"4":0.214616039089,"4.1":0.691354271754,"4.2-4.3":1.17032808816,"4.4":2.18640089822,"4.4.3-4.4.4":1.0071304751,"37":0},"ios_saf":{"3.2":0,"4.0-4.1":0,"4.2-4.3":0,"5.0-5.1":0.0164909945778,"6.0-6.1":0.0506302465107,"7.0-7.1":0.640834262978,"8":0.137714270509,"8.1":2.03562522542},"op_mob":{"10":0,"11":0,"11.1":0,"11.5":0,"12":0.0232449324805,"12.1":0.139469594883,"0":null},"ie":{"5.5":null,"6":0.04404,"7":0.01101,"8":1.623975,"9":2.923155,"10":2.658915,"11":15.32592,"0":null},"ie_mob":{"10":0.436074144737,"11":0.925910855263},"bb":{"7":0.03258875,"10":null},"and_uc":{"0":7.735895},"op_mini":{"5.0-8.0":16.1900954726},"and_chr":{"0":5.141105},"and_ff":{"0":0.013485}},"total":93.05887875}