{"id":"SC","name":"Seychelles","month":"2015-02","access_date":"2015-03-01","data":{"firefox":{"2":0.019803,"3":0.039606,"3.5":0.046207,"3.6":0.085813,"4":0.052808,"5":0.039606,"6":0.026404,"7":0.039606,"8":null,"9":0.052808,"10":0.046207,"11":0.138621,"12":0.059409,"13":0.019803,"14":0.072611,"15":0.085813,"16":0.092414,"17":0.013202,"18":0.046207,"19":0.039606,"20":0.013202,"21":0.112217,"22":0.019803,"23":0.06601,"24":0.118818,"25":0.039606,"26":null,"27":0.125419,"28":0.039606,"29":0.125419,"30":0.211232,"31":0.349853,"32":0.33005,"33":0.303646,"34":0.39606,"35":11.294311,"36":1.373008,"37":0.052808,"38":0.026404,"39":null},"chrome":{"4":0.013202,"5":0.006601,"6":0.019803,"7":null,"8":0.019803,"9":null,"10":null,"11":0.039606,"12":0.013202,"13":null,"14":0.019803,"15":0.013202,"16":0.013202,"17":null,"18":0.118818,"19":0.085813,"20":0.026404,"21":0.052808,"22":0.033005,"23":0.013202,"24":0.013202,"25":0.026404,"26":0.039606,"27":0.072611,"28":0.046207,"29":0.033005,"30":0.033005,"31":0.442267,"32":0.26404,"33":0.534681,"34":0.138621,"35":0.297045,"36":0.877933,"37":0.448868,"38":0.310247,"39":1.58424,"40":23.03749,"41":0.250838,"42":0.85813,"43":null},"opera":{"9":null,"9.5-9.6":null,"10.0-10.1":0,"10.5":null,"10.6":null,"11":null,"11.1":0.019803,"11.5":0.112217,"11.6":0.006601,"12":0.019803,"12.1":0.191429,"15":0.013202,"16":null,"17":null,"18":null,"19":0.013202,"20":null,"21":null,"22":null,"23":null,"24":null,"25":null,"26":0.026404,"27":1.029756,"28":null,"29":null},"safari":{"3.1":0.013202,"3.2":0.006601,"4":0.019803,"5":0.178227,"5.1":0.270641,"6":0.019803,"6.1":0.165025,"7":0.231035,"7.1":0.402661,"8":1.161776},"android":{"2.1":0,"2.2":0,"2.3":0.145490203763,"3":0,"4":0.294043359185,"4.1":0.947217800291,"4.2-4.3":1.60345519306,"4.4":2.9955667217,"4.4.3-4.4.4":1.37985972201,"37":0},"ios_saf":{"3.2":0,"4.0-4.1":0,"4.2-4.3":0,"5.0-5.1":0.0223721709007,"6.0-6.1":0.0686864896074,"7.0-7.1":0.869374711316,"8":0.186827251732,"8.1":2.76158937644},"op_mob":{"10":0,"11":0,"11.1":0,"11.5":0,"12":0.0034690575693,"12.1":0.0208143454158,"0":null},"ie":{"5.5":null,"6":0.173126883253,"7":0.139833251858,"8":3.43590275995,"9":1.23852308789,"10":1.97098297857,"11":8.25682058592,"0":null},"ie_mob":{"10":0.550667815789,"11":1.16922618421},"bb":{"7":0.2226345,"10":null},"and_uc":{"0":6.910167},"op_mini":{"5.0-8.0":2.41619859701},"and_chr":{"0":7.510855},"and_ff":{"0":0.278718}},"total":95.2845540474}