{"id":"SD","name":"Sudan","month":"2015-02","access_date":"2015-03-01","data":{"firefox":{"2":0.004748,"3":0.045106,"3.5":0.014244,"3.6":0.140066,"4":0.040358,"5":0.037984,"6":0.018992,"7":0.018992,"8":0.033236,"9":0.05935,"10":0.052228,"11":0.085464,"12":0.092586,"13":0.049854,"14":0.05935,"15":0.054602,"16":0.078342,"17":0.049854,"18":0.068846,"19":0.075968,"20":0.068846,"21":0.061724,"22":0.04748,"23":0.102082,"24":0.054602,"25":0.066472,"26":0.061724,"27":0.056976,"28":0.045106,"29":0.144814,"30":0.235026,"31":0.22553,"32":0.147188,"33":0.32049,"34":0.458182,"35":6.105928,"36":0.811908,"37":0.021366,"38":0.009496,"39":null},"chrome":{"4":0.052228,"5":0.075968,"6":0.02374,"7":0.014244,"8":0.049854,"9":0.097334,"10":0.061724,"11":0.102082,"12":0.04748,"13":0.026114,"14":0.028488,"15":0.01187,"16":0.033236,"17":0.042732,"18":0.042732,"19":0.061724,"20":0.049854,"21":0.056976,"22":0.144814,"23":0.113952,"24":0.05935,"25":0.13057,"26":0.180424,"27":0.170928,"28":0.199416,"29":0.199416,"30":0.151936,"31":0.33236,"32":0.185172,"33":0.595874,"34":0.15431,"35":0.197042,"36":0.721696,"37":0.292002,"38":0.370344,"39":1.061178,"40":1.37692,"41":0.03561,"42":0.021366,"43":null},"opera":{"9":null,"9.5-9.6":0.004748,"10.0-10.1":0.002374,"10.5":null,"10.6":0.014244,"11":0.01187,"11.1":0.014244,"11.5":0.16618,"11.6":0.045106,"12":0.033236,"12.1":0.239774,"15":0.018992,"16":0.004748,"17":0.01187,"18":0.02374,"19":0.016618,"20":0.021366,"21":0.026114,"22":0.026114,"23":0.007122,"24":0.009496,"25":0.018992,"26":0.068846,"27":0.550768,"28":0.009496,"29":0.002374},"safari":{"3.1":null,"3.2":null,"4":0.01187,"5":0.009496,"5.1":0.075968,"6":0.009496,"6.1":0.01187,"7":0.018992,"7.1":0.037984,"8":0.056976},"android":{"2.1":0,"2.2":0,"2.3":0.224895251066,"3":0,"4":0.454525138996,"4.1":1.46418645036,"4.2-4.3":2.47858239859,"4.4":4.63047485352,"4.4.3-4.4.4":2.13295390747,"37":0},"ios_saf":{"3.2":0,"4.0-4.1":0,"4.2-4.3":0,"5.0-5.1":0.00995155095893,"6.0-6.1":0.0305530073301,"7.0-7.1":0.386713778492,"8":0.0831041799377,"8.1":1.22840548328},"op_mob":{"10":0,"11":0,"11.1":0,"11.5":0,"12":0.047262771855,"12.1":0.28357663113,"0":null},"ie":{"5.5":null,"6":0.0707497800643,"7":0.0707497800643,"8":1.02221233955,"9":0.424498680386,"10":0.44889515627,"11":1.71019295949,"0":null},"ie_mob":{"10":0.0805747105263,"11":0.171083289474},"bb":{"7":0.0095325,"10":null},"and_uc":{"0":5.849142},"op_mini":{"5.0-8.0":32.918520597},"and_chr":{"0":6.817352},"and_ff":{"0":0.244032}},"total":82.5719751958}