{"id":"SE","name":"Sweden","month":"2015-02","access_date":"2015-03-01","data":{"firefox":{"2":null,"3":0.007636,"3.5":0.007636,"3.6":0.030544,"4":null,"5":null,"6":null,"7":null,"8":null,"9":null,"10":0.007636,"11":0.007636,"12":0.022908,"13":null,"14":0.007636,"15":0.007636,"16":0.053452,"17":0.045816,"18":0.015272,"19":0.007636,"20":0.030544,"21":0.022908,"22":null,"23":0.015272,"24":0.03818,"25":0.007636,"26":0.03818,"27":0.015272,"28":0.030544,"29":0.030544,"30":0.045816,"31":0.251988,"32":0.106904,"33":0.106904,"34":0.22908,"35":11.011112,"36":0.626152,"37":0.015272,"38":null,"39":null},"chrome":{"4":null,"5":null,"6":null,"7":null,"8":null,"9":null,"10":null,"11":0.030544,"12":null,"13":null,"14":null,"15":null,"16":null,"17":null,"18":0.03818,"19":null,"20":null,"21":0.015272,"22":0.03818,"23":null,"24":0.007636,"25":0.015272,"26":0.015272,"27":0.030544,"28":0.022908,"29":0.03818,"30":0.022908,"31":0.213808,"32":0.061088,"33":0.160356,"34":0.129812,"35":0.34362,"36":0.30544,"37":0.397072,"38":0.481068,"39":1.962452,"40":32.307916,"41":0.183264,"42":0.083996,"43":null},"opera":{"9":null,"9.5-9.6":null,"10.0-10.1":0,"10.5":null,"10.6":null,"11":null,"11.1":null,"11.5":null,"11.6":null,"12":null,"12.1":0.137448,"15":null,"16":null,"17":null,"18":null,"19":null,"20":null,"21":null,"22":null,"23":null,"24":null,"25":0.007636,"26":0.015272,"27":0.5727,"28":0.007636,"29":null},"safari":{"3.1":null,"3.2":null,"4":0.045816,"5":0.145084,"5.1":0.603244,"6":0.236716,"6.1":0.5727,"7":0.702512,"7.1":1.382116,"8":3.268208},"android":{"2.1":0,"2.2":0,"2.3":0.0473955088887,"3":0,"4":0.0957888179644,"4.1":0.30856970787,"4.2-4.3":0.522348397962,"4.4":0.975848583013,"4.4.3-4.4.4":0.449508984302,"37":0},"ios_saf":{"3.2":0,"4.0-4.1":0,"4.2-4.3":0,"5.0-5.1":0.0701815318807,"6.0-6.1":0.215469615423,"7.0-7.1":2.72722970379,"8":0.586077353951,"8.1":8.66310979496},"op_mob":{"10":0,"11":0,"11.1":0,"11.5":0,"12":0.000104170575693,"12.1":0.000625023454158,"0":null},"ie":{"5.5":null,"6":0.0153311937984,"7":0.0383279844961,"8":1.08084916279,"9":2.32267586047,"10":1.69409691473,"11":12.6482348837,"0":null},"ie_mob":{"10":0.0893135789474,"11":0.189638421053},"bb":{"7":0.002364,"10":null},"and_uc":{"0":0.02364},"op_mini":{"5.0-8.0":0.0725548059701},"and_chr":{"0":8.469836},"and_ff":{"0":0.120564}},"total":98.875312}