{"id":"SG","name":"Singapore","month":"2015-02","access_date":"2015-03-01","data":{"firefox":{"2":0.006503,"3":0.123557,"3.5":null,"3.6":0.039018,"4":null,"5":null,"6":0.006503,"7":null,"8":null,"9":null,"10":0.006503,"11":0.013006,"12":0.019509,"13":0.006503,"14":0.013006,"15":0.013006,"16":0.032515,"17":0.013006,"18":0.013006,"19":0.013006,"20":0.013006,"21":0.013006,"22":0.006503,"23":0.019509,"24":0.026012,"25":0.013006,"26":0.026012,"27":0.019509,"28":0.026012,"29":0.032515,"30":0.045521,"31":1.053486,"32":0.695821,"33":0.091042,"34":0.19509,"35":6.756617,"36":0.468216,"37":0.013006,"38":null,"39":null},"chrome":{"4":null,"5":null,"6":null,"7":null,"8":null,"9":null,"10":null,"11":0.052024,"12":0.006503,"13":null,"14":null,"15":null,"16":null,"17":null,"18":0.013006,"19":null,"20":0.006503,"21":0.026012,"22":0.182084,"23":0.013006,"24":0.013006,"25":0.019509,"26":0.032515,"27":0.032515,"28":0.039018,"29":0.19509,"30":0.078036,"31":0.331653,"32":0.058527,"33":0.156072,"34":0.104048,"35":0.221102,"36":1.222564,"37":1.69078,"38":0.45521,"39":1.567223,"40":24.795939,"41":0.234108,"42":0.13006,"43":0.006503},"opera":{"9":null,"9.5-9.6":0.019509,"10.0-10.1":0,"10.5":null,"10.6":null,"11":null,"11.1":null,"11.5":null,"11.6":null,"12":null,"12.1":0.084539,"15":null,"16":null,"17":null,"18":null,"19":null,"20":null,"21":null,"22":null,"23":null,"24":null,"25":null,"26":0.013006,"27":0.273126,"28":null,"29":null},"safari":{"3.1":null,"3.2":null,"4":0.214599,"5":0.156072,"5.1":0.487725,"6":0.123557,"6.1":0.351162,"7":0.812875,"7.1":0.747845,"8":2.321571},"android":{"2.1":0,"2.2":0,"2.3":0.109690699657,"3":0,"4":0.221690677201,"4.1":0.714144186714,"4.2-4.3":1.20890697411,"4.4":2.25847377399,"4.4.3-4.4.4":1.04032968833,"37":0},"ios_saf":{"3.2":0,"4.0-4.1":0,"4.2-4.3":0,"5.0-5.1":0.0656891031228,"6.0-6.1":0.201677070991,"7.0-7.1":2.55265549854,"8":0.548561633096,"8.1":8.10857069425},"op_mob":{"10":0,"11":0,"11.1":0,"11.5":0,"12":0.000367843638948,"12.1":0.00220706183369,"0":null},"ie":{"5.5":null,"6":0.0149741646018,"7":0.0748708230088,"8":5.56290214956,"9":1.73700309381,"10":1.43751980177,"11":8.09353596726,"0":null},"ie_mob":{"10":0.0694185175439,"11":0.147395482456},"bb":{"7":0.02185625,"10":null},"and_uc":{"0":1.489722},"op_mini":{"5.0-8.0":0.256203094527},"and_chr":{"0":15.597411},"and_ff":{"0":0.304239}},"total":98.96075425}