{"id":"SH","name":"Saint Helena","month":"2015-02","access_date":"2015-03-01","data":{"firefox":{"2":null,"3":null,"3.5":null,"3.6":0.028452,"4":null,"5":null,"6":null,"7":null,"8":null,"9":null,"10":null,"11":0.028452,"12":null,"13":0.180196,"14":null,"15":null,"16":null,"17":null,"18":null,"19":0.512136,"20":null,"21":null,"22":null,"23":null,"24":null,"25":null,"26":null,"27":null,"28":null,"29":0.33194,"30":0.028452,"31":null,"32":null,"33":null,"34":0.180196,"35":6.800028,"36":0.66388,"37":null,"38":null,"39":null},"chrome":{"4":null,"5":null,"6":null,"7":null,"8":null,"9":null,"10":null,"11":0.056904,"12":null,"13":null,"14":null,"15":null,"16":null,"17":null,"18":0.398328,"19":null,"20":null,"21":null,"22":null,"23":null,"24":null,"25":null,"26":null,"27":null,"28":null,"29":null,"30":null,"31":0.028452,"32":1.51744,"33":0.246584,"34":3.158172,"35":0.028452,"36":0.208648,"37":0.730268,"38":0.606976,"39":0.66388,"40":39.756928,"41":null,"42":null,"43":null},"opera":{"9":null,"9.5-9.6":null,"10.0-10.1":0,"10.5":null,"10.6":null,"11":null,"11.1":null,"11.5":null,"11.6":null,"12":null,"12.1":0.028452,"15":null,"16":null,"17":null,"18":null,"19":null,"20":null,"21":null,"22":null,"23":null,"24":null,"25":null,"26":null,"27":0.09484,"28":null,"29":null},"safari":{"3.1":null,"3.2":null,"4":0,"5":0.275036,"5.1":0.056904,"6":0.151744,"6.1":null,"7":0.180196,"7.1":0.635428,"8":null},"android":{"2.1":0,"2.2":0,"2.3":0.0167867636968,"3":0,"4":0.0339269329452,"4.1":0.109290666805,"4.2-4.3":0.185007806217,"4.4":0.345630629379,"4.4.3-4.4.4":0.159209200956,"37":0},"ios_saf":{"3.2":0,"4.0-4.1":0,"4.2-4.3":0,"5.0-5.1":0.011293451953,"6.0-6.1":0.0346728788031,"7.0-7.1":0.438859580279,"8":0.0943102303444,"8.1":1.39404785862},"op_mob":{"10":0,"11":0,"11.1":0,"11.5":0,"12":0.000388008528785,"12.1":0.00232805117271,"0":null},"ie":{"5.5":null,"6":0.028452,"7":0.483684,"8":9.284836,"9":6.344796,"10":7.103516,"11":13.931996,"0":null},"ie_mob":{"10":0.0485718947368,"11":0.103132105263},"bb":{"7":0.098685,"10":null},"and_uc":{"0":null},"op_mini":{"5.0-8.0":0.270247940299},"and_chr":{"0":1.517556},"and_ff":{"0":null}},"total":99.618589}