{"id":"SI","name":"Slovenia","month":"2015-02","access_date":"2015-03-01","data":{"firefox":{"2":null,"3":0.017836,"3.5":0.071344,"3.6":0.053508,"4":0.017836,"5":0.008918,"6":0.008918,"7":0.008918,"8":0.008918,"9":0.017836,"10":0.026754,"11":0.026754,"12":0.04459,"13":0.017836,"14":0.017836,"15":0.017836,"16":0.04459,"17":0.13377,"18":0.017836,"19":0.017836,"20":0.04459,"21":0.026754,"22":0.026754,"23":0.026754,"24":0.053508,"25":0.026754,"26":0.04459,"27":0.035672,"28":0.04459,"29":0.062426,"30":0.080262,"31":0.472654,"32":0.347802,"33":0.22295,"34":0.374556,"35":23.472176,"36":1.29311,"37":0.017836,"38":0.017836,"39":null},"chrome":{"4":null,"5":null,"6":null,"7":null,"8":null,"9":null,"10":null,"11":0.053508,"12":null,"13":null,"14":null,"15":null,"16":null,"17":null,"18":0.035672,"19":null,"20":null,"21":null,"22":0.04459,"23":0.017836,"24":0.008918,"25":null,"26":0.026754,"27":0.017836,"28":0.026754,"29":0.035672,"30":0.04459,"31":0.169442,"32":0.080262,"33":0.124852,"34":0.17836,"35":0.240786,"36":0.606424,"37":0.740194,"38":0.659932,"39":1.837108,"40":36.189244,"41":0.22295,"42":0.169442,"43":null},"opera":{"9":null,"9.5-9.6":null,"10.0-10.1":0,"10.5":null,"10.6":null,"11":0.008918,"11.1":null,"11.5":null,"11.6":null,"12":0.026754,"12.1":0.285376,"15":null,"16":null,"17":null,"18":null,"19":null,"20":0.026754,"21":null,"22":null,"23":0.008918,"24":null,"25":null,"26":0.017836,"27":0.945308,"28":0.017836,"29":null},"safari":{"3.1":null,"3.2":null,"4":0.035672,"5":0.107016,"5.1":0.392392,"6":0.04459,"6.1":0.329966,"7":0.258622,"7.1":0.481572,"8":1.275274},"android":{"2.1":0,"2.2":0,"2.3":0.0537299220293,"3":0,"4":0.108591000312,"4.1":0.349810071317,"4.2-4.3":0.592160298576,"4.4":1.10627081568,"4.4.3-4.4.4":0.509585892089,"37":0},"ios_saf":{"3.2":0,"4.0-4.1":0,"4.2-4.3":0,"5.0-5.1":0.0101933330656,"6.0-6.1":0.0312953208153,"7.0-7.1":0.39610934632,"8":0.0851232726177,"8.1":1.25825072718},"op_mob":{"10":0,"11":0,"11.1":0,"11.5":0,"12":0.00021070931059,"12.1":0.00126425586354,"0":null},"ie":{"5.5":null,"6":0.053791444379,"7":0.179304814597,"8":1.96338771984,"9":1.51512568334,"10":1.26409894291,"11":10.2383049135,"0":null},"ie_mob":{"10":0.147925535088,"11":0.314088464912},"bb":{"7":0.01082,"10":null},"and_uc":{"0":0.012984},"op_mini":{"5.0-8.0":0.146759034826},"and_chr":{"0":5.594886},"and_ff":{"0":0.100626}},"total":99.1098715185}