{"id":"SK","name":"Slovakia (Slovak Republic)","month":"2015-02","access_date":"2015-03-01","data":{"firefox":{"2":null,"3":0.036092,"3.5":0.027069,"3.6":0.063161,"4":0.018046,"5":null,"6":0.018046,"7":null,"8":0.009023,"9":0.045115,"10":0.027069,"11":0.018046,"12":0.063161,"13":0.018046,"14":0.018046,"15":0.018046,"16":0.054138,"17":0.027069,"18":0.027069,"19":0.018046,"20":0.027069,"21":0.027069,"22":0.027069,"23":0.027069,"24":0.045115,"25":0.045115,"26":0.054138,"27":0.036092,"28":0.09023,"29":0.063161,"30":0.108276,"31":0.36092,"32":0.225575,"33":0.261667,"34":0.424081,"35":20.319796,"36":1.200059,"37":0.018046,"38":0.018046,"39":null},"chrome":{"4":0.036092,"5":null,"6":0.009023,"7":0.027069,"8":null,"9":null,"10":0.009023,"11":0.09023,"12":0.027069,"13":0.018046,"14":null,"15":0.018046,"16":null,"17":null,"18":0.027069,"19":null,"20":null,"21":null,"22":0.108276,"23":null,"24":0.009023,"25":0.018046,"26":0.054138,"27":0.027069,"28":0.027069,"29":0.018046,"30":0.054138,"31":0.207529,"32":0.072184,"33":0.162414,"34":0.225575,"35":0.315805,"36":0.415058,"37":0.505288,"38":0.532357,"39":1.885807,"40":41.063673,"41":0.171437,"42":0.126322,"43":null},"opera":{"9":null,"9.5-9.6":null,"10.0-10.1":0,"10.5":null,"10.6":null,"11":null,"11.1":null,"11.5":0.018046,"11.6":0.036092,"12":0.045115,"12.1":1.651209,"15":0.036092,"16":0.018046,"17":0.018046,"18":0.045115,"19":0.036092,"20":0.09023,"21":0.027069,"22":null,"23":0.009023,"24":0.018046,"25":0.018046,"26":0.099253,"27":3.888913,"28":0.054138,"29":null},"safari":{"3.1":null,"3.2":null,"4":0,"5":0.054138,"5.1":0.162414,"6":0.027069,"6.1":0.108276,"7":0.18046,"7.1":0.288736,"8":1.055691},"android":{"2.1":0,"2.2":0,"2.3":0.0464895176214,"3":0,"4":0.0939577619295,"4.1":0.302671227882,"4.2-4.3":0.512363420522,"4.4":0.957194699657,"4.4.3-4.4.4":0.440916372388,"37":0},"ios_saf":{"3.2":0,"4.0-4.1":0,"4.2-4.3":0,"5.0-5.1":0.00824794407069,"6.0-6.1":0.0253226353047,"7.0-7.1":0.320512212572,"8":0.0688775680289,"8.1":1.01811464002},"op_mob":{"10":0,"11":0,"11.1":0,"11.5":0,"12":0.000494402274343,"12.1":0.00296641364606,"0":null},"ie":{"5.5":null,"6":0.144606822167,"7":0.144606822167,"8":1.5545233383,"9":0.831489227461,"10":0.786299595533,"11":7.46532719438,"0":null},"ie_mob":{"10":0.117617087719,"11":0.249734912281},"bb":{"7":0.01441075,"10":null},"and_uc":{"0":0.079137},"op_mini":{"5.0-8.0":0.34435118408},"and_chr":{"0":5.037013},"and_ff":{"0":0.092815}},"total":98.79021775}