{"id":"SL","name":"Sierra Leone","month":"2015-02","access_date":"2015-03-01","data":{"firefox":{"2":0.006564,"3":0.056888,"3.5":0.015316,"3.6":0.030632,"4":0.061264,"5":0.015316,"6":0.004376,"7":0.028444,"8":0.030632,"9":0.03282,"10":0.0547,"11":0.06564,"12":0.102836,"13":0.227552,"14":0.01094,"15":0.024068,"16":0.059076,"17":0.02188,"18":0.024068,"19":0.041572,"20":0.019692,"21":0.017504,"22":0.017504,"23":0.04376,"24":0.048136,"25":0.052512,"26":0.017504,"27":0.019692,"28":0.019692,"29":0.111588,"30":0.280064,"31":0.17504,"32":0.07658,"33":0.220988,"34":0.177228,"35":5.161492,"36":1.231844,"37":0.06564,"38":null,"39":null},"chrome":{"4":null,"5":0.006564,"6":0.004376,"7":null,"8":0.006564,"9":null,"10":0.006564,"11":0.019692,"12":null,"13":null,"14":null,"15":0.002188,"16":0.008752,"17":null,"18":null,"19":null,"20":null,"21":0.004376,"22":0.015316,"23":null,"24":null,"25":0.008752,"26":0.004376,"27":null,"28":0.006564,"29":0.02188,"30":0.19692,"31":0.019692,"32":0.024068,"33":0.188168,"34":0.013128,"35":0.01094,"36":0.286628,"37":0.048136,"38":0.024068,"39":0.30632,"40":4.52916,"41":0.024068,"42":0.052512,"43":null},"opera":{"9":null,"9.5-9.6":null,"10.0-10.1":0,"10.5":null,"10.6":0.008752,"11":0.008752,"11.1":0.015316,"11.5":0.015316,"11.6":0.03282,"12":0.008752,"12.1":0.234116,"15":0.024068,"16":0.01094,"17":null,"18":0.01094,"19":0.008752,"20":0.002188,"21":0.006564,"22":0.008752,"23":null,"24":null,"25":0.004376,"26":0.07658,"27":0.822688,"28":0.002188,"29":null},"safari":{"3.1":null,"3.2":null,"4":0,"5":0.12034,"5.1":0.063452,"6":0.008752,"6.1":0.01094,"7":0.039384,"7.1":0.096272,"8":0.413532},"android":{"2.1":0,"2.2":0,"2.3":0.0499955005718,"3":0,"4":0.101043537998,"4.1":0.325497022144,"4.2-4.3":0.551003043144,"4.4":1.02938104335,"4.4.3-4.4.4":0.474167852791,"37":0},"ios_saf":{"3.2":0,"4.0-4.1":0,"4.2-4.3":0,"5.0-5.1":0.00697502801486,"6.0-6.1":0.0214145596947,"7.0-7.1":0.271047141279,"8":0.0582476023697,"8.1":0.860987668641},"op_mob":{"10":0,"11":0,"11.1":0,"11.5":0,"12":0.0891911641791,"12.1":0.535146985075,"0":null},"ie":{"5.5":null,"6":0.0242523045045,"7":0.0264570594595,"8":0.604102857658,"9":0.202837455856,"10":1.06048713333,"11":2.96760016937,"0":null},"ie_mob":{"10":0.182588368421,"11":0.387687631579},"bb":{"7":0.021483,"10":null},"and_uc":{"0":5.304348},"op_mini":{"5.0-8.0":62.1216458507},"and_chr":{"0":1.784896},"and_ff":{"0":0.085932}},"total":95.7137639802}