{"id":"SM","name":"San Marino","month":"2015-02","access_date":"2015-03-01","data":{"firefox":{"2":null,"3":0.072208,"3.5":null,"3.6":0.027078,"4":null,"5":null,"6":null,"7":null,"8":null,"9":null,"10":0.018052,"11":null,"12":1.065068,"13":null,"14":0.018052,"15":0.054156,"16":0.054156,"17":0.009026,"18":0.018052,"19":null,"20":0.13539,"21":null,"22":null,"23":null,"24":null,"25":null,"26":null,"27":null,"28":0.081234,"29":0.036104,"30":0.126364,"31":0.189546,"32":0.036104,"33":0.207598,"34":0.243702,"35":23.792536,"36":1.390004,"37":0.04513,"38":null,"39":null},"chrome":{"4":null,"5":null,"6":null,"7":null,"8":null,"9":null,"10":null,"11":null,"12":null,"13":null,"14":null,"15":null,"16":null,"17":null,"18":null,"19":null,"20":null,"21":null,"22":0.099286,"23":null,"24":null,"25":null,"26":0.027078,"27":0.009026,"28":null,"29":null,"30":0.018052,"31":0.072208,"32":0.324936,"33":0.036104,"34":0.081234,"35":0.388118,"36":0.324936,"37":0.22565,"38":0.126364,"39":1.3539,"40":33.21568,"41":0.027078,"42":0.153442,"43":null},"opera":{"9":null,"9.5-9.6":null,"10.0-10.1":0,"10.5":null,"10.6":null,"11":null,"11.1":null,"11.5":null,"11.6":null,"12":null,"12.1":0.162468,"15":null,"16":null,"17":null,"18":null,"19":null,"20":null,"21":null,"22":null,"23":null,"24":null,"25":null,"26":null,"27":0.31591,"28":0.063182,"29":null},"safari":{"3.1":null,"3.2":null,"4":0.027078,"5":0.22565,"5.1":2.951502,"6":0.126364,"6.1":0.9026,"7":0.523508,"7.1":1.17338,"8":3.953388},"android":{"2.1":0,"2.2":0,"2.3":0.0339953238382,"3":0,"4":0.0687063387046,"4.1":0.221327450463,"4.2-4.3":0.374664253249,"4.4":0.699945825554,"4.4.3-4.4.4":0.322418808192,"37":0},"ios_saf":{"3.2":0,"4.0-4.1":0,"4.2-4.3":0,"5.0-5.1":0.021501448539,"6.0-6.1":0.0660132191987,"7.0-7.1":0.835538745858,"8":0.179555956221,"8.1":2.65410863018},"op_mob":{"10":0,"11":0,"11.1":0,"11.5":0,"12":1.52295664534e-5,"12.1":9.13773987207e-5,"0":null},"ie":{"5.5":null,"6":0.0180756437459,"7":0.0451891093648,"8":2.14196378389,"9":0.994160406025,"10":1.42797585593,"11":9.14627573543,"0":null},"ie_mob":{"10":0.120998140351,"11":0.256913859649},"bb":{"7":0.0046265,"10":null},"and_uc":{"0":0.001948},"op_mini":{"5.0-8.0":0.0106073930348},"and_chr":{"0":3.828666},"and_ff":{"0":0.0487}},"total":98.0516650344}