{"id":"SN","name":"Senegal","month":"2015-02","access_date":"2015-03-01","data":{"firefox":{"2":null,"3":0.07496,"3.5":0.03748,"3.6":0.14992,"4":0.044976,"5":0.014992,"6":0.059968,"7":0.03748,"8":0.022488,"9":0.029984,"10":0.07496,"11":0.07496,"12":0.247368,"13":0.067464,"14":0.089952,"15":0.134928,"16":0.089952,"17":0.07496,"18":0.03748,"19":0.284848,"20":0.07496,"21":0.292344,"22":0.097448,"23":0.14992,"24":0.052472,"25":0.059968,"26":0.089952,"27":0.247368,"28":0.104944,"29":0.194896,"30":0.322328,"31":0.382296,"32":0.629664,"33":0.464752,"34":0.569696,"35":16.018952,"36":1.034448,"37":0.059968,"38":0.007496,"39":null},"chrome":{"4":0.022488,"5":0.07496,"6":0.082456,"7":0.044976,"8":0.059968,"9":0.044976,"10":0.07496,"11":0.269856,"12":0.119936,"13":0.044976,"14":0.03748,"15":0.03748,"16":0.022488,"17":0.022488,"18":0.014992,"19":0.022488,"20":0.014992,"21":0.03748,"22":0.022488,"23":0.03748,"24":0.029984,"25":0.029984,"26":0.022488,"27":0.07496,"28":0.089952,"29":0.089952,"30":0.194896,"31":0.217384,"32":0.1874,"33":0.247368,"34":0.119936,"35":0.329824,"36":1.206856,"37":0.284848,"38":0.494736,"39":1.671608,"40":31.902976,"41":0.352312,"42":0.127432,"43":null},"opera":{"9":null,"9.5-9.6":null,"10.0-10.1":0,"10.5":null,"10.6":null,"11":null,"11.1":null,"11.5":null,"11.6":0.022488,"12":0.022488,"12.1":0.142424,"15":0.022488,"16":0.014992,"17":null,"18":0.03748,"19":0.007496,"20":0.022488,"21":0.007496,"22":0.007496,"23":null,"24":0.007496,"25":0.014992,"26":0.07496,"27":1.694096,"28":0.014992,"29":null},"safari":{"3.1":null,"3.2":null,"4":0.029984,"5":0.142424,"5.1":0.179904,"6":0.059968,"6.1":0.14992,"7":0.11244,"7.1":0.209888,"8":0.404784},"android":{"2.1":0,"2.2":0,"2.3":0.179195184531,"3":0,"4":0.362162899262,"4.1":1.16665496455,"4.2-4.3":1.97491956004,"4.4":3.68953453623,"4.4.3-4.4.4":1.69952485539,"37":0},"ios_saf":{"3.2":0,"4.0-4.1":0,"4.2-4.3":0,"5.0-5.1":0.0159080309268,"6.0-6.1":0.0488404458279,"7.0-7.1":0.61818050005,"8":0.132846012652,"8.1":1.96366501054},"op_mob":{"10":0,"11":0,"11.1":0,"11.5":0,"12":0.00415019758351,"12.1":0.0249011855011,"0":null},"ie":{"5.5":null,"6":0.03748,"7":0.067464,"8":1.034448,"9":0.629664,"10":1.731576,"11":5.269688,"0":null},"ie_mob":{"10":0.47060922807,"11":0.99923877193},"bb":{"7":0.073242,"10":null},"and_uc":{"0":0.618488},"op_mini":{"5.0-8.0":2.89061261692},"and_chr":{"0":7.352216},"and_ff":{"0":0.13772}},"total":97.88341}