{"id":"SO","name":"Somalia","month":"2015-02","access_date":"2015-03-01","data":{"firefox":{"2":null,"3":0.010916,"3.5":0.021832,"3.6":0.169198,"4":0.076412,"5":0.016374,"6":0.016374,"7":0.016374,"8":0.02729,"9":0.021832,"10":0.070954,"11":0.371144,"12":0.169198,"13":0.060038,"14":0.076412,"15":0.076412,"16":0.065496,"17":0.032748,"18":0.016374,"19":0.141908,"20":0.092786,"21":0.049122,"22":0.043664,"23":0.130992,"24":0.02729,"25":0.076412,"26":0.125534,"27":0.201946,"28":0.130992,"29":0.392976,"30":0.21832,"31":0.251068,"32":0.223778,"33":0.442098,"34":0.605838,"35":7.864978,"36":1.741102,"37":0.05458,"38":null,"39":null},"chrome":{"4":null,"5":0.049122,"6":null,"7":0.005458,"8":0.021832,"9":0.622212,"10":0.065496,"11":0.087328,"12":0.043664,"13":0.038206,"14":0.005458,"15":0.010916,"16":0.021832,"17":null,"18":0.049122,"19":null,"20":0.02729,"21":0.016374,"22":0.021832,"23":0.032748,"24":0.016374,"25":0.130992,"26":0.076412,"27":0.043664,"28":0.032748,"29":0.032748,"30":0.207404,"31":0.076412,"32":0.070954,"33":0.73683,"34":0.098244,"35":0.158282,"36":0.949692,"37":0.256526,"38":0.622212,"39":1.184386,"40":25.128632,"41":0.398434,"42":0.84599,"43":null},"opera":{"9":null,"9.5-9.6":null,"10.0-10.1":0,"10.5":null,"10.6":0.043664,"11":0.005458,"11.1":0.005458,"11.5":0.016374,"11.6":0.010916,"12":0.005458,"12.1":0.049122,"15":0.010916,"16":null,"17":0.02729,"18":0.005458,"19":0.02729,"20":0.010916,"21":0.010916,"22":0.010916,"23":null,"24":0.010916,"25":null,"26":0.05458,"27":1.03702,"28":0.103702,"29":null},"safari":{"3.1":null,"3.2":null,"4":0,"5":0.038206,"5.1":0.038206,"6":0.010916,"6.1":0.043664,"7":0.070954,"7.1":0.070954,"8":0.251068},"android":{"2.1":0,"2.2":0,"2.3":0.221329832623,"3":0,"4":0.44731924067,"4.1":1.44097369976,"4.2-4.3":2.43928773428,"4.4":4.55706476432,"4.4.3-4.4.4":2.09913872835,"37":0},"ios_saf":{"3.2":0,"4.0-4.1":0,"4.2-4.3":0,"5.0-5.1":0.00844869464806,"6.0-6.1":0.0259389747967,"7.0-7.1":0.328313309569,"8":0.0705540114469,"8.1":1.04289500954},"op_mob":{"10":0,"11":0,"11.1":0,"11.5":0,"12":0.0155854840085,"12.1":0.0935129040512,"0":null},"ie":{"5.5":null,"6":0.0164048943396,"7":0.0218731924528,"8":0.8694594,"9":0.437463849057,"10":1.31785984528,"11":3.13333481887,"0":null},"ie_mob":{"10":0.269033815789,"11":0.571236184211},"bb":{"7":0.0556395,"10":null},"and_uc":{"0":11.282328},"op_mini":{"5.0-8.0":10.8552896119},"and_chr":{"0":6.131814},"and_ff":{"0":0.208932}},"total":96.2479575}