{"id":"SR","name":"Suriname","month":"2015-02","access_date":"2015-03-01","data":{"firefox":{"2":null,"3":0.006374,"3.5":null,"3.6":0.019122,"4":0.006374,"5":0.076488,"6":0.006374,"7":null,"8":null,"9":null,"10":0.006374,"11":0.019122,"12":0.012748,"13":null,"14":0.019122,"15":0.019122,"16":0.019122,"17":null,"18":0.012748,"19":0.012748,"20":null,"21":0.012748,"22":null,"23":null,"24":null,"25":0.012748,"26":0.019122,"27":0.006374,"28":0.050992,"29":0.050992,"30":0.03187,"31":0.178472,"32":0.15935,"33":0.09561,"34":0.28683,"35":9.484512,"36":0.854116,"37":0.03187,"38":null,"39":null},"chrome":{"4":null,"5":null,"6":null,"7":null,"8":null,"9":null,"10":null,"11":0.082862,"12":0.012748,"13":null,"14":null,"15":null,"16":null,"17":null,"18":0.03187,"19":null,"20":0.038244,"21":0.019122,"22":0.152976,"23":null,"24":0.012748,"25":null,"26":0.121106,"27":0.057366,"28":0.044618,"29":0.038244,"30":0.089236,"31":0.305952,"32":0.070114,"33":0.15935,"34":0.133854,"35":0.178472,"36":1.21106,"37":0.38244,"38":0.325074,"39":1.740102,"40":29.51162,"41":0.114732,"42":0.299578,"43":null},"opera":{"9":null,"9.5-9.6":null,"10.0-10.1":0,"10.5":null,"10.6":null,"11":null,"11.1":null,"11.5":null,"11.6":null,"12":null,"12.1":0.070114,"15":0.050992,"16":null,"17":null,"18":null,"19":null,"20":0.025496,"21":0.006374,"22":null,"23":null,"24":null,"25":null,"26":0.41431,"27":0.994344,"28":null,"29":null},"safari":{"3.1":null,"3.2":null,"4":0.006374,"5":0.012748,"5.1":0.082862,"6":0.012748,"6.1":0.09561,"7":0.101984,"7.1":0.184846,"8":0.650148},"android":{"2.1":0,"2.2":0,"2.3":0.274315438195,"3":0,"4":0.554405938247,"4.1":1.7859378792,"4.2-4.3":3.023244882,"4.4":5.64801049589,"4.4.3-4.4.4":2.60166536646,"37":0},"ios_saf":{"3.2":0,"4.0-4.1":0,"4.2-4.3":0,"5.0-5.1":0.0262321566422,"6.0-6.1":0.0805373230244,"7.0-7.1":1.01937240285,"8":0.219061518626,"8.1":3.23806059886},"op_mob":{"10":0,"11":0,"11.1":0,"11.5":0,"12":0.00130917412935,"12.1":0.00785504477612,"0":null},"ie":{"5.5":null,"6":0.0576476200295,"7":0.0960793667158,"8":1.56929632302,"9":1.38994817182,"10":1.2490317673,"11":8.64714300442,"0":null},"ie_mob":{"10":0.212454973684,"11":0.451103026316},"bb":{"7":0.605542,"10":null},"and_uc":{"0":0.710696},"op_mini":{"5.0-8.0":0.911839781095},"and_chr":{"0":13.347864},"and_ff":{"0":0.137788}},"total":97.2203242533}