{"id":"ST","name":"Sao Tome and Principe","month":"2015-02","access_date":"2015-03-01","data":{"firefox":{"2":null,"3":null,"3.5":null,"3.6":0.055454,"4":null,"5":null,"6":null,"7":null,"8":0.031688,"9":null,"10":null,"11":null,"12":0.102986,"13":null,"14":null,"15":0.015844,"16":null,"17":0.269348,"18":0.071298,"19":null,"20":0.031688,"21":0.023766,"22":null,"23":0.015844,"24":0.023766,"25":0.031688,"26":null,"27":0.015844,"28":0.047532,"29":0.110908,"30":0.071298,"31":0.047532,"32":0.047532,"33":0.245582,"34":0.134674,"35":9.007314,"36":0.59415,"37":0.031688,"38":null,"39":null},"chrome":{"4":0.015844,"5":null,"6":null,"7":null,"8":null,"9":0.015844,"10":0.023766,"11":0.015844,"12":0.007922,"13":null,"14":0.07922,"15":null,"16":0.134674,"17":null,"18":0.023766,"19":null,"20":0.015844,"21":null,"22":null,"23":null,"24":null,"25":0.047532,"26":0.110908,"27":null,"28":null,"29":0.03961,"30":0.102986,"31":0.031688,"32":0.055454,"33":5.101768,"34":0.095064,"35":0.348568,"36":3.1688,"37":0.126752,"38":0.190128,"39":2.067642,"40":33.224868,"41":0.19805,"42":0.308958,"43":null},"opera":{"9":null,"9.5-9.6":null,"10.0-10.1":0,"10.5":null,"10.6":null,"11":null,"11.1":null,"11.5":null,"11.6":null,"12":null,"12.1":0.023766,"15":null,"16":null,"17":null,"18":null,"19":null,"20":null,"21":null,"22":0.102986,"23":null,"24":0.015844,"25":0.015844,"26":0.015844,"27":2.29738,"28":0.023766,"29":null},"safari":{"3.1":null,"3.2":null,"4":0.063376,"5":0.023766,"5.1":0.087142,"6":null,"6.1":0.190128,"7":0.047532,"7.1":0.11883,"8":0.67337},"android":{"2.1":0,"2.2":0,"2.3":0.154742842291,"3":0,"4":0.312743428631,"4.1":1.00745734692,"4.2-4.3":1.70542900925,"4.4":3.18607367918,"4.4.3-4.4.4":1.46761369373,"37":0},"ios_saf":{"3.2":0,"4.0-4.1":0,"4.2-4.3":0,"5.0-5.1":0.00532822652877,"6.0-6.1":0.0163585902199,"7.0-7.1":0.207053013355,"8":0.0444953653981,"8.1":0.657708804498},"op_mob":{"10":0,"11":0,"11.1":0,"11.5":0,"12":0.00406738592751,"12.1":0.024404315565,"0":null},"ie":{"5.5":null,"6":0.015844,"7":0.055454,"8":1.647776,"9":1.132846,"10":1.774528,"11":12.683122,"0":null},"ie_mob":{"10":0.210242561404,"11":0.446405438596},"bb":{"7":0.013507,"10":null},"and_uc":{"0":3.941966},"op_mini":{"5.0-8.0":2.83293429851},"and_chr":{"0":4.434026},"and_ff":{"0":0.033248}},"total":98.293873}