{"id":"SV","name":"El Salvador","month":"2015-02","access_date":"2015-03-01","data":{"firefox":{"2":0.00666,"3":0.05328,"3.5":0.07326,"3.6":0.08658,"4":0.02664,"5":0.01998,"6":0.00666,"7":0.01332,"8":0.01998,"9":0.01998,"10":0.02664,"11":0.0333,"12":0.05994,"13":0.0333,"14":0.02664,"15":0.04662,"16":0.02664,"17":0.03996,"18":0.03996,"19":0.01998,"20":0.03996,"21":0.04662,"22":0.0333,"23":0.04662,"24":0.03996,"25":0.07326,"26":0.05994,"27":0.03996,"28":0.07992,"29":0.07992,"30":0.17982,"31":0.15984,"32":0.24642,"33":0.31968,"34":0.4329,"35":12.64068,"36":0.5661,"37":0.01332,"38":null,"39":null},"chrome":{"4":null,"5":null,"6":null,"7":null,"8":null,"9":null,"10":null,"11":0.04662,"12":0.01998,"13":null,"14":null,"15":0.00666,"16":null,"17":null,"18":0.01332,"19":null,"20":0.00666,"21":0.01998,"22":0.05994,"23":0.01332,"24":0.01998,"25":0.01998,"26":0.05328,"27":0.0333,"28":0.03996,"29":0.04662,"30":0.05328,"31":0.1332,"32":0.1332,"33":0.15984,"34":0.17316,"35":0.3663,"36":0.45288,"37":0.50616,"38":0.75258,"39":2.0646,"40":32.94702,"41":0.11322,"42":0.0666,"43":null},"opera":{"9":null,"9.5-9.6":null,"10.0-10.1":0,"10.5":null,"10.6":null,"11":null,"11.1":null,"11.5":null,"11.6":null,"12":null,"12.1":0.03996,"15":null,"16":null,"17":null,"18":0.01332,"19":null,"20":0.01332,"21":0.00666,"22":null,"23":null,"24":null,"25":0.00666,"26":0.01998,"27":0.67266,"28":0.01332,"29":null},"safari":{"3.1":null,"3.2":null,"4":0.02664,"5":0.0999,"5.1":0.12654,"6":0.07992,"6.1":0.07992,"7":0.0999,"7.1":0.21978,"8":0.65268},"android":{"2.1":0,"2.2":0,"2.3":0.261321405552,"3":0,"4":0.528144314378,"4.1":1.70133988772,"4.2-4.3":2.88003696434,"4.4":5.38047020272,"4.4.3-4.4.4":2.47842722528,"37":0},"ios_saf":{"3.2":0,"4.0-4.1":0,"4.2-4.3":0,"5.0-5.1":0.0179502781404,"6.0-6.1":0.0551105030626,"7.0-7.1":0.697541510192,"8":0.14990056833,"8.1":2.21575714028},"op_mob":{"10":0,"11":0,"11.1":0,"11.5":0,"12":0.00267769722814,"12.1":0.0160661833689,"0":null},"ie":{"5.5":null,"6":0.0535380145278,"7":0.10038377724,"8":2.04782905569,"9":1.1309905569,"10":1.05737578692,"11":3.86142929782,"0":null},"ie_mob":{"10":0.266277105263,"11":0.565382894737},"bb":{"7":0.22545,"10":null},"and_uc":{"0":0.93186},"op_mini":{"5.0-8.0":1.8650161194},"and_chr":{"0":13.32532},"and_ff":{"0":0.23046}},"total":98.3163964891}