{"id":"SY","name":"Syrian Arab Republic","month":"2015-02","access_date":"2015-03-01","data":{"firefox":{"2":0.027552,"3":0.059696,"3.5":0.018368,"3.6":0.09184,"4":0.059696,"5":0.050512,"6":0.04592,"7":0.027552,"8":0.059696,"9":0.027552,"10":0.101024,"11":0.073472,"12":0.146944,"13":0.082656,"14":0.036736,"15":0.087248,"16":0.09184,"17":0.050512,"18":0.064288,"19":0.064288,"20":0.09184,"21":0.09184,"22":0.036736,"23":0.059696,"24":0.09184,"25":0.105616,"26":0.156128,"27":0.165312,"28":0.110208,"29":0.25256,"30":0.454608,"31":0.43624,"32":0.48216,"33":0.574,"34":0.991872,"35":11.796848,"36":0.98728,"37":0.036736,"38":0.018368,"39":null},"chrome":{"4":0.013776,"5":0.041328,"6":0.04592,"7":0.009184,"8":0.04592,"9":0.013776,"10":0.032144,"11":0.156128,"12":0.055104,"13":0.04592,"14":0.032144,"15":0.041328,"16":0.013776,"17":0.013776,"18":0.02296,"19":0.018368,"20":0.018368,"21":0.013776,"22":0.027552,"23":0.027552,"24":0.032144,"25":0.032144,"26":0.059696,"27":0.09184,"28":0.050512,"29":0.055104,"30":0.101024,"31":0.110208,"32":0.087248,"33":0.84952,"34":0.110208,"35":0.146944,"36":0.890848,"37":0.335216,"38":0.477568,"39":1.726592,"40":13.748448,"41":0.128576,"42":0.238784,"43":null},"opera":{"9":null,"9.5-9.6":null,"10.0-10.1":0,"10.5":null,"10.6":null,"11":null,"11.1":null,"11.5":0.032144,"11.6":0.02296,"12":0.018368,"12.1":0.119392,"15":0.009184,"16":0.004592,"17":0.004592,"18":0.009184,"19":0.009184,"20":0.009184,"21":null,"22":0.004592,"23":null,"24":null,"25":0.009184,"26":0.013776,"27":0.358176,"28":0.004592,"29":null},"safari":{"3.1":null,"3.2":null,"4":0.009184,"5":0.036736,"5.1":0.050512,"6":0.041328,"6.1":0.009184,"7":0.027552,"7.1":0.036736,"8":0.082656},"android":{"2.1":0,"2.2":0,"2.3":0.383063387046,"3":0,"4":0.774191266452,"4.1":2.49394426198,"4.2-4.3":4.22176174987,"4.4":7.88707352698,"4.4.3-4.4.4":3.63305380767,"37":0},"ios_saf":{"3.2":0,"4.0-4.1":0,"4.2-4.3":0,"5.0-5.1":0.0131857672457,"6.0-6.1":0.0404826187368,"7.0-7.1":0.512394288583,"8":0.110112722964,"8.1":1.62763260247},"op_mob":{"10":0,"11":0,"11.1":0,"11.5":0,"12":0.00889418052594,"12.1":0.0533650831557,"0":null},"ie":{"5.5":null,"6":0.125839122195,"7":0.0466070822943,"8":1.88758683292,"9":0.992730852868,"10":0.512677905237,"11":1.93419391521,"0":null},"ie_mob":{"10":0.0519452631579,"11":0.110294736842},"bb":{"7":0.012168,"10":null},"and_uc":{"0":6.32736},"op_mini":{"5.0-8.0":6.19479673632},"and_chr":{"0":14.118896},"and_ff":{"0":0.492128}},"total":93.6580757107}