{"id":"SZ","name":"Swaziland","month":"2015-02","access_date":"2015-03-01","data":{"firefox":{"2":0.003347,"3":0.030123,"3.5":0.006694,"3.6":0.020082,"4":0.013388,"5":0.020082,"6":0.003347,"7":0.020082,"8":0.026776,"9":0.023429,"10":null,"11":0.006694,"12":0.043511,"13":0.013388,"14":0.083675,"15":0.016735,"16":0.070287,"17":0.013388,"18":0.030123,"19":0.030123,"20":0.03347,"21":0.03347,"22":0.016735,"23":0.030123,"24":0.006694,"25":0.123839,"26":0.083675,"27":0.080328,"28":0.036817,"29":0.056899,"30":0.210861,"31":0.558949,"32":0.103757,"33":0.404987,"34":0.187432,"35":4.863191,"36":0.659359,"37":0.013388,"38":0.003347,"39":null},"chrome":{"4":null,"5":null,"6":null,"7":null,"8":null,"9":0.013388,"10":null,"11":0.023429,"12":0.006694,"13":null,"14":null,"15":null,"16":null,"17":null,"18":0.023429,"19":null,"20":0.013388,"21":0.013388,"22":null,"23":null,"24":null,"25":0.040164,"26":0.026776,"27":0.020082,"28":0.020082,"29":null,"30":0.006694,"31":0.157309,"32":0.043511,"33":0.056899,"34":0.03347,"35":0.113798,"36":0.247678,"37":0.053552,"38":0.244331,"39":0.428416,"40":10.064429,"41":0.050205,"42":0.013388,"43":null},"opera":{"9":null,"9.5-9.6":null,"10.0-10.1":0,"10.5":null,"10.6":null,"11":null,"11.1":null,"11.5":0.020082,"11.6":null,"12":0.006694,"12.1":0.03347,"15":null,"16":null,"17":null,"18":0.013388,"19":0.003347,"20":0.003347,"21":null,"22":null,"23":null,"24":0.023429,"25":0.016735,"26":0.050205,"27":0.679441,"28":null,"29":null},"safari":{"3.1":null,"3.2":null,"4":0,"5":0.013388,"5.1":0.147268,"6":0.046858,"6.1":0.060246,"7":0.060246,"7.1":0.076981,"8":0.174044},"android":{"2.1":0,"2.2":0,"2.3":0.104342611498,"3":0,"4":0.210881909554,"4.1":0.679325318016,"4.2-4.3":1.14996541304,"4.4":2.14835945358,"4.4.3-4.4.4":0.989607294313,"37":0},"ios_saf":{"3.2":0,"4.0-4.1":0,"4.2-4.3":0,"5.0-5.1":0.00685407972688,"6.0-6.1":0.0210432272316,"7.0-7.1":0.266347133246,"8":0.0572375780701,"8.1":0.846057981725},"op_mob":{"10":0,"11":0,"11.1":0,"11.5":0,"12":0.0587847164179,"12.1":0.352708298507,"0":null},"ie":{"5.5":null,"6":0.0940584137156,"7":0.0906991846543,"8":2.45895567285,"9":1.79046908966,"10":2.31114959415,"11":5.20680504497,"0":null},"ie_mob":{"10":0.971338,"11":2.06243},"bb":{"7":0.14137625,"10":null},"and_uc":{"0":3.160175},"op_mini":{"5.0-8.0":40.9435549851},"and_chr":{"0":3.526787},"and_ff":{"0":0.172978}},"total":90.94855525}