{"id":"TC","name":"Turks and Caicos Islands","month":"2015-02","access_date":"2015-03-01","data":{"firefox":{"2":0.099593,"3":null,"3.5":null,"3.6":0.015322,"4":null,"5":null,"6":null,"7":null,"8":null,"9":null,"10":0.007661,"11":null,"12":0.045966,"13":0.007661,"14":null,"15":null,"16":0.015322,"17":null,"18":0.015322,"19":null,"20":null,"21":null,"22":null,"23":0.007661,"24":null,"25":null,"26":null,"27":0.015322,"28":null,"29":null,"30":0.038305,"31":0.298779,"32":0.183864,"33":0.038305,"34":0.130237,"35":9.03998,"36":0.390711,"37":null,"38":null,"39":null},"chrome":{"4":null,"5":null,"6":null,"7":null,"8":null,"9":0.007661,"10":null,"11":0.068949,"12":0.030644,"13":null,"14":null,"15":null,"16":null,"17":null,"18":null,"19":null,"20":null,"21":0.038305,"22":null,"23":0.015322,"24":null,"25":0.038305,"26":0.015322,"27":0.015322,"28":null,"29":null,"30":0.038305,"31":0.091932,"32":0.061288,"33":0.099593,"34":0.068949,"35":0.168542,"36":1.164472,"37":0.543931,"38":0.582236,"39":1.003591,"40":37.745747,"41":0.084271,"42":0.291118,"43":null},"opera":{"9":null,"9.5-9.6":null,"10.0-10.1":0,"10.5":null,"10.6":null,"11":null,"11.1":null,"11.5":null,"11.6":null,"12":null,"12.1":0.015322,"15":null,"16":null,"17":null,"18":null,"19":null,"20":null,"21":null,"22":null,"23":0.015322,"24":null,"25":null,"26":0.015322,"27":0.38305,"28":null,"29":null},"safari":{"3.1":null,"3.2":null,"4":0.091932,"5":0.137898,"5.1":0.467321,"6":0.091932,"6.1":0.413694,"7":0.597558,"7.1":1.348336,"8":1.99186},"android":{"2.1":0,"2.2":0,"2.3":0.0745688470735,"3":0,"4":0.150707564612,"4.1":0.48548244121,"4.2-4.3":0.821827188273,"4.4":1.53533331448,"4.4.3-4.4.4":0.70722664435,"37":0},"ios_saf":{"3.2":0,"4.0-4.1":0,"4.2-4.3":0,"5.0-5.1":0.0411789886535,"6.0-6.1":0.12642671955,"7.0-7.1":1.60020105031,"8":0.343880677176,"8.1":5.08307656431},"op_mob":{"10":0,"11":0,"11.1":0,"11.5":0,"12":0.00012634257285,"12.1":0.0007580554371,"0":null},"ie":{"5.5":null,"6":0.015322,"7":0.068949,"8":1.164472,"9":1.662437,"10":1.463251,"11":12.426142,"0":null},"ie_mob":{"10":0.236649350877,"11":0.502474649123},"bb":{"7":0.31985825,"10":null},"and_uc":{"0":0.130984},"op_mini":{"5.0-8.0":0.08799760199},"and_chr":{"0":11.190544},"and_ff":{"0":0.128645}},"total":98.46188325}