{"id":"TD","name":"Chad","month":"2015-02","access_date":"2015-03-01","data":{"firefox":{"2":0.001287,"3":0.032175,"3.5":0.018018,"3.6":0.074646,"4":0.034749,"5":0.007722,"6":0.015444,"7":0.006435,"8":0.003861,"9":0.006435,"10":0.05148,"11":0.782496,"12":0.011583,"13":0.009009,"14":0.014157,"15":0.068211,"16":0.023166,"17":0.030888,"18":0.042471,"19":0.029601,"20":0.033462,"21":0.055341,"22":0.01287,"23":0.029601,"24":0.074646,"25":0.037323,"26":0.003861,"27":0.006435,"28":0.018018,"29":0.01287,"30":0.138996,"31":0.087516,"32":0.037323,"33":0.081081,"34":0.637065,"35":2.50965,"36":0.185328,"37":null,"38":0.003861,"39":null},"chrome":{"4":null,"5":null,"6":null,"7":null,"8":null,"9":0.003861,"10":0.006435,"11":0.059202,"12":0.006435,"13":null,"14":null,"15":null,"16":null,"17":null,"18":null,"19":0.108108,"20":null,"21":0.061776,"22":null,"23":0.007722,"24":null,"25":null,"26":0.018018,"27":null,"28":0.018018,"29":null,"30":null,"31":0.419562,"32":0.020592,"33":0.05148,"34":0.010296,"35":0.009009,"36":0.072072,"37":0.023166,"38":0.037323,"39":0.226512,"40":2.540538,"41":0.003861,"42":0.009009,"43":null},"opera":{"9":null,"9.5-9.6":null,"10.0-10.1":0,"10.5":null,"10.6":0.01287,"11":null,"11.1":0.003861,"11.5":0.009009,"11.6":null,"12":0.020592,"12.1":0.019305,"15":null,"16":null,"17":0.001287,"18":null,"19":0.016731,"20":0.011583,"21":0.003861,"22":null,"23":null,"24":null,"25":null,"26":0.006435,"27":0.119691,"28":null,"29":null},"safari":{"3.1":null,"3.2":null,"4":0.033462,"5":0.005148,"5.1":0.021879,"6":0.024453,"6.1":0.028314,"7":0.041184,"7.1":0.178893,"8":0.138996},"android":{"2.1":0,"2.2":0,"2.3":0.130971272482,"3":0,"4":0.26469983491,"4.1":0.852691916104,"4.2-4.3":1.44344128724,"4.4":2.69662956815,"4.4.3-4.4.4":1.24215912111,"37":0},"ios_saf":{"3.2":0,"4.0-4.1":0,"4.2-4.3":0,"5.0-5.1":0.0122676660307,"6.0-6.1":0.0376638869364,"7.0-7.1":0.47671719751,"8":0.102445772467,"8.1":1.51430347706},"op_mob":{"10":0,"11":0,"11.1":0,"11.5":0,"12":0.0737911215352,"12.1":0.442746729211,"0":null},"ie":{"5.5":null,"6":0.0301709807445,"7":0.00918247240051,"8":0.577183979461,"9":0.228250028241,"10":0.407964130937,"11":1.79189389987,"0":null},"ie_mob":{"10":0.131115364035,"11":0.278395635965},"bb":{"7":0.17208175,"10":null},"and_uc":{"0":4.870567},"op_mini":{"5.0-8.0":51.3955161493},"and_chr":{"0":5.219872},"and_ff":{"0":0.304955}},"total":84.3473072417}