{"id":"TG","name":"Togo","month":"2015-02","access_date":"2015-03-01","data":{"firefox":{"2":0.039828,"3":0.09957,"3.5":0.019914,"3.6":0.092932,"4":0.026552,"5":0.046466,"6":0.046466,"7":0.059742,"8":0.046466,"9":0.073018,"10":0.086294,"11":0.192502,"12":0.292072,"13":0.192502,"14":0.119484,"15":0.16595,"16":0.411556,"17":0.152674,"18":0.126122,"19":0.604058,"20":0.192502,"21":0.29871,"22":0.205778,"23":0.325262,"24":0.179226,"25":0.26552,"26":0.258882,"27":0.305348,"28":0.418194,"29":0.73018,"30":1.49355,"31":0.876216,"32":0.770008,"33":1.765708,"34":1.46036,"35":25.138106,"36":1.885192,"37":0.292072,"38":0.013276,"39":null},"chrome":{"4":0.03319,"5":0.006638,"6":0.013276,"7":0.006638,"8":0.046466,"9":0.006638,"10":0.013276,"11":0.073018,"12":0.013276,"13":0.059742,"14":0.079656,"15":0.019914,"16":0.059742,"17":null,"18":0.013276,"19":null,"20":0.013276,"21":null,"22":0.026552,"23":null,"24":null,"25":0.079656,"26":0.06638,"27":0.013276,"28":0.046466,"29":0.073018,"30":0.185864,"31":0.212416,"32":0.039828,"33":0.212416,"34":0.073018,"35":0.112846,"36":0.617334,"37":0.086294,"38":0.219054,"39":0.6638,"40":12.964014,"41":0.073018,"42":0.059742,"43":null},"opera":{"9":null,"9.5-9.6":null,"10.0-10.1":0,"10.5":null,"10.6":null,"11":null,"11.1":null,"11.5":null,"11.6":0.026552,"12":0.019914,"12.1":0.092932,"15":0.053104,"16":0.086294,"17":null,"18":0.03319,"19":0.013276,"20":0.013276,"21":null,"22":0.013276,"23":null,"24":0.006638,"25":0.006638,"26":0.079656,"27":1.081994,"28":null,"29":null},"safari":{"3.1":null,"3.2":0.006638,"4":0.026552,"5":0.03319,"5.1":0.06638,"6":0.019914,"6.1":0.039828,"7":0.039828,"7.1":0.053104,"8":0.086294},"android":{"2.1":0,"2.2":0,"2.3":0.117210385695,"3":0,"4":0.236888358457,"4.1":0.763101300551,"4.2-4.3":1.29178182971,"4.4":2.41330015178,"4.4.3-4.4.4":1.1116479738,"37":0},"ios_saf":{"3.2":0,"4.0-4.1":0,"4.2-4.3":0,"5.0-5.1":0.0058881417813,"6.0-6.1":0.0180776282759,"7.0-7.1":0.228811123607,"8":0.0491711489105,"8.1":0.726823957425},"op_mob":{"10":0,"11":0,"11.1":0,"11.5":0,"12":0.0203870533049,"12.1":0.122322319829,"0":null},"ie":{"5.5":null,"6":0.0540779598253,"7":0.0540779598253,"8":1.81837139913,"9":0.824688887336,"10":1.18971511616,"11":3.7448987179,"0":null},"ie_mob":{"10":0.191604508772,"11":0.406831491228},"bb":{"7":0.0428655,"10":null},"and_uc":{"0":6.777792},"op_mini":{"5.0-8.0":14.1995826269},"and_chr":{"0":3.121664},"and_ff":{"0":0.245426}},"total":97.7267475402}