{"id":"TH","name":"Thailand","month":"2015-02","access_date":"2015-03-01","data":{"firefox":{"2":null,"3":0.029865,"3.5":0.011946,"3.6":0.053757,"4":0.017919,"5":0.011946,"6":0.017919,"7":0.029865,"8":0.017919,"9":0.011946,"10":0.005973,"11":0.017919,"12":0.047784,"13":0.011946,"14":0.029865,"15":0.017919,"16":0.023892,"17":0.023892,"18":0.011946,"19":0.011946,"20":0.017919,"21":0.017919,"22":0.023892,"23":0.017919,"24":0.017919,"25":0.017919,"26":0.053757,"27":0.047784,"28":0.023892,"29":0.047784,"30":0.071676,"31":0.095568,"32":0.095568,"33":0.107514,"34":0.191136,"35":5.871459,"36":0.501732,"37":0.023892,"38":0.005973,"39":null},"chrome":{"4":0.011946,"5":0.005973,"6":0.005973,"7":0.005973,"8":0.017919,"9":0.011946,"10":0.101541,"11":0.107514,"12":0.155298,"13":0.095568,"14":0.011946,"15":0.041811,"16":0.011946,"17":0.017919,"18":0.017919,"19":null,"20":0.017919,"21":0.035838,"22":0.047784,"23":0.017919,"24":0.011946,"25":0.041811,"26":0.053757,"27":0.047784,"28":0.029865,"29":0.065703,"30":0.053757,"31":0.149325,"32":0.053757,"33":1.636602,"34":0.131406,"35":0.280731,"36":0.471867,"37":0.459921,"38":0.854139,"39":2.622147,"40":29.50662,"41":0.161271,"42":0.328515,"43":null},"opera":{"9":null,"9.5-9.6":null,"10.0-10.1":0,"10.5":null,"10.6":null,"11":null,"11.1":null,"11.5":null,"11.6":null,"12":null,"12.1":0.053757,"15":null,"16":null,"17":null,"18":null,"19":null,"20":null,"21":null,"22":null,"23":null,"24":null,"25":0.011946,"26":0.011946,"27":0.256839,"28":null,"29":null},"safari":{"3.1":null,"3.2":null,"4":0.029865,"5":0.047784,"5.1":0.149325,"6":0.053757,"6.1":0.095568,"7":0.155298,"7.1":0.232947,"8":0.645084},"android":{"2.1":0,"2.2":0,"2.3":0.257880388814,"3":0,"4":0.521189838445,"4.1":1.6789370577,"4.2-4.3":2.84211333777,"4.4":5.30962147916,"4.4.3-4.4.4":2.44579189812,"37":0},"ios_saf":{"3.2":0,"4.0-4.1":0,"4.2-4.3":0,"5.0-5.1":0.0502224601868,"6.0-6.1":0.154191763731,"7.0-7.1":1.95162718094,"8":0.419401597349,"8.1":6.19938999779},"op_mob":{"10":0,"11":0,"11.1":0,"11.5":0,"12":0.000480835820896,"12.1":0.00288501492537,"0":null},"ie":{"5.5":null,"6":0.0741763255814,"7":0.154534011628,"8":3.95607069767,"9":1.97803534884,"10":1.15591440698,"11":3.3132092093,"0":null},"ie_mob":{"10":0.323625969298,"11":0.687151030702},"bb":{"7":0.01107425,"10":null},"and_uc":{"0":0.24162},"op_mini":{"5.0-8.0":0.334902149254},"and_chr":{"0":17.44098},"and_ff":{"0":0.132891}},"total":98.74099525}