{"id":"TJ","name":"Tajikistan","month":"2015-02","access_date":"2015-03-01","data":{"firefox":{"2":null,"3":null,"3.5":0.00428,"3.6":0.11128,"4":0.01284,"5":0.0214,"6":0.00428,"7":null,"8":0.0214,"9":0.0642,"10":0.01712,"11":0.00856,"12":0.03852,"13":0.07704,"14":0.00428,"15":0.00428,"16":0.01284,"17":0.05136,"18":0.00856,"19":0.02568,"20":0.01284,"21":0.00428,"22":0.01712,"23":0.0214,"24":0.01284,"25":0.0214,"26":0.03424,"27":0.03424,"28":0.02568,"29":0.01284,"30":0.0856,"31":0.05564,"32":0.07276,"33":0.08988,"34":0.214,"35":3.56952,"36":0.13696,"37":0.0214,"38":null,"39":null},"chrome":{"4":0.00856,"5":0.11128,"6":0.00856,"7":0.01284,"8":0.13696,"9":0.00856,"10":0.02996,"11":0.17976,"12":0.32528,"13":null,"14":0.0214,"15":0.05564,"16":0.107,"17":0.26964,"18":0.04708,"19":null,"20":0.07276,"21":0.00428,"22":0.01712,"23":0.02568,"24":0.03424,"25":0.02996,"26":0.02568,"27":0.0642,"28":0.20972,"29":0.0214,"30":0.03424,"31":0.17548,"32":0.06848,"33":0.1284,"34":0.03424,"35":0.17976,"36":0.1498,"37":0.07704,"38":0.1284,"39":0.88596,"40":18.30556,"41":0.05564,"42":0.52644,"43":null},"opera":{"9":null,"9.5-9.6":0.00428,"10.0-10.1":0.00856,"10.5":0.07276,"10.6":0.00428,"11":0.08132,"11.1":0.05136,"11.5":0.107,"11.6":0.15836,"12":0.12412,"12.1":1.58788,"15":0.02568,"16":0.02568,"17":0.01712,"18":0.0428,"19":0.03852,"20":0.07704,"21":0.02568,"22":0.02996,"23":0.05136,"24":0.05136,"25":0.10272,"26":0.33384,"27":2.46528,"28":0.02568,"29":0.00856},"safari":{"3.1":null,"3.2":null,"4":0,"5":0.01284,"5.1":0.04708,"6":0.00856,"6.1":0.03852,"7":0.05992,"7.1":0.06848,"8":0.16264},"android":{"2.1":0,"2.2":0,"2.3":0.204841293274,"3":0,"4":0.413995034827,"4.1":1.33362463042,"4.2-4.3":2.25756667429,"4.4":4.2175744173,"4.4.3-4.4.4":1.94275794989,"37":0},"ios_saf":{"3.2":0,"4.0-4.1":0,"4.2-4.3":0,"5.0-5.1":0.0218363972286,"6.0-6.1":0.0670415704388,"7.0-7.1":0.848554734411,"8":0.182353071594,"8.1":2.69545422633},"op_mob":{"10":0,"11":0,"11.1":0,"11.5":0,"12":0.0226848614072,"12.1":0.136109168443,"0":null},"ie":{"5.5":null,"6":0.120441204013,"7":0.0602206020067,"8":1.16139732441,"9":0.490367759197,"10":0.494669230769,"11":2.79595652174,"0":null},"ie_mob":{"10":0.346135263158,"11":0.734944736842},"bb":{"7":0.01144,"10":null},"and_uc":{"0":6.59516},"op_mini":{"5.0-8.0":15.8000059701},"and_chr":{"0":10.98652},"and_ff":{"0":0.06864}},"total":87.4370926421}