{"id":"TL","name":"Timor-Leste","month":"2015-02","access_date":"2015-03-01","data":{"firefox":{"2":null,"3":0.09374,"3.5":0.665554,"3.6":0.834286,"4":0.60931,"5":0.37496,"6":0.684302,"7":0.056244,"8":0.037496,"9":0.149984,"10":0.628058,"11":0.440578,"12":0.4687,"13":0.731172,"14":0.271846,"15":0.262472,"16":1.584206,"17":0.009374,"18":0.178106,"19":0.393708,"20":0.224976,"21":0.478074,"22":0.04687,"23":0.215602,"24":0.262472,"25":0.206228,"26":0.196854,"27":0.206228,"28":3.215282,"29":0.721798,"30":0.834286,"31":1.040514,"32":0.403082,"33":0.881156,"34":0.881156,"35":20.24784,"36":4.799488,"37":0.440578,"38":0.028122,"39":null},"chrome":{"4":0.084366,"5":null,"6":null,"7":null,"8":null,"9":null,"10":null,"11":null,"12":0.103114,"13":0.037496,"14":null,"15":null,"16":0.009374,"17":0.018748,"18":0.112488,"19":null,"20":0.009374,"21":null,"22":null,"23":0.121862,"24":0.037496,"25":null,"26":null,"27":0.112488,"28":0.009374,"29":null,"30":0.299968,"31":0.103114,"32":0.28122,"33":0.412456,"34":0.168732,"35":0.159358,"36":1.059262,"37":0.431204,"38":0.224976,"39":3.23403,"40":15.448352,"41":0.084366,"42":0.37496,"43":null},"opera":{"9":null,"9.5-9.6":null,"10.0-10.1":0,"10.5":null,"10.6":null,"11":null,"11.1":null,"11.5":null,"11.6":null,"12":null,"12.1":0.018748,"15":null,"16":null,"17":0.056244,"18":null,"19":null,"20":0.018748,"21":null,"22":null,"23":null,"24":null,"25":0.04687,"26":null,"27":0.431204,"28":null,"29":null},"safari":{"3.1":null,"3.2":null,"4":0.112488,"5":0.103114,"5.1":0.131236,"6":0.356212,"6.1":0.271846,"7":0.09374,"7.1":0.149984,"8":0.18748},"android":{"2.1":0,"2.2":0,"2.3":0.034028784697,"3":0,"4":0.0687739648612,"4.1":0.221545298264,"4.2-4.3":0.375033027134,"4.4":0.700634767024,"4.4.3-4.4.4":0.322736158021,"37":0},"ios_saf":{"3.2":0,"4.0-4.1":0,"4.2-4.3":0,"5.0-5.1":0.00792893523446,"6.0-6.1":0.0243432222111,"7.0-7.1":0.308115641129,"8":0.0662135644141,"8.1":0.978736637012},"op_mob":{"10":0,"11":0,"11.1":0,"11.5":0,"12":0.00135967022033,"12.1":0.00815802132196,"0":null},"ie":{"5.5":null,"6":0.384334,"7":1.631076,"8":6.98363,"9":6.13997,"10":2.830948,"11":6.46806,"0":null},"ie_mob":{"10":0.0410881140351,"11":0.0872418859649},"bb":{"7":0.014711,"10":null},"and_uc":{"0":1.272032},"op_mini":{"5.0-8.0":0.947010308458},"and_chr":{"0":0.718616},"and_ff":{"0":0.014398}},"total":99.371517}