{"id":"TM","name":"Turkmenistan","month":"2015-02","access_date":"2015-03-01","data":{"firefox":{"2":0.064449,"3":0.055242,"3.5":0.03069,"3.6":0.147312,"4":0.006138,"5":0.018414,"6":null,"7":0.006138,"8":0.012276,"9":0.052173,"10":0.009207,"11":null,"12":0.021483,"13":0.009207,"14":0.018414,"15":0.021483,"16":0.018414,"17":0.012276,"18":null,"19":0.033759,"20":0.003069,"21":0.024552,"22":0.009207,"23":0.018414,"24":0.27621,"25":0.006138,"26":0.024552,"27":0.006138,"28":0.021483,"29":0.052173,"30":0.082863,"31":0.024552,"32":0.067518,"33":0.09207,"34":0.211761,"35":2.010195,"36":0.104346,"37":null,"38":null,"39":null},"chrome":{"4":0.03069,"5":0.178002,"6":0.012276,"7":0.003069,"8":0.248589,"9":0.036828,"10":0.006138,"11":0.254727,"12":0.217899,"13":0.012276,"14":0.024552,"15":0.052173,"16":0.107415,"17":0.082863,"18":0.03069,"19":0.003069,"20":0.03069,"21":null,"22":0.095139,"23":0.009207,"24":0.006138,"25":0.003069,"26":0.012276,"27":0.012276,"28":0.098208,"29":0.015345,"30":0.770319,"31":0.205623,"32":0.135036,"33":0.116622,"34":0.082863,"35":0.042966,"36":0.036828,"37":0.085932,"38":0.472626,"39":0.791802,"40":12.159378,"41":0.024552,"42":0.073656,"43":null},"opera":{"9":null,"9.5-9.6":0.006138,"10.0-10.1":0.06138,"10.5":0.033759,"10.6":0.03069,"11":0.135036,"11.1":0.018414,"11.5":0.015345,"11.6":0.070587,"12":0.107415,"12.1":2.924757,"15":0.06138,"16":0.018414,"17":0.006138,"18":0.021483,"19":0.116622,"20":0.055242,"21":0.095139,"22":0.046035,"23":0.012276,"24":0.049104,"25":0.052173,"26":0.039897,"27":0.085932,"28":null,"29":null},"safari":{"3.1":null,"3.2":null,"4":0.018414,"5":0.003069,"5.1":0.012276,"6":0.021483,"6.1":0.021483,"7":0.089001,"7.1":0.015345,"8":0.09207},"android":{"2.1":0,"2.2":0,"2.3":0.412221206986,"3":0,"4":0.833120755172,"4.1":2.68377701601,"4.2-4.3":4.54311161805,"4.4":8.48741769332,"4.4.3-4.4.4":3.90959271047,"37":0},"ios_saf":{"3.2":0,"4.0-4.1":0,"4.2-4.3":0,"5.0-5.1":0.0752130768149,"6.0-6.1":0.230917341099,"7.0-7.1":2.92275377448,"8":0.628095167788,"8.1":9.28419663982},"op_mob":{"10":0,"11":0,"11.1":0,"11.5":0,"12":0.00199013788202,"12.1":0.0119408272921,"0":null},"ie":{"5.5":null,"6":0.0123070195831,"7":0.0892258919773,"8":1.15685984081,"9":0.495357538219,"10":0.726114155401,"11":2.37525477953,"0":null},"ie_mob":{"10":0.217475324561,"11":0.461762675439},"bb":{"7":0.00866375,"10":null},"and_uc":{"0":3.756602},"op_mini":{"5.0-8.0":1.38613103483},"and_chr":{"0":24.477192},"and_ff":{"0":0.187137}},"total":93.8650509755}