{"id":"TN","name":"Tunisia","month":"2015-02","access_date":"2015-03-01","data":{"firefox":{"2":0.01673,"3":0.15057,"3.5":0.06692,"3.6":0.175665,"4":0.041825,"5":0.01673,"6":0.008365,"7":0.01673,"8":0.025095,"9":0.03346,"10":0.03346,"11":0.03346,"12":0.125475,"13":0.03346,"14":0.041825,"15":0.05019,"16":0.041825,"17":0.03346,"18":0.025095,"19":0.025095,"20":0.03346,"21":0.108745,"22":0.01673,"23":0.01673,"24":0.01673,"25":0.01673,"26":0.058555,"27":0.025095,"28":0.025095,"29":0.075285,"30":0.11711,"31":0.31787,"32":0.242585,"33":0.20076,"34":0.309505,"35":9.979445,"36":0.58555,"37":0.025095,"38":null,"39":null},"chrome":{"4":0.058555,"5":0.05019,"6":0.058555,"7":0.06692,"8":0.092015,"9":0.05019,"10":0.13384,"11":0.1673,"12":0.10038,"13":0.108745,"14":0.075285,"15":0.108745,"16":0.058555,"17":0.01673,"18":0.058555,"19":0.008365,"20":0.01673,"21":0.06692,"22":0.041825,"23":0.08365,"24":0.05019,"25":0.058555,"26":0.108745,"27":0.10038,"28":0.075285,"29":0.15057,"30":0.326235,"31":0.23422,"32":0.142205,"33":0.48517,"34":0.326235,"35":0.409885,"36":1.30494,"37":0.761215,"38":0.86996,"39":3.253985,"40":49.328405,"41":0.56882,"42":0.1673,"43":null},"opera":{"9":null,"9.5-9.6":null,"10.0-10.1":0,"10.5":null,"10.6":null,"11":null,"11.1":null,"11.5":null,"11.6":null,"12":null,"12.1":0.075285,"15":null,"16":null,"17":null,"18":null,"19":0.008365,"20":0.025095,"21":null,"22":0.008365,"23":null,"24":0.008365,"25":0.01673,"26":0.058555,"27":1.229655,"28":0.008365,"29":null},"safari":{"3.1":null,"3.2":null,"4":0.058555,"5":0.05019,"5.1":0.15057,"6":0.041825,"6.1":0.05019,"7":0.15057,"7.1":0.142205,"8":0.175665},"android":{"2.1":0,"2.2":0,"2.3":0.101440030149,"3":0,"4":0.205015639879,"4.1":0.660427985757,"4.2-4.3":1.11797591122,"4.4":2.08859683127,"4.4.3-4.4.4":0.962078601726,"37":0},"ios_saf":{"3.2":0,"4.0-4.1":0,"4.2-4.3":0,"5.0-5.1":0.011818986344,"6.0-6.1":0.0362863615825,"7.0-7.1":0.459281662315,"8":0.0986989035044,"8.1":1.45891908625},"op_mob":{"10":0,"11":0,"11.1":0,"11.5":0,"12":0.00175933901919,"12.1":0.0105560341151,"0":null},"ie":{"5.5":null,"6":0.0830303703704,"7":0.175286337449,"8":2.45400872428,"9":0.987138847737,"10":0.618114979424,"11":2.40788074074,"0":null},"ie_mob":{"10":0.157046052632,"11":0.333453947368},"bb":{"7":0.0335175,"10":null},"and_uc":{"0":0.446355},"op_mini":{"5.0-8.0":1.22537962687},"and_chr":{"0":5.32382},"and_ff":{"0":0.10137}},"total":97.1286675}