{"id":"TO","name":"Tonga","month":"2015-02","access_date":"2015-03-01","data":{"firefox":{"2":null,"3":0.041295,"3.5":null,"3.6":0.140403,"4":0.156921,"5":null,"6":0.132144,"7":0.115626,"8":null,"9":null,"10":null,"11":0.024777,"12":0.08259,"13":0.222993,"14":0.074331,"15":0.173439,"16":0.057813,"17":0.041295,"18":0.115626,"19":0.016518,"20":null,"21":0.016518,"22":0.049554,"23":0.008259,"24":0.041295,"25":0.066072,"26":0.033036,"27":0.090849,"28":0.049554,"29":0.090849,"30":0.198216,"31":0.264288,"32":0.396432,"33":0.140403,"34":1.189296,"35":17.682519,"36":8.729763,"37":0.602907,"38":0.08259,"39":null},"chrome":{"4":null,"5":null,"6":null,"7":null,"8":null,"9":null,"10":null,"11":0.024777,"12":null,"13":null,"14":null,"15":null,"16":null,"17":null,"18":0.008259,"19":null,"20":1.536174,"21":null,"22":null,"23":null,"24":null,"25":0.222993,"26":0.066072,"27":0.057813,"28":0.033036,"29":0.008259,"30":0.156921,"31":1.090188,"32":0.08259,"33":0.099108,"34":0.041295,"35":0.074331,"36":2.345556,"37":0.231252,"38":0.272547,"39":1.965642,"40":25.635936,"41":0.181698,"42":1.032375,"43":null},"opera":{"9":null,"9.5-9.6":null,"10.0-10.1":0,"10.5":null,"10.6":null,"11":null,"11.1":null,"11.5":null,"11.6":0.008259,"12":null,"12.1":0.066072,"15":null,"16":null,"17":null,"18":null,"19":null,"20":null,"21":null,"22":null,"23":null,"24":null,"25":0.049554,"26":null,"27":0.627684,"28":null,"29":null},"safari":{"3.1":null,"3.2":null,"4":0.041295,"5":0.024777,"5.1":0.355137,"6":0.536835,"6.1":0.231252,"7":0.173439,"7.1":0.437727,"8":0.512058},"android":{"2.1":0,"2.2":0,"2.3":0.122081765256,"3":0,"4":0.246733672939,"4.1":0.794816545379,"4.2-4.3":1.34546956025,"4.4":2.51359929307,"4.4.3-4.4.4":1.15784916311,"37":0},"ios_saf":{"3.2":0,"4.0-4.1":0,"4.2-4.3":0,"5.0-5.1":0.0165411607591,"6.0-6.1":0.0507842654885,"7.0-7.1":0.642783703183,"8":0.138133202129,"8.1":2.04181766844},"op_mob":{"10":0,"11":0,"11.1":0,"11.5":0,"12":0.00160365031983,"12.1":0.00962190191898,"0":null},"ie":{"5.5":null,"6":0.0331026944818,"7":0.0993080834455,"8":1.64685905047,"9":0.993080834455,"10":1.67996174495,"11":7.82051157133,"0":null},"ie_mob":{"10":0.452072030702,"11":0.959878969298},"bb":{"7":0.0095755,"10":null},"and_uc":{"0":0.238517},"op_mini":{"5.0-8.0":1.11694244776},"and_chr":{"0":4.805939},"and_ff":{"0":0.012187}},"total":98.3088534791}