{"id":"TR","name":"Turkey","month":"2015-02","access_date":"2015-03-01","data":{"firefox":{"2":null,"3":0.006537,"3.5":null,"3.6":0.019611,"4":0.006537,"5":null,"6":null,"7":null,"8":null,"9":null,"10":0.006537,"11":0.006537,"12":0.013074,"13":null,"14":0.006537,"15":0.006537,"16":0.013074,"17":0.013074,"18":0.013074,"19":0.013074,"20":0.013074,"21":0.013074,"22":0.006537,"23":0.013074,"24":0.013074,"25":0.013074,"26":0.019611,"27":0.019611,"28":0.019611,"29":0.026148,"30":0.052296,"31":0.098055,"32":0.104592,"33":0.084981,"34":0.117666,"35":3.490758,"36":0.209184,"37":0.006537,"38":null,"39":null},"chrome":{"4":0.032685,"5":null,"6":0.013074,"7":null,"8":0.013074,"9":0.006537,"10":0.019611,"11":0.111129,"12":0.058833,"13":0.045759,"14":0.026148,"15":0.06537,"16":0.019611,"17":0.013074,"18":0.032685,"19":null,"20":null,"21":0.013074,"22":0.248406,"23":0.032685,"24":0.019611,"25":0.039222,"26":0.104592,"27":0.045759,"28":0.058833,"29":0.045759,"30":0.228795,"31":0.137277,"32":0.091518,"33":0.156888,"34":0.163425,"35":0.516423,"36":0.424905,"37":0.549108,"38":0.869421,"39":2.660559,"40":40.00644,"41":0.06537,"42":0.039222,"43":null},"opera":{"9":null,"9.5-9.6":null,"10.0-10.1":0,"10.5":null,"10.6":null,"11":null,"11.1":null,"11.5":null,"11.6":null,"12":0.006537,"12.1":0.039222,"15":null,"16":null,"17":null,"18":null,"19":null,"20":null,"21":null,"22":null,"23":null,"24":null,"25":null,"26":0.013074,"27":0.549108,"28":null,"29":null},"safari":{"3.1":null,"3.2":null,"4":0.006537,"5":0.013074,"5.1":0.039222,"6":0.013074,"6.1":0.019611,"7":0.039222,"7.1":0.058833,"8":0.169962},"android":{"2.1":0,"2.2":0,"2.3":0.208492832935,"3":0,"4":0.421374988668,"4.1":1.35739807548,"4.2-4.3":2.29781048508,"4.4":4.29275769706,"4.4.3-4.4.4":1.97738992078,"37":0},"ios_saf":{"3.2":0,"4.0-4.1":0,"4.2-4.3":0,"5.0-5.1":0.0273917423436,"6.0-6.1":0.0840974545637,"7.0-7.1":1.06443349633,"8":0.228745076413,"8.1":3.38119823034},"op_mob":{"10":0,"11":0,"11.1":0,"11.5":0,"12":0.0012060199005,"12.1":0.00723611940299,"0":null},"ie":{"5.5":null,"6":0.0197324303406,"7":0.0855071981424,"8":1.97982051084,"9":1.13132600619,"10":1.24314311146,"11":6.14994078947,"0":null},"ie_mob":{"10":0.31599875,"11":0.67095625},"bb":{"7":0.0155835,"10":null},"and_uc":{"0":0.083112},"op_mini":{"5.0-8.0":0.839992860697},"and_chr":{"0":16.66536},"and_ff":{"0":0.072723}},"total":97.0102465464}