{"id":"TT","name":"Trinidad and Tobago","month":"2015-02","access_date":"2015-03-01","data":{"firefox":{"2":null,"3":null,"3.5":null,"3.6":0.031848,"4":null,"5":null,"6":null,"7":null,"8":0.015924,"9":null,"10":0.023886,"11":0.031848,"12":0.023886,"13":0.031848,"14":null,"15":0.007962,"16":0.023886,"17":0.023886,"18":0.015924,"19":0.007962,"20":null,"21":0.007962,"22":0.007962,"23":0.007962,"24":0.007962,"25":null,"26":0.023886,"27":null,"28":0.015924,"29":0.015924,"30":0.055734,"31":0.095544,"32":0.071658,"33":0.07962,"34":0.207012,"35":10.247094,"36":0.971364,"37":0.023886,"38":null,"39":null},"chrome":{"4":null,"5":null,"6":null,"7":null,"8":null,"9":null,"10":0.007962,"11":0.071658,"12":0.015924,"13":null,"14":0.007962,"15":0.015924,"16":0.007962,"17":null,"18":0.063696,"19":0.007962,"20":0.015924,"21":0.015924,"22":0.230898,"23":null,"24":0.023886,"25":0.015924,"26":0.07962,"27":0.095544,"28":0.047772,"29":0.03981,"30":0.03981,"31":0.214974,"32":0.167202,"33":0.366252,"34":0.167202,"35":0.390138,"36":1.624248,"37":0.47772,"38":0.724542,"39":2.643384,"40":39.762228,"41":0.222936,"42":0.509568,"43":null},"opera":{"9":null,"9.5-9.6":null,"10.0-10.1":0,"10.5":null,"10.6":null,"11":null,"11.1":null,"11.5":null,"11.6":null,"12":null,"12.1":0.207012,"15":null,"16":null,"17":null,"18":null,"19":null,"20":null,"21":null,"22":null,"23":null,"24":null,"25":null,"26":0.015924,"27":0.71658,"28":0.031848,"29":null},"safari":{"3.1":null,"3.2":null,"4":0.095544,"5":0.087582,"5.1":0.270708,"6":0.047772,"6.1":0.191088,"7":0.175164,"7.1":0.453834,"8":1.066908},"android":{"2.1":0,"2.2":0,"2.3":0.141659962574,"3":0,"4":0.28630224015,"4.1":0.922280914232,"4.2-4.3":1.56124190332,"4.4":2.91670407153,"4.4.3-4.4.4":1.3435329082,"37":0},"ios_saf":{"3.2":0,"4.0-4.1":0,"4.2-4.3":0,"5.0-5.1":0.0166101399739,"6.0-6.1":0.0509960437795,"7.0-7.1":0.645464211266,"8":0.13870923908,"8.1":2.0503323659},"op_mob":{"10":0,"11":0,"11.1":0,"11.5":0,"12":0.000202786069652,"12.1":0.00121671641791,"0":null},"ie":{"5.5":null,"6":0.0159593866667,"7":0.07181724,"8":1.0772586,"9":1.10119768,"10":2.04280149333,"11":10.0544136,"0":null},"ie_mob":{"10":0.341266675439,"11":0.724607324561},"bb":{"7":0.125337,"10":null},"and_uc":{"0":0.181382},"op_mini":{"5.0-8.0":0.141240497512},"and_chr":{"0":9.109996},"and_ff":{"0":0.130432}},"total":98.705837}