{"id":"TV","name":"Tuvalu","month":"2015-02","access_date":"2015-03-01","data":{"firefox":{"2":null,"3":null,"3.5":null,"3.6":0.204226,"4":null,"5":null,"6":null,"7":null,"8":null,"9":null,"10":null,"11":0.102113,"12":0.362037,"13":null,"14":null,"15":null,"16":null,"17":null,"18":null,"19":0.566263,"20":null,"21":null,"22":null,"23":null,"24":null,"25":null,"26":null,"27":null,"28":0.102113,"29":0.055698,"30":null,"31":0.46415,"32":0.519848,"33":0.724074,"34":0.362037,"35":18.630981,"36":0.46415,"37":0.102113,"38":null,"39":null},"chrome":{"4":null,"5":0.055698,"6":null,"7":null,"8":null,"9":null,"10":null,"11":null,"12":null,"13":null,"14":null,"15":null,"16":null,"17":null,"18":null,"19":null,"20":0.055698,"21":null,"22":null,"23":0.055698,"24":0.204226,"25":null,"26":null,"27":null,"28":null,"29":null,"30":null,"31":null,"32":0.157811,"33":0.102113,"34":null,"35":0.872602,"36":0.519848,"37":1.346035,"38":1.8566,"39":0.872602,"40":36.537888,"41":0.102113,"42":0.46415,"43":null},"opera":{"9":null,"9.5-9.6":null,"10.0-10.1":0,"10.5":null,"10.6":null,"11":null,"11.1":null,"11.5":null,"11.6":null,"12":null,"12.1":null,"15":null,"16":null,"17":null,"18":null,"19":null,"20":null,"21":null,"22":null,"23":0.102113,"24":null,"25":null,"26":null,"27":null,"28":null,"29":null},"safari":{"3.1":0.055698,"3.2":null,"4":0,"5":null,"5.1":0.46415,"6":0.204226,"6.1":0.259924,"7":0.621961,"7.1":3.453276,"8":0.204226},"android":{"2.1":0,"2.2":0,"2.3":0.0163011466888,"3":0,"4":0.0329454754132,"4.1":0.106129044495,"4.2-4.3":0.179655795613,"4.4":0.335632030772,"4.4.3-4.4.4":0.154603507017,"37":0},"ios_saf":{"3.2":0,"4.0-4.1":0,"4.2-4.3":0,"5.0-5.1":0.0280489622452,"6.0-6.1":0.0861152349633,"7.0-7.1":1.08997283111,"8":0.2342334391,"8.1":3.46232453258},"op_mob":{"10":0,"11":0,"11.1":0,"11.5":0,"12":0,"12.1":0,"0":null},"ie":{"5.5":null,"6":null,"7":0.055698,"8":0.46415,"9":0.9283,"10":11.51092,"11":6.915835,"0":null},"ie_mob":{"10":0,"11":0},"bb":{"7":0,"10":null},"and_uc":{"0":null},"op_mini":{"5.0-8.0":0},"and_chr":{"0":1.135011},"and_ff":{"0":null}},"total":97.964335}