{"id":"TW","name":"Taiwan","month":"2015-02","access_date":"2015-03-01","data":{"firefox":{"2":null,"3":0.021232,"3.5":null,"3.6":0.010616,"4":null,"5":null,"6":null,"7":null,"8":null,"9":null,"10":null,"11":0.010616,"12":0.015924,"13":null,"14":null,"15":null,"16":0.010616,"17":0.005308,"18":0.005308,"19":null,"20":null,"21":0.005308,"22":0.005308,"23":0.010616,"24":0.005308,"25":0.005308,"26":0.010616,"27":0.010616,"28":0.021232,"29":0.015924,"30":0.02654,"31":0.122084,"32":0.095544,"33":0.058388,"34":0.143316,"35":3.736832,"36":0.228244,"37":null,"38":null,"39":null},"chrome":{"4":null,"5":null,"6":null,"7":null,"8":null,"9":null,"10":null,"11":0.483028,"12":null,"13":null,"14":null,"15":null,"16":null,"17":0.005308,"18":0.021232,"19":null,"20":0.005308,"21":0.015924,"22":0.015924,"23":0.010616,"24":0.010616,"25":0.015924,"26":0.02654,"27":0.063696,"28":0.047772,"29":0.05308,"30":0.084928,"31":0.360944,"32":0.069004,"33":0.207012,"34":0.143316,"35":0.222936,"36":0.307864,"37":0.34502,"38":0.536108,"39":1.719792,"40":24.315948,"41":0.095544,"42":0.074312,"43":0.005308},"opera":{"9":null,"9.5-9.6":null,"10.0-10.1":0,"10.5":null,"10.6":null,"11":null,"11.1":null,"11.5":null,"11.6":null,"12":null,"12.1":0.037156,"15":null,"16":null,"17":null,"18":null,"19":null,"20":null,"21":null,"22":null,"23":null,"24":null,"25":0.005308,"26":0.010616,"27":0.143316,"28":null,"29":null},"safari":{"3.1":null,"3.2":null,"4":0.031848,"5":0.047772,"5.1":0.084928,"6":0.02654,"6.1":0.063696,"7":0.138008,"7.1":0.196396,"8":0.541416},"android":{"2.1":0,"2.2":0,"2.3":0.313811340056,"3":0,"4":0.63422923464,"4.1":2.04307698763,"4.2-4.3":3.45853129515,"4.4":6.46121032789,"4.4.3-4.4.4":2.97625281464,"37":0},"ios_saf":{"3.2":0,"4.0-4.1":0,"4.2-4.3":0,"5.0-5.1":0.0391001570439,"6.0-6.1":0.120044341801,"7.0-7.1":1.51941838337,"8":0.3265206097,"8.1":4.82646850808},"op_mob":{"10":0,"11":0,"11.1":0,"11.5":0,"12":0.000106712153518,"12.1":0.000640272921109,"0":null},"ie":{"5.5":null,"6":0.174046226671,"7":0.114217836253,"8":4.45993455846,"9":1.28902986629,"10":1.03339947086,"11":8.14210004147,"0":null},"ie_mob":{"10":0.0645973157895,"11":0.137158684211},"bb":{"7":0.001173,"10":null},"and_uc":{"0":0.145452},"op_mini":{"5.0-8.0":0.0743250149254},"and_chr":{"0":25.747132},"and_ff":{"0":0.168912}},"total":99.441697}