{"id":"TZ","name":"Tanzania","month":"2015-02","access_date":"2015-03-01","data":{"firefox":{"2":0.003954,"3":0.027678,"3.5":0.011862,"3.6":0.049425,"4":0.053379,"5":0.025701,"6":0.021747,"7":0.01977,"8":0.041517,"9":0.03954,"10":0.03954,"11":0.073149,"12":0.114666,"13":0.081057,"14":0.057333,"15":0.063264,"16":0.083034,"17":0.037563,"18":0.043494,"19":0.041517,"20":0.047448,"21":0.047448,"22":0.017793,"23":0.041517,"24":0.027678,"25":0.027678,"26":0.031632,"27":0.027678,"28":0.051402,"29":0.11862,"30":0.156183,"31":0.128505,"32":0.11862,"33":0.215493,"34":0.262941,"35":4.90296,"36":0.858018,"37":0.031632,"38":0.005931,"39":null},"chrome":{"4":0.003954,"5":0.005931,"6":0.003954,"7":null,"8":0.007908,"9":0.005931,"10":0.011862,"11":0.051402,"12":0.011862,"13":0.003954,"14":0.003954,"15":0.005931,"16":0.011862,"17":null,"18":0.005931,"19":0.001977,"20":0.005931,"21":0.021747,"22":0.003954,"23":0.003954,"24":0.003954,"25":0.015816,"26":0.017793,"27":0.005931,"28":0.007908,"29":0.015816,"30":0.011862,"31":0.049425,"32":0.005931,"33":0.071172,"34":0.013839,"35":0.031632,"36":0.328182,"37":0.055356,"38":0.045471,"39":0.225378,"40":5.10066,"41":0.063264,"42":0.083034,"43":null},"opera":{"9":null,"9.5-9.6":0.005931,"10.0-10.1":0.011862,"10.5":null,"10.6":0.005931,"11":0.005931,"11.1":0.003954,"11.5":0.011862,"11.6":0.01977,"12":0.017793,"12.1":0.122574,"15":0.025701,"16":0.011862,"17":0.011862,"18":0.007908,"19":0.01977,"20":0.007908,"21":0.015816,"22":0.007908,"23":0.003954,"24":0.003954,"25":0.013839,"26":0.075126,"27":0.693927,"28":0.013839,"29":null},"safari":{"3.1":null,"3.2":null,"4":0.009885,"5":0.023724,"5.1":0.092919,"6":0.041517,"6.1":0.031632,"7":0.061287,"7.1":0.088965,"8":0.168045},"android":{"2.1":0,"2.2":0,"2.3":0.225509773365,"3":0,"4":0.455767120907,"4.1":1.46818731396,"4.2-4.3":2.48535508119,"4.4":4.64312754424,"4.4.3-4.4.4":2.13878216634,"37":0},"ios_saf":{"3.2":0,"4.0-4.1":0,"4.2-4.3":0,"5.0-5.1":0.00560216306858,"6.0-6.1":0.0171996234562,"7.0-7.1":0.217698091174,"8":0.0467829758008,"8.1":0.691523146501},"op_mob":{"10":0,"11":0,"11.1":0,"11.5":0,"12":0.0711977100213,"12.1":0.427186260128,"0":null},"ie":{"5.5":null,"6":0.0343181413043,"7":0.016149713555,"8":0.809504391944,"9":0.27252641624,"10":0.429986123402,"11":1.58267192839,"0":null},"ie_mob":{"10":0.282564429825,"11":0.599965570175},"bb":{"7":0.040115,"10":null},"and_uc":{"0":5.29518},"op_mini":{"5.0-8.0":49.5892050299},"and_chr":{"0":4.692212},"and_ff":{"0":0.312897}},"total":92.8609607148}