{"id":"UA","name":"Ukraine","month":"2015-02","access_date":"2015-03-01","data":{"firefox":{"2":0.027351,"3":0.054702,"3.5":0.200574,"3.6":0.355563,"4":0.027351,"5":0.009117,"6":0.018234,"7":0.009117,"8":0.009117,"9":0.027351,"10":0.036468,"11":0.036468,"12":0.072936,"13":0.018234,"14":0.027351,"15":0.027351,"16":0.036468,"17":0.036468,"18":0.027351,"19":0.082053,"20":0.164106,"21":0.054702,"22":0.027351,"23":0.063819,"24":0.063819,"25":0.045585,"26":0.072936,"27":0.036468,"28":0.109404,"29":0.063819,"30":0.100287,"31":0.45585,"32":0.300861,"33":0.264393,"34":0.392031,"35":12.736449,"36":0.838764,"37":0.054702,"38":null,"39":null},"chrome":{"4":0.027351,"5":0.018234,"6":0.018234,"7":null,"8":0.027351,"9":0.018234,"10":0.018234,"11":0.072936,"12":0.054702,"13":0.018234,"14":0.018234,"15":0.045585,"16":0.027351,"17":0.054702,"18":0.036468,"19":0.009117,"20":0.009117,"21":0.018234,"22":0.082053,"23":0.018234,"24":0.063819,"25":0.018234,"26":0.054702,"27":0.136755,"28":0.218808,"29":0.063819,"30":0.063819,"31":0.136755,"32":0.054702,"33":0.136755,"34":0.145872,"35":0.492318,"36":0.464967,"37":0.574371,"38":0.437616,"39":1.73223,"40":35.993916,"41":0.136755,"42":0.665541,"43":0.018234},"opera":{"9":null,"9.5-9.6":0.027351,"10.0-10.1":0.036468,"10.5":0.018234,"10.6":0.054702,"11":0.027351,"11.1":0.045585,"11.5":0.09117,"11.6":0.200574,"12":0.300861,"12.1":6.47307,"15":0.027351,"16":0.045585,"17":0.036468,"18":0.072936,"19":0.18234,"20":0.136755,"21":0.045585,"22":0.063819,"23":0.027351,"24":0.045585,"25":0.072936,"26":0.246159,"27":8.105013,"28":0.100287,"29":0.036468},"safari":{"3.1":null,"3.2":null,"4":0.027351,"5":0.036468,"5.1":0.127638,"6":0.036468,"6.1":0.063819,"7":0.154989,"7.1":0.18234,"8":0.793179},"android":{"2.1":0,"2.2":0,"2.3":0.0380225179333,"3":0,"4":0.0768455099283,"4.1":0.247546603597,"4.2-4.3":0.419048171328,"4.4":0.782863632394,"4.4.3-4.4.4":0.36061356482,"37":0},"ios_saf":{"3.2":0,"4.0-4.1":0,"4.2-4.3":0,"5.0-5.1":0.0077222379757,"6.0-6.1":0.023708625364,"7.0-7.1":0.300083458179,"8":0.0644874609901,"8.1":0.953222217492},"op_mob":{"10":0,"11":0,"11.1":0,"11.5":0,"12":0.00267222032694,"12.1":0.0160333219616,"0":null},"ie":{"5.5":null,"6":0.113218987627,"7":0.367961709786,"8":2.24550992126,"9":0.981231226097,"10":0.943491563555,"11":3.72679167604,"0":null},"ie_mob":{"10":0.0590874166667,"11":0.125459583333},"bb":{"7":0.00596025,"10":null},"and_uc":{"0":0.493597},"op_mini":{"5.0-8.0":1.86120145771},"and_chr":{"0":2.741804},"and_ff":{"0":0.056512}},"total":94.1445163344}