{"id":"UG","name":"Uganda","month":"2015-02","access_date":"2015-03-01","data":{"firefox":{"2":0.016788,"3":0.04197,"3.5":0.033576,"3.6":0.163683,"4":0.109122,"5":0.062955,"6":0.04197,"7":0.058758,"8":0.096531,"9":0.12591,"10":0.092334,"11":0.151092,"12":0.297987,"13":0.272805,"14":0.172077,"15":0.16788,"16":0.180471,"17":0.184668,"18":0.092334,"19":0.159486,"20":0.184668,"21":0.176274,"22":0.092334,"23":0.113319,"24":0.176274,"25":0.113319,"26":0.151092,"27":0.151092,"28":0.12591,"29":0.386124,"30":0.554004,"31":0.457473,"32":0.415503,"33":0.730278,"34":0.860385,"35":12.38115,"36":2.253789,"37":0.075546,"38":0.016788,"39":null},"chrome":{"4":0.004197,"5":0.025182,"6":0.004197,"7":0.012591,"8":0.008394,"9":0.012591,"10":0.008394,"11":0.058758,"12":0.008394,"13":0.012591,"14":0.008394,"15":0.008394,"16":null,"17":null,"18":0.033576,"19":0.029379,"20":0.020985,"21":0.016788,"22":0.012591,"23":0.008394,"24":0.012591,"25":0.037773,"26":0.025182,"27":0.020985,"28":0.033576,"29":0.020985,"30":0.037773,"31":0.08394,"32":0.020985,"33":0.071349,"34":0.046167,"35":0.088137,"36":0.310578,"37":0.163683,"38":0.176274,"39":0.679914,"40":10.735926,"41":0.058758,"42":0.130107,"43":null},"opera":{"9":null,"9.5-9.6":null,"10.0-10.1":0.008394,"10.5":null,"10.6":null,"11":0.004197,"11.1":0.008394,"11.5":0.020985,"11.6":0.020985,"12":0.012591,"12.1":0.138501,"15":0.008394,"16":0.008394,"17":0.012591,"18":0.016788,"19":0.008394,"20":0.020985,"21":0.004197,"22":0.016788,"23":null,"24":0.004197,"25":0.016788,"26":0.075546,"27":0.512034,"28":0.016788,"29":null},"safari":{"3.1":null,"3.2":null,"4":0.004197,"5":0.054561,"5.1":0.100728,"6":0.050364,"6.1":0.046167,"7":0.130107,"7.1":0.088137,"8":0.222441},"android":{"2.1":0,"2.2":0,"2.3":0.112331697682,"3":0,"4":0.227028273209,"4.1":0.731338473854,"4.2-4.3":1.23801355234,"4.4":2.31285053332,"4.4.3-4.4.4":1.06537746959,"37":0},"ios_saf":{"3.2":0,"4.0-4.1":0,"4.2-4.3":0,"5.0-5.1":0.00627730886635,"6.0-6.1":0.019272439502,"7.0-7.1":0.243934019982,"8":0.0524210354453,"8.1":0.774862196204},"op_mob":{"10":0,"11":0,"11.1":0,"11.5":0,"12":0.0534436915423,"12.1":0.320662149254,"0":null},"ie":{"5.5":null,"6":0.0840875219684,"7":0.0252262565905,"8":1.15620342707,"9":0.508729507909,"10":0.74417456942,"11":2.25774996485,"0":null},"ie_mob":{"10":0.464494517544,"11":0.986255482456},"bb":{"7":0.052227,"10":null},"and_uc":{"0":3.313513},"op_mini":{"5.0-8.0":37.2235311592},"and_chr":{"0":3.633256},"and_ff":{"0":0.243726}},"total":94.4698122478}