{"id":"US","name":"United States of America","month":"2015-02","access_date":"2015-03-01","data":{"firefox":{"2":0.007008,"3":0.056064,"3.5":0.007008,"3.6":0.154176,"4":0.007008,"5":null,"6":0.063072,"7":null,"8":null,"9":0.007008,"10":0.014016,"11":0.021024,"12":0.028032,"13":0.007008,"14":0.014016,"15":0.014016,"16":0.042048,"17":0.028032,"18":0.014016,"19":0.014016,"20":0.021024,"21":0.07008,"22":0.021024,"23":0.028032,"24":0.091104,"25":0.021024,"26":0.042048,"27":0.3504,"28":0.049056,"29":0.056064,"30":0.063072,"31":0.84096,"32":0.49056,"33":0.126144,"34":0.371424,"35":7.891008,"36":0.469536,"37":0.007008,"38":null,"39":null},"chrome":{"4":0.014016,"5":0.014016,"6":0.007008,"7":null,"8":0.007008,"9":0.007008,"10":0.056064,"11":0.084096,"12":0.028032,"13":0.028032,"14":0.03504,"15":0.021024,"16":null,"17":0.007008,"18":0.03504,"19":null,"20":0.007008,"21":0.196224,"22":0.03504,"23":0.007008,"24":0.028032,"25":0.014016,"26":0.021024,"27":0.063072,"28":0.049056,"29":0.154176,"30":0.03504,"31":0.189216,"32":0.063072,"33":0.119136,"34":0.24528,"35":0.45552,"36":1.065216,"37":1.674912,"38":0.413472,"39":1.773024,"40":20.715648,"41":0.168192,"42":0.084096,"43":0.007008},"opera":{"9":null,"9.5-9.6":0.007008,"10.0-10.1":0.042048,"10.5":null,"10.6":null,"11":null,"11.1":0.014016,"11.5":0.014016,"11.6":null,"12":0.007008,"12.1":0.098112,"15":null,"16":null,"17":null,"18":null,"19":null,"20":null,"21":null,"22":null,"23":null,"24":null,"25":0.007008,"26":0.021024,"27":0.154176,"28":null,"29":null},"safari":{"3.1":null,"3.2":null,"4":0.133152,"5":0.203232,"5.1":0.714816,"6":0.133152,"6.1":0.574656,"7":0.77088,"7.1":1.219392,"8":2.431776},"android":{"2.1":0,"2.2":0,"2.3":0.0608726894688,"3":0,"4":0.123026909242,"4.1":0.396313246699,"4.2-4.3":0.670881114461,"4.4":1.2533366379,"4.4.3-4.4.4":0.577329402225,"37":0},"ios_saf":{"3.2":0,"4.0-4.1":0,"4.2-4.3":0,"5.0-5.1":0.0863251635706,"6.0-6.1":0.265033396927,"7.0-7.1":3.35456556682,"8":0.720890839643,"8.1":10.655857033},"op_mob":{"10":0,"11":0,"11.1":0,"11.5":0,"12":0.000157361762615,"12.1":0.000944170575693,"0":null},"ie":{"5.5":null,"6":0.102285653333,"7":0.211877424762,"8":5.09236431238,"9":2.96628394667,"10":2.35257002667,"11":12.2669722819,"0":null},"ie_mob":{"10":0.155190315789,"11":0.329513684211},"bb":{"7":0.047124,"10":null},"and_uc":{"0":0.23936},"op_mini":{"5.0-8.0":0.109602467662},"and_chr":{"0":10.708304},"and_ff":{"0":0.122672}},"total":98.8491416457}