{"id":"UY","name":"Uruguay","month":"2015-02","access_date":"2015-03-01","data":{"firefox":{"2":null,"3":0.156275,"3.5":0.04935,"3.6":0.3619,"4":0.008225,"5":null,"6":null,"7":0.008225,"8":null,"9":null,"10":0.024675,"11":0.024675,"12":0.18095,"13":0.008225,"14":0.04935,"15":0.01645,"16":0.4277,"17":0.287875,"18":null,"19":0.008225,"20":0.11515,"21":0.008225,"22":0.008225,"23":0.01645,"24":0.0329,"25":0.929425,"26":0.024675,"27":0.64155,"28":0.04935,"29":0.041125,"30":0.074025,"31":0.18095,"32":0.1316,"33":0.14805,"34":0.287875,"35":10.2648,"36":0.567525,"37":0.01645,"38":null,"39":null},"chrome":{"4":null,"5":0.156275,"6":null,"7":0.008225,"8":null,"9":null,"10":null,"11":0.074025,"12":0.01645,"13":0.01645,"14":null,"15":0.008225,"16":null,"17":null,"18":0.074025,"19":0.008225,"20":0.008225,"21":0.024675,"22":0.04935,"23":0.024675,"24":0.024675,"25":0.024675,"26":0.08225,"27":0.1645,"28":0.024675,"29":0.0329,"30":0.024675,"31":0.172725,"32":0.0987,"33":0.189175,"34":0.238525,"35":0.5264,"36":0.616875,"37":0.666225,"38":1.16795,"39":3.5532,"40":46.101125,"41":0.2303,"42":0.11515,"43":null},"opera":{"9":null,"9.5-9.6":null,"10.0-10.1":0,"10.5":null,"10.6":null,"11":null,"11.1":null,"11.5":null,"11.6":null,"12":null,"12.1":0.0658,"15":null,"16":null,"17":null,"18":null,"19":null,"20":0.01645,"21":null,"22":null,"23":null,"24":null,"25":0.008225,"26":0.024675,"27":0.732025,"28":0.01645,"29":null},"safari":{"3.1":null,"3.2":null,"4":0.01645,"5":0.04935,"5.1":0.08225,"6":0.0329,"6.1":0.090475,"7":0.090475,"7.1":0.222075,"8":0.452375},"android":{"2.1":0,"2.2":0,"2.3":0.0969782201892,"3":0,"4":0.195998087119,"4.1":0.6313792546,"4.2-4.3":1.06880206882,"4.4":1.99673051253,"4.4.3-4.4.4":0.919761856742,"37":0},"ios_saf":{"3.2":0,"4.0-4.1":0,"4.2-4.3":0,"5.0-5.1":0.00975278642434,"6.0-6.1":0.0299427653379,"7.0-7.1":0.37898985842,"8":0.081444321719,"8.1":1.2038702681},"op_mob":{"10":0,"11":0,"11.1":0,"11.5":0,"12":0.000931023454158,"12.1":0.00558614072495,"0":null},"ie":{"5.5":null,"6":0.0843210431655,"7":0.0590247302158,"8":1.56837140288,"9":0.590247302158,"10":0.826346223022,"11":3.90406429856,"0":null},"ie_mob":{"10":0.716072368421,"11":1.52042763158},"bb":{"7":0.044375,"10":null},"and_uc":{"0":0.1633},"op_mini":{"5.0-8.0":0.648457835821},"and_chr":{"0":7.588925},"and_ff":{"0":0.23785}},"total":96.1459}