{"id":"UZ","name":"Uzbekistan","month":"2015-02","access_date":"2015-03-01","data":{"firefox":{"2":0.013281,"3":0.017708,"3.5":0.017708,"3.6":0.172653,"4":0.017708,"5":0.048697,"6":0.013281,"7":0.022135,"8":0.008854,"9":0.075259,"10":0.017708,"11":0.022135,"12":0.070832,"13":0.061978,"14":0.013281,"15":0.039843,"16":0.022135,"17":0.04427,"18":0.013281,"19":0.013281,"20":0.022135,"21":0.030989,"22":0.070832,"23":0.030989,"24":0.066405,"25":0.039843,"26":0.057551,"27":0.026562,"28":0.048697,"29":0.137237,"30":0.141664,"31":0.08854,"32":0.08854,"33":0.181507,"34":0.296609,"35":3.731961,"36":0.243485,"37":0.013281,"38":null,"39":null},"chrome":{"4":0.048697,"5":0.106248,"6":0.035416,"7":0.048697,"8":0.115102,"9":0.013281,"10":0.035416,"11":0.061978,"12":0.340879,"13":0.04427,"14":0.035416,"15":0.079686,"16":0.208069,"17":0.230204,"18":0.115102,"19":0.013281,"20":0.026562,"21":0.026562,"22":0.030989,"23":0.039843,"24":0.048697,"25":0.026562,"26":0.030989,"27":0.123956,"28":0.194788,"29":0.048697,"30":0.053124,"31":0.208069,"32":0.172653,"33":0.106248,"34":0.057551,"35":0.181507,"36":0.128383,"37":0.119529,"38":0.181507,"39":1.071334,"40":19.164483,"41":0.061978,"42":0.332025,"43":null},"opera":{"9":null,"9.5-9.6":0.026562,"10.0-10.1":0.039843,"10.5":0.057551,"10.6":0.030989,"11":0.066405,"11.1":0.110675,"11.5":0.048697,"11.6":0.239058,"12":0.256766,"12.1":2.421569,"15":0.017708,"16":0.066405,"17":0.057551,"18":0.053124,"19":0.066405,"20":0.119529,"21":0.039843,"22":0.04427,"23":0.092967,"24":0.092967,"25":0.092967,"26":0.247912,"27":3.050203,"28":0.079686,"29":0.030989},"safari":{"3.1":null,"3.2":null,"4":0,"5":0.013281,"5.1":0.039843,"6":0.017708,"6.1":0.008854,"7":0.057551,"7.1":0.04427,"8":0.208069},"android":{"2.1":0,"2.2":0,"2.3":0.12373114461,"3":0,"4":0.250067155422,"4.1":0.805554873064,"4.2-4.3":1.36364745691,"4.4":2.54755914586,"4.4.3-4.4.4":1.17349222414,"37":0},"ios_saf":{"3.2":0,"4.0-4.1":0,"4.2-4.3":0,"5.0-5.1":0.0290261582488,"6.0-6.1":0.0891153981323,"7.0-7.1":1.12794632493,"8":0.24239388292,"8.1":3.58294823577},"op_mob":{"10":0,"11":0,"11.1":0,"11.5":0,"12":0.0214998180526,"12.1":0.128998908316,"0":null},"ie":{"5.5":null,"6":0.076420956057,"7":0.076420956057,"8":1.10136083729,"9":0.463021086698,"10":0.355132678147,"11":1.66327963183,"0":null},"ie_mob":{"10":0.135609666667,"11":0.287938333333},"bb":{"7":0.0083595,"10":null},"and_uc":{"0":14.283599},"op_mini":{"5.0-8.0":14.9746232736},"and_chr":{"0":7.37906},"and_ff":{"0":0.128179}},"total":90.2698356461}