{"id":"VA","name":"Holy See (Vatican City State)","month":"2015-02","access_date":"2015-03-01","data":{"firefox":{"2":null,"3":null,"3.5":null,"3.6":0.028545,"4":null,"5":0.504295,"6":0.01903,"7":null,"8":null,"9":0.028545,"10":null,"11":0.01903,"12":null,"13":0.028545,"14":null,"15":0.313995,"16":null,"17":null,"18":null,"19":0.03806,"20":null,"21":null,"22":null,"23":null,"24":null,"25":null,"26":0.01903,"27":null,"28":null,"29":null,"30":0.39963,"31":0.01903,"32":0.047575,"33":0.123695,"34":0.142725,"35":20.485795,"36":1.132285,"37":null,"38":null,"39":null},"chrome":{"4":null,"5":null,"6":null,"7":null,"8":null,"9":null,"10":null,"11":null,"12":null,"13":null,"14":null,"15":null,"16":null,"17":null,"18":0.142725,"19":null,"20":null,"21":null,"22":0.047575,"23":null,"24":null,"25":null,"26":0.542355,"27":null,"28":null,"29":0.009515,"30":null,"31":0.009515,"32":0.085635,"33":0.104665,"34":null,"35":0.085635,"36":0.87538,"37":0.180785,"38":0.028545,"39":0.199815,"40":29.09687,"41":0.047575,"42":0.028545,"43":null},"opera":{"9":null,"9.5-9.6":null,"10.0-10.1":0,"10.5":null,"10.6":null,"11":null,"11.1":null,"11.5":null,"11.6":null,"12":null,"12.1":0.01903,"15":null,"16":null,"17":null,"18":null,"19":null,"20":null,"21":null,"22":null,"23":null,"24":null,"25":null,"26":null,"27":0.333025,"28":null,"29":null},"safari":{"3.1":null,"3.2":null,"4":0.07612,"5":0.30448,"5.1":0.390115,"6":0.485265,"6.1":0.104665,"7":1.67464,"7.1":0.523325,"8":1.741245},"android":{"2.1":0,"2.2":0,"2.3":0.0338269726583,"3":0,"4":0.0683660921094,"4.1":0.220231395675,"4.2-4.3":0.372808846034,"4.4":0.696479563364,"4.4.3-4.4.4":0.320822130159,"37":0},"ios_saf":{"3.2":0,"4.0-4.1":0,"4.2-4.3":0,"5.0-5.1":0.00664823526458,"6.0-6.1":0.0204112486193,"7.0-7.1":0.258348089668,"8":0.0555185962446,"8.1":0.820648830204},"op_mob":{"10":0,"11":0,"11.1":0,"11.5":0,"12":3.44705046198e-6,"12.1":2.06823027719e-5,"0":null},"ie":{"5.5":null,"6":0.142725,"7":0.03806,"8":5.99445,"9":2.0933,"10":1.493855,"11":22.34122,"0":null},"ie_mob":{"10":0.246903289474,"11":0.524246710526},"bb":{"7":0.01067,"10":null},"and_uc":{"0":null},"op_mini":{"5.0-8.0":0.00240087064677},"and_chr":{"0":1.179565},"and_ff":{"0":0.02522}},"total":97.453605}