{"id":"VC","name":"Saint Vincent and the Grenadines","month":"2015-02","access_date":"2015-03-01","data":{"firefox":{"2":null,"3":null,"3.5":null,"3.6":0.04389,"4":null,"5":0.008778,"6":null,"7":0.008778,"8":0.008778,"9":null,"10":null,"11":0.070224,"12":null,"13":0.017556,"14":0.026334,"15":0.017556,"16":0.04389,"17":null,"18":null,"19":null,"20":null,"21":0.008778,"22":null,"23":0.035112,"24":null,"25":0.008778,"26":0.052668,"27":null,"28":null,"29":0.026334,"30":0.008778,"31":0.210672,"32":0.17556,"33":0.140448,"34":0.245784,"35":6.62739,"36":0.904134,"37":0.052668,"38":null,"39":null},"chrome":{"4":null,"5":null,"6":null,"7":null,"8":null,"9":null,"10":0.008778,"11":0.061446,"12":null,"13":null,"14":0.070224,"15":null,"16":null,"17":null,"18":null,"19":null,"20":0.008778,"21":0.035112,"22":0.122892,"23":null,"24":0.017556,"25":null,"26":0.017556,"27":0.08778,"28":0.035112,"29":0.008778,"30":0.079002,"31":0.079002,"32":0.070224,"33":0.21945,"34":0.105336,"35":0.228228,"36":1.632708,"37":0.359898,"38":0.342342,"39":1.562484,"40":59.55873,"41":0.860244,"42":0.596904,"43":null},"opera":{"9":null,"9.5-9.6":null,"10.0-10.1":0,"10.5":null,"10.6":null,"11":null,"11.1":null,"11.5":null,"11.6":null,"12":null,"12.1":0.052668,"15":null,"16":null,"17":null,"18":null,"19":null,"20":0.035112,"21":null,"22":null,"23":null,"24":null,"25":null,"26":0.008778,"27":0.605682,"28":0.052668,"29":null},"safari":{"3.1":null,"3.2":null,"4":0.008778,"5":0.052668,"5.1":0.237006,"6":0.026334,"6.1":0.13167,"7":0.193116,"7.1":0.210672,"8":0.649572},"android":{"2.1":0,"2.2":0,"2.3":0.100822940015,"3":0,"4":0.20376846824,"4.1":0.6564104042,"4.2-4.3":1.11117492837,"4.4":2.07589127019,"4.4.3-4.4.4":0.95622598898,"37":0},"ios_saf":{"3.2":0,"4.0-4.1":0,"4.2-4.3":0,"5.0-5.1":0.0106100128527,"6.0-6.1":0.0325746008635,"7.0-7.1":0.412301376644,"8":0.0886029143488,"8.1":1.30968509529},"op_mob":{"10":0,"11":0,"11.1":0,"11.5":0,"12":0.000427309168443,"12.1":0.00256385501066,"0":null},"ie":{"5.5":null,"6":0.026334,"7":0.017556,"8":0.79002,"9":0.553014,"10":1.211364,"11":6.820506,"0":null},"ie_mob":{"10":0.143590359649,"11":0.304883640351},"bb":{"7":0.156416,"10":null},"and_uc":{"0":0.463138},"op_mini":{"5.0-8.0":0.297620835821},"and_chr":{"0":4.000092},"and_ff":{"0":0.065988}},"total":98.987758}