{"id":"VE","name":"Venezuela","month":"2015-02","access_date":"2015-03-01","data":{"firefox":{"2":0.0747,"3":0.1079,"3.5":0.0332,"3.6":0.9462,"4":0.0415,"5":0.0249,"6":0.0332,"7":0.0166,"8":1.5853,"9":0.0166,"10":0.0332,"11":0.0415,"12":0.083,"13":0.0415,"14":0.0747,"15":0.0249,"16":0.0581,"17":0.0249,"18":0.0415,"19":0.0415,"20":0.0498,"21":0.0332,"22":0.0332,"23":0.1909,"24":0.0498,"25":0.0581,"26":0.0747,"27":0.0996,"28":0.0747,"29":0.1079,"30":0.1743,"31":0.249,"32":0.2241,"33":0.2656,"34":0.332,"35":13.2717,"36":0.7387,"37":0.0166,"38":null,"39":null},"chrome":{"4":0.0166,"5":0.0166,"6":0.249,"7":null,"8":0.0332,"9":0.0166,"10":0.0166,"11":0.0913,"12":0.0249,"13":0.0581,"14":0.0083,"15":0.0083,"16":null,"17":null,"18":0.0581,"19":null,"20":0.1079,"21":0.0249,"22":0.0332,"23":0.0249,"24":0.0415,"25":0.0332,"26":0.0498,"27":0.0664,"28":0.0332,"29":0.0581,"30":0.083,"31":0.1826,"32":0.0996,"33":0.1909,"34":0.2739,"35":0.5478,"36":0.6308,"37":0.7304,"38":0.9794,"39":2.6975,"40":44.7536,"41":0.1743,"42":0.0664,"43":null},"opera":{"9":null,"9.5-9.6":null,"10.0-10.1":0,"10.5":null,"10.6":null,"11":null,"11.1":null,"11.5":null,"11.6":0.0083,"12":null,"12.1":0.0498,"15":null,"16":null,"17":null,"18":null,"19":null,"20":null,"21":null,"22":null,"23":null,"24":null,"25":null,"26":0.0249,"27":0.7055,"28":0.0083,"29":null},"safari":{"3.1":null,"3.2":null,"4":0.0581,"5":0.0664,"5.1":0.1245,"6":0.0332,"6.1":0.0747,"7":0.0913,"7.1":0.1494,"8":0.3071},"android":{"2.1":0,"2.2":0,"2.3":0.125318224348,"3":0,"4":0.253274727103,"4.1":0.815887597463,"4.2-4.3":1.38113874623,"4.4":2.58023628236,"4.4.3-4.4.4":1.1885444225,"37":0},"ios_saf":{"3.2":0,"4.0-4.1":0,"4.2-4.3":0,"5.0-5.1":0.00978827191485,"6.0-6.1":0.0300517120193,"7.0-7.1":0.38036881213,"8":0.0817406566924,"8.1":1.20825054724},"op_mob":{"10":0,"11":0,"11.1":0,"11.5":0,"12":0.00176886993603,"12.1":0.0106132196162,"0":null},"ie":{"5.5":null,"6":0.0879041248606,"7":0.140646599777,"8":2.07453734671,"9":0.817508361204,"10":0.650490523969,"11":4.09633221851,"0":null},"ie_mob":{"10":0.11539122807,"11":0.24500877193},"bb":{"7":0.28815,"10":null},"and_uc":{"0":0.1734},"op_mini":{"5.0-8.0":1.23201791045},"and_chr":{"0":6.2659},"and_ff":{"0":0.2108}},"total":98.036269175}