{"id":"VG","name":"British Virgin Islands","month":"2015-02","access_date":"2015-03-01","data":{"firefox":{"2":0.00847,"3":0.05929,"3.5":0.00847,"3.6":0.05929,"4":null,"5":0.02541,"6":null,"7":0.02541,"8":null,"9":null,"10":null,"11":null,"12":null,"13":0.01694,"14":0.02541,"15":0.00847,"16":0.04235,"17":null,"18":null,"19":null,"20":null,"21":null,"22":0.03388,"23":0.05929,"24":0.00847,"25":0.00847,"26":0.03388,"27":0.01694,"28":0.03388,"29":0.02541,"30":0.07623,"31":0.11011,"32":0.12705,"33":0.03388,"34":0.36421,"35":8.57164,"36":0.48279,"37":0.01694,"38":null,"39":null},"chrome":{"4":null,"5":null,"6":null,"7":null,"8":null,"9":null,"10":null,"11":0.0847,"12":0.01694,"13":null,"14":null,"15":null,"16":null,"17":0.01694,"18":null,"19":null,"20":null,"21":0.13552,"22":0.01694,"23":0.03388,"24":null,"25":0.02541,"26":0.02541,"27":0.00847,"28":0.01694,"29":0.24563,"30":0.03388,"31":0.33033,"32":0.06776,"33":0.60137,"34":0.05929,"35":0.11011,"36":0.5082,"37":0.29645,"38":0.21175,"39":1.59236,"40":32.46551,"41":0.04235,"42":0.12705,"43":null},"opera":{"9":null,"9.5-9.6":0.00847,"10.0-10.1":0,"10.5":null,"10.6":null,"11":null,"11.1":null,"11.5":null,"11.6":null,"12":null,"12.1":0.1694,"15":null,"16":null,"17":null,"18":null,"19":null,"20":null,"21":null,"22":null,"23":null,"24":null,"25":null,"26":null,"27":0.22022,"28":null,"29":null},"safari":{"3.1":null,"3.2":null,"4":0.1694,"5":0.09317,"5.1":0.46585,"6":0.24563,"6.1":0.6776,"7":0.29645,"7.1":1.61777,"8":2.57488},"android":{"2.1":0,"2.2":0,"2.3":0.054126593201,"3":0,"4":0.109392693627,"4.1":0.352392609419,"4.2-4.3":0.596532032436,"4.4":1.11443806633,"4.4.3-4.4.4":0.51334800499,"37":0},"ios_saf":{"3.2":0,"4.0-4.1":0,"4.2-4.3":0,"5.0-5.1":0.0302200733005,"6.0-6.1":0.0927809267999,"7.0-7.1":1.17434144492,"8":0.252364120896,"8.1":3.73032343408},"op_mob":{"10":0,"11":0,"11.1":0,"11.5":0,"12":0.000123965884861,"12.1":0.000743795309168,"0":null},"ie":{"5.5":null,"6":0.0642323644252,"7":0.385394186551,"8":5.0009483731,"9":5.18446941432,"10":3.38596321041,"11":15.5809363991,"0":null},"ie_mob":{"10":0.0769093421053,"11":0.163300657895},"bb":{"7":0.0891225,"10":null},"and_uc":{"0":0.05355},"op_mini":{"5.0-8.0":0.086342238806},"and_chr":{"0":6.84595},"and_ff":{"0":0.07956}},"total":98.9124164479}