{"id":"VI","name":"Virgin Islands (US)","month":"2015-02","access_date":"2015-03-01","data":{"firefox":{"2":null,"3":0.062512,"3.5":null,"3.6":0.031256,"4":0.007814,"5":0.007814,"6":null,"7":null,"8":null,"9":null,"10":0.007814,"11":null,"12":0.015628,"13":0.054698,"14":0.007814,"15":0.015628,"16":0.031256,"17":0.031256,"18":0.007814,"19":0.007814,"20":0.007814,"21":0.07814,"22":0.007814,"23":0.015628,"24":0.015628,"25":0.007814,"26":0.046884,"27":null,"28":0.070326,"29":0.031256,"30":0.210978,"31":0.320374,"32":0.218792,"33":0.109396,"34":0.367258,"35":10.330108,"36":0.609492,"37":null,"38":0.015628,"39":null},"chrome":{"4":null,"5":null,"6":null,"7":null,"8":null,"9":null,"10":null,"11":0.101582,"12":0.007814,"13":null,"14":null,"15":null,"16":null,"17":null,"18":0.007814,"19":null,"20":null,"21":0.054698,"22":0.015628,"23":0.015628,"24":0.03907,"25":0.007814,"26":null,"27":0.031256,"28":0.03907,"29":0.023442,"30":null,"31":0.093768,"32":0.031256,"33":0.140652,"34":0.336002,"35":0.171908,"36":1.047076,"37":0.570422,"38":0.171908,"39":1.023634,"40":27.161464,"41":0.15628,"42":0.125024,"43":null},"opera":{"9":null,"9.5-9.6":null,"10.0-10.1":0,"10.5":null,"10.6":null,"11":0.007814,"11.1":0.015628,"11.5":0.023442,"11.6":null,"12":0.015628,"12.1":0.023442,"15":null,"16":null,"17":null,"18":null,"19":null,"20":null,"21":null,"22":null,"23":null,"24":null,"25":null,"26":0.007814,"27":0.320374,"28":null,"29":null},"safari":{"3.1":null,"3.2":null,"4":0.101582,"5":0.328188,"5.1":0.85954,"6":0.148466,"6.1":0.648562,"7":0.828284,"7.1":1.336194,"8":2.047268},"android":{"2.1":0,"2.2":0,"2.3":0.068050300447,"3":0,"4":0.137533238798,"4.1":0.443043271858,"4.2-4.3":0.749985942821,"4.4":1.40111987026,"4.4.3-4.4.4":0.645403375819,"37":0},"ios_saf":{"3.2":0,"4.0-4.1":0,"4.2-4.3":0,"5.0-5.1":0.0534366042775,"6.0-6.1":0.164059749975,"7.0-7.1":2.07652769254,"8":0.446242519932,"8.1":6.59613943328},"op_mob":{"10":0,"11":0,"11.1":0,"11.5":0,"12":4.97171286425e-5,"12.1":0.000298302771855,"0":null},"ie":{"5.5":null,"6":0.00784213321332,"7":0.196053330333,"8":1.54490024302,"9":1.25474131413,"10":1.52137384338,"11":21.6050770027,"0":null},"ie_mob":{"10":0.426941140351,"11":0.906518859649},"bb":{"7":0.0158485,"10":null},"and_uc":{"0":0.056836},"op_mini":{"5.0-8.0":0.0346279800995},"and_chr":{"0":7.412314},"and_ff":{"0":0.080882}},"total":98.6837303668}