{"id":"VN","name":"Viet Nam","month":"2015-02","access_date":"2015-03-01","data":{"firefox":{"2":null,"3":0.146937,"3.5":0.020991,"3.6":0.062973,"4":0.06997,"5":0.041982,"6":0.020991,"7":0.020991,"8":0.013994,"9":0.027988,"10":0.020991,"11":0.034985,"12":0.104955,"13":0.034985,"14":0.034985,"15":0.027988,"16":0.034985,"17":0.055976,"18":0.020991,"19":0.034985,"20":0.027988,"21":0.034985,"22":0.034985,"23":0.027988,"24":0.041982,"25":0.048979,"26":0.048979,"27":0.062973,"28":0.034985,"29":0.06997,"30":0.083964,"31":0.713694,"32":0.538769,"33":0.160931,"34":0.251892,"35":5.485648,"36":0.517778,"37":0.020991,"38":null,"39":null},"chrome":{"4":null,"5":null,"6":null,"7":null,"8":null,"9":null,"10":0.048979,"11":0.06997,"12":0.062973,"13":0.020991,"14":0.020991,"15":0.034985,"16":0.020991,"17":0.020991,"18":0.013994,"19":0.006997,"20":null,"21":0.041982,"22":0.181922,"23":0.104955,"24":0.041982,"25":0.048979,"26":0.076967,"27":0.097958,"28":0.146937,"29":0.272883,"30":0.146937,"31":0.328859,"32":0.258889,"33":0.258889,"34":0.328859,"35":0.384835,"36":0.937598,"37":1.315436,"38":0.83964,"39":2.288019,"40":23.321001,"41":0.202913,"42":0.090961,"43":null},"opera":{"9":null,"9.5-9.6":0.020991,"10.0-10.1":0,"10.5":null,"10.6":null,"11":null,"11.1":null,"11.5":null,"11.6":null,"12":null,"12.1":0.041982,"15":null,"16":null,"17":null,"18":null,"19":null,"20":null,"21":null,"22":null,"23":null,"24":null,"25":0.013994,"26":0.013994,"27":0.307868,"28":null,"29":null},"safari":{"3.1":null,"3.2":null,"4":0.188919,"5":0.020991,"5.1":0.034985,"6":0.020991,"6.1":0.027988,"7":0.272883,"7.1":0.083964,"8":0.363844},"android":{"2.1":0,"2.2":0,"2.3":0.107719629899,"3":0,"4":0.21770704148,"4.1":0.701311485186,"4.2-4.3":1.18718371057,"4.4":2.21789048508,"4.4.3-4.4.4":1.02163564778,"37":0},"ios_saf":{"3.2":0,"4.0-4.1":0,"4.2-4.3":0,"5.0-5.1":0.0423845452355,"6.0-6.1":0.130127989758,"7.0-7.1":1.64704855608,"8":0.353948132142,"8.1":5.23188877678},"op_mob":{"10":0,"11":0,"11.1":0,"11.5":0,"12":0.0049132238806,"12.1":0.0294793432836,"0":null},"ie":{"5.5":null,"6":0.106754228571,"7":0.115650414286,"8":6.82337444286,"9":0.907410942857,"10":1.00526898571,"11":1.62800198571,"0":null},"ie_mob":{"10":1.13936190789,"11":2.41919309211},"bb":{"7":0.0375375,"10":null},"and_uc":{"0":3.480477},"op_mini":{"5.0-8.0":3.42206043284},"and_chr":{"0":5.828103},"and_ff":{"0":0.063063}},"total":82.3622765}