{"id":"VU","name":"Vanuatu","month":"2015-02","access_date":"2015-03-01","data":{"firefox":{"2":null,"3":0.098544,"3.5":null,"3.6":0.213512,"4":0.049272,"5":0.049272,"6":0.188876,"7":0.016424,"8":0.016424,"9":0.065696,"10":0.106756,"11":0.262784,"12":0.114968,"13":0.024636,"14":0.098544,"15":0.032848,"16":0.08212,"17":0.024636,"18":0.016424,"19":null,"20":0.024636,"21":0.04106,"22":0.032848,"23":0.073908,"24":0.090332,"25":0.188876,"26":0.008212,"27":0.517356,"28":0.090332,"29":0.098544,"30":0.320268,"31":0.188876,"32":0.262784,"33":0.188876,"34":0.541992,"35":14.510604,"36":1.634188,"37":0.008212,"38":null,"39":null},"chrome":{"4":0.016424,"5":null,"6":null,"7":null,"8":null,"9":null,"10":0.04106,"11":0.016424,"12":0.08212,"13":null,"14":0.032848,"15":null,"16":null,"17":null,"18":0.36954,"19":0.2053,"20":0.057484,"21":0.090332,"22":0.057484,"23":null,"24":0.024636,"25":0.024636,"26":null,"27":0.016424,"28":0.016424,"29":0.057484,"30":0.008212,"31":0.270996,"32":0.139604,"33":0.303844,"34":0.188876,"35":0.139604,"36":0.599476,"37":0.550204,"38":0.53378,"39":0.648748,"40":30.852484,"41":0.2053,"42":1.76558,"43":null},"opera":{"9":null,"9.5-9.6":null,"10.0-10.1":0,"10.5":null,"10.6":null,"11":null,"11.1":0.024636,"11.5":0.172452,"11.6":null,"12":0.090332,"12.1":0.098544,"15":null,"16":null,"17":null,"18":null,"19":null,"20":null,"21":null,"22":null,"23":null,"24":null,"25":null,"26":null,"27":0.221724,"28":null,"29":null},"safari":{"3.1":0.008212,"3.2":null,"4":0.008212,"5":0.377752,"5.1":0.648748,"6":0.024636,"6.1":0.12318,"7":0.147816,"7.1":0.344904,"8":1.35498},"android":{"2.1":0,"2.2":0,"2.3":0.166063357937,"3":0,"4":0.335622786568,"4.1":1.08115986194,"4.2-4.3":1.830193008,"4.4":3.41915713816,"4.4.3-4.4.4":1.57497984739,"37":0},"ios_saf":{"3.2":0,"4.0-4.1":0,"4.2-4.3":0,"5.0-5.1":0.0147465564816,"6.0-6.1":0.0452745155136,"7.0-7.1":0.573046010644,"8":0.123146682197,"8.1":1.82029423516},"op_mob":{"10":0,"11":0,"11.1":0,"11.5":0,"12":0.000322780383795,"12.1":0.00193668230277,"0":null},"ie":{"5.5":null,"6":0.0823044564241,"7":0.131687130279,"8":7.15225726325,"9":1.72839358491,"10":2.69135572507,"11":6.53497384007,"0":null},"ie_mob":{"10":0.306273421053,"11":0.650306578947},"bb":{"7":0.001788,"10":null},"and_uc":{"0":2.211756},"op_mini":{"5.0-8.0":0.224816537313},"and_chr":{"0":3.989816},"and_ff":{"0":0.407664}},"total":98.344432}