{"id":"WF","name":"Wallis and Futuna","month":"2015-02","access_date":"2015-03-01","data":{"firefox":{"2":null,"3":null,"3.5":null,"3.6":null,"4":null,"5":null,"6":0.411004,"7":null,"8":null,"9":null,"10":null,"11":null,"12":null,"13":null,"14":1.858859,"15":null,"16":0.112092,"17":1.195648,"18":null,"19":null,"20":null,"21":0.196161,"22":null,"23":0.084069,"24":0.046705,"25":null,"26":null,"27":null,"28":null,"29":0.112092,"30":0.046705,"31":0.523096,"32":0.242866,"33":0.196161,"34":0.112092,"35":22.820063,"36":1.503901,"37":null,"38":null,"39":null},"chrome":{"4":null,"5":null,"6":null,"7":null,"8":null,"9":null,"10":null,"11":null,"12":null,"13":null,"14":null,"15":null,"16":null,"17":null,"18":null,"19":null,"20":null,"21":null,"22":0.046705,"23":0.242866,"24":null,"25":0.308253,"26":0.504414,"27":null,"28":null,"29":2.839664,"30":null,"31":0.018682,"32":null,"33":0.130774,"34":0.149456,"35":null,"36":0.541778,"37":0.046705,"38":0.700575,"39":1.615993,"40":42.520232,"41":0.065387,"42":1.58797,"43":null},"opera":{"9":null,"9.5-9.6":null,"10.0-10.1":0,"10.5":null,"10.6":null,"11":null,"11.1":null,"11.5":null,"11.6":null,"12":null,"12.1":null,"15":null,"16":null,"17":null,"18":null,"19":null,"20":null,"21":null,"22":null,"23":null,"24":null,"25":null,"26":null,"27":0.28023,"28":null,"29":null},"safari":{"3.1":null,"3.2":null,"4":0.411004,"5":0.046705,"5.1":0.326935,"6":0.411004,"6.1":0.326935,"7":0.084069,"7.1":1.522583,"8":0.980805},"android":{"2.1":0,"2.2":0,"2.3":0.0396496163842,"3":0,"4":0.0801339615345,"4.1":0.258139870881,"4.2-4.3":0.436980508993,"4.4":0.816364733132,"4.4.3-4.4.4":0.376045309076,"37":0},"ios_saf":{"3.2":0,"4.0-4.1":0,"4.2-4.3":0,"5.0-5.1":0.0052465240486,"6.0-6.1":0.016107749272,"7.0-7.1":0.203878083643,"8":0.0438130780199,"8.1":0.647623565017},"op_mob":{"10":0,"11":0,"11.1":0,"11.5":0,"12":6.18251599147e-5,"12.1":0.000370950959488,"0":null},"ie":{"5.5":null,"6":null,"7":null,"8":2.073702,"9":0.28023,"10":1.176966,"11":3.969925,"0":null},"ie_mob":{"10":0,"11":0},"bb":{"7":0,"10":null},"and_uc":{"0":null},"op_mini":{"5.0-8.0":0.0430612238806},"and_chr":{"0":2.528154},"and_ff":{"0":null}},"total":98.167692}