{"id":"WS","name":"Samoa","month":"2015-02","access_date":"2015-03-01","data":{"firefox":{"2":null,"3":0.066465,"3.5":null,"3.6":0.17091,"4":2.725065,"5":null,"6":1.65213,"7":null,"8":0.03798,"9":0.01899,"10":0.41778,"11":0.142425,"12":0.370305,"13":null,"14":0.047475,"15":null,"16":0.53172,"17":0.13293,"18":0.066465,"19":0.294345,"20":null,"21":0.05697,"22":0.142425,"23":0.028485,"24":0.237375,"25":0.028485,"26":null,"27":0.03798,"28":0.066465,"29":0.104445,"30":0.3798,"31":0.58869,"32":0.72162,"33":3.76002,"34":0.93051,"35":24.76296,"36":0.89253,"37":null,"38":0.028485,"39":null},"chrome":{"4":0.028485,"5":null,"6":null,"7":null,"8":null,"9":null,"10":null,"11":null,"12":null,"13":null,"14":0.47475,"15":null,"16":null,"17":null,"18":null,"19":null,"20":null,"21":null,"22":null,"23":null,"24":null,"25":0.009495,"26":null,"27":null,"28":0.066465,"29":null,"30":0.01899,"31":0.199395,"32":0.01899,"33":0.142425,"34":0.047475,"35":0.07596,"36":0.389295,"37":0.58869,"38":0.39879,"39":0.977985,"40":28.52298,"41":0.066465,"42":0.028485,"43":null},"opera":{"9":null,"9.5-9.6":null,"10.0-10.1":0,"10.5":null,"10.6":null,"11":null,"11.1":null,"11.5":null,"11.6":null,"12":null,"12.1":null,"15":null,"16":null,"17":null,"18":null,"19":null,"20":null,"21":null,"22":null,"23":null,"24":null,"25":null,"26":null,"27":0.01899,"28":null,"29":null},"safari":{"3.1":0.01899,"3.2":null,"4":0,"5":0.28485,"5.1":0.218385,"6":0.028485,"6.1":0.199395,"7":0.275355,"7.1":0.085455,"8":0.218385},"android":{"2.1":0,"2.2":0,"2.3":0.0275810115397,"3":0,"4":0.0557426759538,"4.1":0.179566901445,"4.2-4.3":0.303971779811,"4.4":0.56787851128,"4.4.3-4.4.4":0.261584119971,"37":0},"ios_saf":{"3.2":0,"4.0-4.1":0,"4.2-4.3":0,"5.0-5.1":0.00791666984637,"6.0-6.1":0.0243055653178,"7.0-7.1":0.307639012451,"8":0.0661111376644,"8.1":0.97722261472},"op_mob":{"10":0,"11":0,"11.1":0,"11.5":0,"12":0.0003639445629,"12.1":0.0021836673774,"0":null},"ie":{"5.5":null,"6":0.18136716,"7":0.12409332,"8":4.98282408,"9":5.43146916,"10":2.0045844,"11":8.75335188,"0":null},"ie_mob":{"10":0.0446260526316,"11":0.0947539473684},"bb":{"7":0.03295125,"10":null},"and_uc":{"0":0.01515},"op_mini":{"5.0-8.0":0.25348738806},"and_chr":{"0":1.627315},"and_ff":{"0":0.053025}},"total":99.22670625}