{"id":"YE","name":"Yemen","month":"2015-02","access_date":"2015-03-01","data":{"firefox":{"2":0.009854,"3":0.054197,"3.5":0.019708,"3.6":0.137956,"4":0.123175,"5":0.024635,"6":0.108394,"7":0.034489,"8":0.073905,"9":0.113321,"10":0.14781,"11":0.202007,"12":0.335036,"13":0.123175,"14":0.118248,"15":0.167518,"16":0.202007,"17":0.202007,"18":0.202007,"19":0.211861,"20":0.118248,"21":0.19708,"22":0.103467,"23":0.290693,"24":0.206934,"25":0.162591,"26":0.369525,"27":0.221715,"28":0.305474,"29":0.349817,"30":0.650364,"31":0.64051,"32":0.699634,"33":0.763685,"34":0.970619,"35":7.691047,"36":0.606021,"37":0.019708,"38":null,"39":null},"chrome":{"4":0.039416,"5":0.088686,"6":0.083759,"7":null,"8":0.09854,"9":0.009854,"10":0.068978,"11":0.137956,"12":0.167518,"13":0.113321,"14":0.142883,"15":0.142883,"16":0.04927,"17":0.118248,"18":0.09854,"19":0.059124,"20":0.088686,"21":0.019708,"22":0.19708,"23":0.123175,"24":0.167518,"25":0.133029,"26":0.211861,"27":0.300547,"28":0.221715,"29":0.211861,"30":0.211861,"31":0.349817,"32":0.320255,"33":0.748904,"34":0.310401,"35":0.458211,"36":0.867152,"37":0.674999,"38":0.655291,"39":2.404376,"40":15.805816,"41":0.083759,"42":0.073905,"43":null},"opera":{"9":null,"9.5-9.6":null,"10.0-10.1":0.014781,"10.5":null,"10.6":null,"11":null,"11.1":0.004927,"11.5":0.029562,"11.6":0.029562,"12":0.044343,"12.1":0.157664,"15":null,"16":null,"17":0.004927,"18":0.024635,"19":0.009854,"20":0.009854,"21":null,"22":0.009854,"23":null,"24":0.014781,"25":0.014781,"26":0.059124,"27":0.517335,"28":0.024635,"29":null},"safari":{"3.1":null,"3.2":null,"4":0.024635,"5":0.029562,"5.1":0.034489,"6":0.009854,"6.1":0.004927,"7":0.024635,"7.1":0.024635,"8":0.083759},"android":{"2.1":0,"2.2":0,"2.3":0.293399663167,"3":0,"4":0.592976161347,"4.1":1.91018622809,"4.2-4.3":3.23357312985,"4.4":6.04094464373,"4.4.3-4.4.4":2.78266417382,"37":0},"ios_saf":{"3.2":0,"4.0-4.1":0,"4.2-4.3":0,"5.0-5.1":0.026218735114,"6.0-6.1":0.080496116578,"7.0-7.1":1.01885084697,"8":0.218949437092,"8.1":3.23640386424},"op_mob":{"10":0,"11":0,"11.1":0,"11.5":0,"12":0.0205804434968,"12.1":0.123482660981,"0":null},"ie":{"5.5":null,"6":0.089912722449,"7":0.0476008530612,"8":1.61842900408,"9":0.460141579592,"10":0.444274628571,"11":1.1953103102,"0":null},"ie_mob":{"10":0.05684875,"11":0.12070625},"bb":{"7":0.02156025,"10":null},"and_uc":{"0":9.111108},"op_mini":{"5.0-8.0":14.3342788955},"and_chr":{"0":6.61811},"and_ff":{"0":0.375402}},"total":98.316869348}