{"id":"YT","name":"Mayotte","month":"2015-02","access_date":"2015-03-01","data":{"firefox":{"2":0.029468,"3":0.007367,"3.5":0.029468,"3.6":0.044202,"4":0.029468,"5":0.007367,"6":null,"7":0.07367,"8":null,"9":null,"10":null,"11":0.014734,"12":0.022101,"13":0.029468,"14":null,"15":0.051569,"16":0.044202,"17":0.103138,"18":0.036835,"19":0.029468,"20":0.044202,"21":0.029468,"22":null,"23":0.014734,"24":0.044202,"25":0.014734,"26":0.110505,"27":0.058936,"28":0.036835,"29":0.176808,"30":0.213643,"31":0.125239,"32":0.139973,"33":0.235744,"34":0.316781,"35":12.789112,"36":0.832471,"37":0.022101,"38":null,"39":null},"chrome":{"4":null,"5":null,"6":null,"7":null,"8":null,"9":null,"10":0.014734,"11":0.081037,"12":null,"13":null,"14":null,"15":0.051569,"16":null,"17":null,"18":0.014734,"19":null,"20":null,"21":0.036835,"22":0.014734,"23":0.051569,"24":0.125239,"25":0.007367,"26":0.044202,"27":0.213643,"28":0.051569,"29":0.014734,"30":0.07367,"31":0.353616,"32":0.095771,"33":0.191542,"34":0.176808,"35":0.44202,"36":0.950343,"37":0.265212,"38":0.383084,"39":2.092228,"40":28.473455,"41":0.449387,"42":0.191542,"43":null},"opera":{"9":null,"9.5-9.6":null,"10.0-10.1":0,"10.5":null,"10.6":null,"11":null,"11.1":null,"11.5":null,"11.6":null,"12":null,"12.1":0.125239,"15":null,"16":null,"17":null,"18":0.014734,"19":null,"20":0.014734,"21":null,"22":null,"23":null,"24":0.014734,"25":0.014734,"26":0.022101,"27":1.245023,"28":null,"29":null},"safari":{"3.1":null,"3.2":null,"4":0.081037,"5":0.103138,"5.1":0.648296,"6":0.095771,"6.1":0.206276,"7":0.390451,"7.1":0.707232,"8":1.163986},"android":{"2.1":0,"2.2":0,"2.3":0.122324050317,"3":0,"4":0.247223343799,"4.1":0.796393948643,"4.2-4.3":1.34813979665,"4.4":2.51858781495,"4.4.3-4.4.4":1.16014704564,"37":0},"ios_saf":{"3.2":0,"4.0-4.1":0,"4.2-4.3":0,"5.0-5.1":0.0169385524651,"6.0-6.1":0.0520043277437,"7.0-7.1":0.658226205442,"8":0.141451771463,"8.1":2.09087114289},"op_mob":{"10":0,"11":0,"11.1":0,"11.5":0,"12":0.0011564989339,"12.1":0.00693899360341,"0":null},"ie":{"5.5":null,"6":0.066303,"7":0.117872,"8":2.239568,"9":0.788269,"10":0.987178,"11":10.203295,"0":null},"ie_mob":{"10":0.182935758772,"11":0.388425241228},"bb":{"7":0.03225425,"10":null},"and_uc":{"0":0.094788},"op_mini":{"5.0-8.0":0.805501507463},"and_chr":{"0":17.283647},"and_ff":{"0":0.173778}},"total":97.99036125}