{"id":"ZA","name":"South Africa","month":"2015-02","access_date":"2015-03-01","data":{"firefox":{"2":0.004112,"3":0.016448,"3.5":0.008224,"3.6":0.024672,"4":0.008224,"5":0.008224,"6":null,"7":0.008224,"8":0.004112,"9":0.008224,"10":0.016448,"11":0.032896,"12":0.06168,"13":0.012336,"14":0.016448,"15":0.012336,"16":0.032896,"17":0.012336,"18":0.012336,"19":0.04112,"20":0.024672,"21":0.02056,"22":0.012336,"23":0.012336,"24":0.032896,"25":0.016448,"26":0.02056,"27":0.057568,"28":0.024672,"29":0.04112,"30":0.078128,"31":0.090464,"32":0.078128,"33":0.127472,"34":0.180928,"35":5.028976,"36":0.402976,"37":0.016448,"38":0.008224,"39":null},"chrome":{"4":null,"5":null,"6":null,"7":null,"8":null,"9":null,"10":null,"11":0.037008,"12":0.012336,"13":null,"14":null,"15":null,"16":null,"17":null,"18":0.04112,"19":null,"20":0.008224,"21":0.02056,"22":0.016448,"23":0.008224,"24":0.008224,"25":0.012336,"26":0.098688,"27":0.016448,"28":0.024672,"29":0.02056,"30":0.016448,"31":0.086352,"32":0.037008,"33":0.094576,"34":0.074016,"35":0.176816,"36":0.316624,"37":0.18504,"38":0.312512,"39":0.949872,"40":15.000576,"41":0.119248,"42":0.057568,"43":null},"opera":{"9":null,"9.5-9.6":null,"10.0-10.1":0.004112,"10.5":null,"10.6":null,"11":null,"11.1":null,"11.5":null,"11.6":0.016448,"12":0.004112,"12.1":0.078128,"15":null,"16":null,"17":null,"18":0.004112,"19":null,"20":0.008224,"21":null,"22":0.008224,"23":null,"24":null,"25":0.008224,"26":0.04112,"27":0.361856,"28":null,"29":null},"safari":{"3.1":null,"3.2":null,"4":0.012336,"5":0.057568,"5.1":0.172704,"6":0.057568,"6.1":0.12336,"7":0.172704,"7.1":0.279616,"8":0.674368},"android":{"2.1":0,"2.2":0,"2.3":0.122932429566,"3":0,"4":0.248452910282,"4.1":0.800354817757,"4.2-4.3":1.35484477638,"4.4":2.5311140235,"4.4.3-4.4.4":1.16591704252,"37":0},"ios_saf":{"3.2":0,"4.0-4.1":0,"4.2-4.3":0,"5.0-5.1":0.0223092471132,"6.0-6.1":0.0684933025404,"7.0-7.1":0.866929515012,"8":0.18630178291,"8.1":2.75382215242},"op_mob":{"10":0,"11":0,"11.1":0,"11.5":0,"12":0.027510811656,"12.1":0.165064869936,"0":null},"ie":{"5.5":null,"6":0.0494614507587,"7":0.090679326391,"8":2.24225243439,"9":2.05677199405,"10":1.9619708801,"11":7.44394833918,"0":null},"ie_mob":{"10":0.699406596491,"11":1.48504140351},"bb":{"7":2.225664,"10":null},"and_uc":{"0":1.672192},"op_mini":{"5.0-8.0":19.1612803184},"and_chr":{"0":12.192896},"and_ff":{"0":0.123648}},"total":88.1717564249}