{"id":"ZM","name":"Zambia","month":"2015-02","access_date":"2015-03-01","data":{"firefox":{"2":0.012156,"3":0.012156,"3.5":0.018234,"3.6":0.06078,"4":0.045585,"5":0.027351,"6":0.018234,"7":0.024312,"8":0.057741,"9":0.054702,"10":0.063819,"11":0.048624,"12":0.088131,"13":0.042546,"14":0.088131,"15":0.069897,"16":0.048624,"17":0.027351,"18":0.054702,"19":0.042546,"20":0.054702,"21":0.051663,"22":0.03039,"23":0.042546,"24":0.033429,"25":0.042546,"26":0.051663,"27":0.057741,"28":0.042546,"29":0.130677,"30":0.209691,"31":0.164106,"32":0.148911,"33":0.258315,"34":0.370758,"35":6.093195,"36":0.88131,"37":0.024312,"38":0.009117,"39":0.003039},"chrome":{"4":0.012156,"5":0.012156,"6":0.009117,"7":0.003039,"8":null,"9":null,"10":0.012156,"11":0.027351,"12":0.024312,"13":0.021273,"14":0.015195,"15":0.006078,"16":0.045585,"17":null,"18":0.009117,"19":0.012156,"20":0.003039,"21":0.033429,"22":0.009117,"23":0.006078,"24":0.006078,"25":0.024312,"26":0.042546,"27":0.006078,"28":0.009117,"29":0.009117,"30":0.03039,"31":0.106365,"32":0.048624,"33":0.079014,"34":0.036468,"35":0.103326,"36":0.407226,"37":0.094209,"38":0.139794,"39":0.635151,"40":8.211378,"41":0.127638,"42":0.072936,"43":null},"opera":{"9":null,"9.5-9.6":0.006078,"10.0-10.1":0,"10.5":0.003039,"10.6":0.006078,"11":0.009117,"11.1":0.015195,"11.5":0.018234,"11.6":0.033429,"12":0.036468,"12.1":0.176262,"15":0.015195,"16":0.006078,"17":0.012156,"18":0.009117,"19":0.009117,"20":0.015195,"21":0.009117,"22":0.012156,"23":0.009117,"24":0.006078,"25":0.006078,"26":0.054702,"27":0.711126,"28":0.012156,"29":null},"safari":{"3.1":null,"3.2":null,"4":0.003039,"5":0.027351,"5.1":0.276549,"6":0.06078,"6.1":0.094209,"7":0.106365,"7.1":0.167145,"8":0.258315},"android":{"2.1":0,"2.2":0,"2.3":0.129385298888,"3":0,"4":0.261494498804,"4.1":0.842366393284,"4.2-4.3":1.42596218879,"4.4":2.66397520657,"4.4.3-4.4.4":1.22711741366,"37":0},"ios_saf":{"3.2":0,"4.0-4.1":0,"4.2-4.3":0,"5.0-5.1":0.0103985136058,"6.0-6.1":0.0319252610704,"7.0-7.1":0.404082590119,"8":0.0868367101115,"8.1":1.28357792509},"op_mob":{"10":0,"11":0,"11.1":0,"11.5":0,"12":0.056924851457,"12.1":0.341549108742,"0":null},"ie":{"5.5":null,"6":0.0580600110497,"7":0.0427810607735,"8":1.11536337017,"9":1.04813598895,"10":1.41483079558,"11":4.00919655249,"0":null},"ie_mob":{"10":0.572786495614,"11":1.21619050439},"bb":{"7":0.3793745,"10":null},"and_uc":{"0":5.833318},"op_mini":{"5.0-8.0":39.6481590398},"and_chr":{"0":5.320544},"and_ff":{"0":0.118337}},"total":91.785114279}