{"id":"ZW","name":"Zimbabwe","month":"2015-02","access_date":"2015-03-01","data":{"firefox":{"2":0.0073,"3":0.01825,"3.5":0.01095,"3.6":0.07665,"4":0.0365,"5":0.01825,"6":0.02555,"7":0.0292,"8":0.0292,"9":0.0292,"10":0.05475,"11":0.0657,"12":0.1022,"13":0.04745,"14":0.06935,"15":0.06205,"16":0.0511,"17":0.02555,"18":0.0219,"19":0.04745,"20":0.0438,"21":0.03285,"22":0.03285,"23":0.0365,"24":0.1022,"25":0.04015,"26":0.0438,"27":0.0657,"28":0.06205,"29":0.1898,"30":0.18615,"31":0.26645,"32":0.2701,"33":0.33215,"34":0.40515,"35":8.07015,"36":1.4527,"37":0.05475,"38":0.0073,"39":null},"chrome":{"4":null,"5":null,"6":null,"7":0.0073,"8":null,"9":null,"10":0.0073,"11":0.0292,"12":0.01825,"13":0.00365,"14":null,"15":0.00365,"16":0.01095,"17":null,"18":0.0073,"19":null,"20":null,"21":0.01095,"22":0.01095,"23":0.0073,"24":0.0073,"25":0.0292,"26":0.0219,"27":0.0146,"28":0.01095,"29":0.0365,"30":0.0219,"31":0.07665,"32":0.01825,"33":0.1241,"34":0.0438,"35":0.073,"36":0.33945,"37":0.11315,"38":0.1679,"39":0.58765,"40":10.34775,"41":0.06935,"42":0.06935,"43":null},"opera":{"9":null,"9.5-9.6":0.00365,"10.0-10.1":0,"10.5":null,"10.6":0.0073,"11":0.00365,"11.1":0.0073,"11.5":0.0146,"11.6":0.02555,"12":0.0219,"12.1":0.1752,"15":0.0073,"16":0.0073,"17":0.0073,"18":0.0146,"19":0.01095,"20":0.01825,"21":0.0146,"22":0.0146,"23":0.00365,"24":0.01095,"25":0.0146,"26":0.1168,"27":1.0512,"28":0.01825,"29":null},"safari":{"3.1":null,"3.2":null,"4":0.0073,"5":0.05475,"5.1":0.14965,"6":0.04745,"6.1":0.0511,"7":0.1022,"7.1":0.13505,"8":0.365},"android":{"2.1":0,"2.2":0,"2.3":0.0590769830544,"3":0,"4":0.119397692068,"4.1":0.384622252833,"4.2-4.3":0.651090539557,"4.4":1.21636398794,"4.4.3-4.4.4":0.560298544547,"37":0},"ios_saf":{"3.2":0,"4.0-4.1":0,"4.2-4.3":0,"5.0-5.1":0.00526988151421,"6.0-6.1":0.0161794607892,"7.0-7.1":0.204785746561,"8":0.0440081333467,"8.1":0.650506777789},"op_mob":{"10":0,"11":0,"11.1":0,"11.5":0,"12":0.0709737739872,"12.1":0.425842643923,"0":null},"ie":{"5.5":null,"6":0.0365150515464,"7":0.0438180618557,"8":2.01197934021,"9":1.07719402062,"10":1.50442012371,"11":4.15176136082,"0":null},"ie_mob":{"10":0.441185745614,"11":0.936764254386},"bb":{"7":0.0428625,"10":null},"and_uc":{"0":1.2065},"op_mini":{"5.0-8.0":49.4332335821},"and_chr":{"0":1.96435},"and_ff":{"0":0.06985}},"total":94.6235504588}